collection_id,embedding,document,cmetadata,custom_id,id
f39acabc-6b7e-4952-898d-9988b3067daa,"[-0.012470614,0.024399767,-0.04490132,0.040703524,-0.03823667,0.06081101,0.049004227,0.14232355,-0.018147076,0.01820971,-0.03504119,0.06886407,-0.023366444,-0.020512315,-0.0008106015,-0.0010252451,0.06473333,0.010400973,-0.06725156,0.081277296,-0.037701223,-0.042897254,0.036911123,0.041484572,0.027415726,0.024604037,-0.012659123,0.019171068,0.0069685676,-0.015838217,-0.0386093,-0.00645749,0.055169728,-0.030886116,0.041318808,0.008265351,-0.032295495,-0.05003423,-0.07113278,0.06952627,0.019684846,0.04768775,-0.07649578,-0.023480358,-0.06738492,-0.030721473,-0.045295164,-0.059107613,-0.033740524,0.105160706,-0.026504565,-0.051273905,0.01491952,-0.04802317,-0.042250413,-0.09764013,-0.06482746,-0.0058025685,-0.014452423,0.081996195,0.03260051,-0.05034528,0.021228395,-0.048549294,0.043487195,0.040482175,0.029512787,-0.11908305,0.05835121,-0.0008459358,0.002957235,-0.08266147,-0.03971568,-0.0031118186,-0.078131355,0.017736126,0.07215108,0.06798953,-0.010688535,-0.08547278,0.05422553,0.045647025,0.051117804,0.02533447,-0.021119386,-0.029654602,0.00086642173,0.074332684,0.04566944,0.0809211,0.07205206,0.0037288656,-0.0317968,-0.019813085,0.06428153,-0.10996928,-0.04725548,0.014078445,0.04724134,0.05666557,0.054419428,0.016818145,0.01609319,0.04011284,-0.027351938,-0.057649367,0.0048687877,-0.055095978,-0.019033296,-0.003420445,-0.12035781,0.00290003,0.0020101888,-0.02230555,-0.045874633,-0.020087333,0.07218208,-0.022006692,0.008925241,0.038018763,0.06866292,-0.026308205,0.0768617,-0.0021746324,-0.036515903,0.1303553,-0.05931888,1.3063385e-32,0.058016542,-0.074853815,0.026166087,0.01903633,-0.010884201,0.09066276,-0.088710725,-0.004050678,0.019651925,-0.09508,-0.05984885,0.0073102387,0.048751693,-0.023241743,-0.053122878,-0.024261164,-0.030502493,-0.0016157039,-0.020500088,0.00010306933,-0.0064737136,-0.02879976,-0.039091334,-0.03126996,-0.050159905,0.07071701,-0.029537337,-0.0013530136,-0.034005053,-0.006428594,-0.021166889,-0.074733995,-0.0034933407,-0.024445914,-0.03855519,0.048597958,0.0764872,-0.035202563,0.10360739,-0.11930426,0.018925976,0.008325964,0.006021209,0.0044793654,0.0539665,-0.09043336,-0.026933046,-0.04112614,0.038989022,0.006646366,-0.044208486,-0.010092856,0.005880395,-0.06385884,-0.071960464,0.067460686,-0.030700665,-0.001866987,0.024868766,0.028864026,0.010935737,0.04478742,0.051010445,-0.059116554,-0.023091922,0.010661621,-0.043829516,-0.055637635,-0.08068391,-0.04283563,-0.03967228,-0.004779362,0.15201682,-0.03137584,0.005091704,-0.0029697414,-0.04201439,0.05667201,-0.12366405,0.032007948,-0.02426425,-0.08562355,-0.07623681,0.022843732,-0.077045895,0.019847253,0.04321921,-0.07974693,-0.051867604,0.062069483,0.04770165,-0.03757628,-0.031941444,0.0433359,0.020285899,-1.376429e-32,0.05758441,0.03310177,-0.058466922,-0.010695653,0.07226177,-0.022604896,0.021954618,0.008549796,-0.098459855,-0.010553416,0.11993874,0.0004992437,-0.029278547,-0.037986126,-0.078532204,0.053444844,0.029039541,0.07597005,-0.021571394,-0.09768324,-0.028451484,-0.0024119169,-0.039873425,0.045745686,0.039775386,0.068032674,0.070317924,-0.0006930038,-0.057495285,0.008029665,-0.029306278,0.08557383,-0.051414236,0.016344143,0.017231267,0.0036318495,0.03327967,-0.090096846,-0.08186456,-0.058796346,0.07645821,0.07366482,-0.023329591,-0.038799565,0.07322602,0.11066275,0.027857913,-0.03751836,0.07416045,-0.026457684,0.06366129,0.02260647,-0.06785198,0.084910944,-0.024767837,0.019849299,-0.049628604,-0.11117871,-0.16329719,0.029913424,0.014342445,0.0707703,-0.0002970422,-0.055865716,0.039589893,-0.025839822,0.055662725,0.03244378,-0.006314357,0.04041887,-0.010564239,-0.027042786,0.058195665,-0.009998204,0.056239706,0.09363118,-0.0072783157,0.010444371,-0.05100463,-0.032700654,-0.01885904,-0.025998494,-0.050471783,0.05754045,0.028583169,0.0357634,-0.018601201,0.10376275,-0.03389954,0.0008776873,-0.04850596,-0.0057870066,-0.061345223,0.09132623,0.06380357,-6.848051e-08,0.103710994,-0.04557959,-0.054611944,-0.028683795,-0.044924434,-0.070392266,-0.05352616,-0.006769725,-0.05817965,0.088350736,-0.049667425,0.054571096,-0.10086074,-0.032834306,-0.05048764,-0.016364757,-0.020143583,0.00084645406,0.0044636764,-0.052975502,0.0011711571,-0.07214547,0.0024443339,-0.064822435,0.0024829148,0.01708081,-0.020690925,0.04009405,0.039548516,-0.026770992,0.06832957,0.04360469,-0.021206498,-0.03516885,-0.04114145,-0.039418947,0.061773956,0.044099875,-0.018898508,0.07808064,-0.010339775,-0.057303548,-0.041902013,0.022165257,-0.041342814,0.031591102,-0.015780237,0.008078442,0.010299641,-0.06042079,0.025264576,0.05246716,0.0033533573,0.066751085,-0.056741614,0.033497628,-0.010472982,-0.0037537422,-0.019859571,-0.02844145,-0.00568115,-0.045067392,-0.009262142,0.05954251]","Title: Wirkstoff aktuell 5/2010 Agomelatin

URL Source: https://www.kbv.de/documents/infothek/publikationen/wirkstoffaktuell/Agomelatin.pdf

Published Time: Wed, 25 Jun 2025 08:40:01 GMT

Number of Pages: 2

Markdown Content: Zur Behandlung von Episoden einer Major Depression bei Erwachsenen.

Wirkstoff AKTUELL Wirkstoff AKTUELL KBV EINE INFORMATION DER KBV IM RAHMEN DES § 73 (8) SGB V IN ZUSAMMEN-

ARBEIT MIT DER ARZNEIMITTELKOMMISSION DER DEUTSCHEN ÄRZTESCHAFT

ONLINE UNTER: HTTP://AIS.KBV.DE

A u s g a b e 0 5 / 2 0 1 0

Agomelatin

Agomelatin (Valdoxan ®) ist kein Mittel der ersten Wahl bei der Behandlung von Episoden einer Major Depression

bei Erwachsenen. Studien zur Wirksamkeit gegen Placebo ergaben zusammenfassend einen geringen klinischen

Effekt. In der Gesamtbewertung ergibt sich kein Hinweis auf einen Behandlungsvorteil von Agomelatin gegenüber

kostengünstigeren Nichtselektiven Monoamin-Rückaufnahmeinhibitoren (auch tri- und tetrazyklische Antide-","{""source"":""/home/sigillus/Schreibtisch/educx/Projekt_KI/markdowns/Agomelatin.md""}",49a5e605-8aab-463b-a2d9-618dafd9ec81,24b51bb5-7547-4b1d-b199-6abf8e0eae58
f39acabc-6b7e-4952-898d-9988b3067daa,"[-0.007401419,0.008441166,-0.050952982,0.020053606,-0.09910637,0.08561501,-0.021842072,0.12037233,0.029212125,-0.00023895579,-0.06271242,0.02696109,-0.034536302,0.0068958737,0.05958106,0.052326865,0.06590502,0.043217763,-0.040796958,0.090558074,0.019972859,-0.060045496,0.073228285,0.08041892,0.029389374,0.028702818,-0.026182583,0.009050333,-0.015513624,0.03962605,-0.00076142943,0.020895999,0.04437478,-0.038020913,0.016577495,-0.0031260725,0.00908606,-0.054428358,-0.0049516866,0.08692598,0.01086097,0.046434678,-0.097993284,0.011252593,-0.031412706,-0.06402423,-0.055589482,-0.05377961,-0.027239112,0.043445967,-0.07049749,-0.05017943,-0.0029964547,-0.036250543,-0.043004125,-0.058274902,-0.023152385,0.029629871,0.036042117,0.069073714,-0.04295005,-0.034935724,0.049097694,-0.029087212,-0.00038336744,0.012238767,-0.031096747,-0.11192536,0.07689166,0.010947536,-0.020605199,-0.09398957,0.012984883,-0.0075414595,-0.10216777,-0.011631656,0.064616196,0.01607871,-0.070751615,-0.05501813,0.07756787,0.06852326,0.05753327,0.031019729,0.0056209443,-0.024643779,0.012044072,0.13601662,0.027254146,0.034496143,0.061921142,0.002537149,-0.069197,0.016768537,0.05655191,-0.07973433,-0.05579088,0.06328482,0.054058768,0.022651335,0.038674332,-0.045039687,-0.068563275,0.02847447,-0.04683787,0.012102651,-0.0051077264,-0.108681284,-0.019098083,0.029343134,-0.09278137,-0.028143318,-0.054850746,0.049082205,-0.0077266623,-0.006749342,0.005841125,0.054711893,0.06160678,0.035001338,0.074392445,-0.031203682,0.119044505,-0.052333422,0.028031182,0.07450812,-0.0378672,9.392731e-33,0.02241844,-0.03174098,0.028299363,0.035963573,-0.07541429,0.07680662,-0.037537955,0.025646893,0.05726878,-0.09012555,-0.09844675,0.024904171,0.0014781308,0.020793099,-0.08811226,-0.07031678,0.027903844,-0.060785845,0.023303932,-0.025224486,-0.01876435,0.015684944,-0.02564475,0.050518148,-0.11321517,0.046156276,-0.038932588,0.03415925,0.0041490174,0.0034550726,0.037436336,-0.078635074,0.011657635,0.008223843,0.0072430843,0.02483696,0.010565513,0.04698275,0.065376244,-0.018417645,-0.042663284,0.039939016,-0.007612372,-0.024278115,0.010532077,-0.056593034,-0.11496509,0.0023933884,0.05270348,0.0173852,-0.025193708,-0.04277744,-0.010366541,-0.009768546,-0.10587455,0.007543349,-0.059419297,-0.0024358043,0.0068609426,0.06458076,-0.02307041,-0.031016028,0.07062652,-0.09570958,-0.022817587,0.0655057,-0.033398572,-0.0007452581,-0.046122815,-0.01255837,-0.0018287436,0.033846576,0.07013305,0.03078552,0.04317379,-0.015837936,0.06859561,0.070727885,-0.08557333,0.020911112,0.027197627,-0.04375483,-0.049441483,0.046596907,-0.06893352,-0.018534593,0.010914211,-0.027778437,-0.0008494743,0.10621764,0.028478779,-0.087282725,0.026366713,-0.007952192,-0.0061647263,-1.0650908e-32,0.031522527,-0.018930444,-0.047332764,-0.013283461,-0.019930247,0.06967383,0.02842587,-0.023083812,-0.095353015,0.013017557,0.15632276,-0.01578613,-0.002991504,-0.052324567,-0.030764498,0.05160873,-0.029951937,0.026402375,-0.082172126,-0.0670705,0.00999717,-0.04068343,-0.086758114,-0.00061965134,0.12716985,0.025665803,0.047766387,0.0026549594,0.014752315,0.014293842,-0.033428706,0.039297335,-0.0548461,0.022814803,0.079693094,0.03641708,0.015886357,-0.05709053,-0.11580966,-0.032140348,0.011762431,0.090893194,0.02276719,0.003650795,0.05555051,0.085965484,-0.024106229,-0.0440849,0.0063261567,0.012385993,0.03037776,-0.015135115,-0.018430443,0.015564863,-0.03495676,0.0070054177,-0.024564492,-0.085860915,-0.058369253,0.044958465,0.032607637,-0.0049136644,-0.009856658,-0.04124628,0.027233973,-0.021752845,0.037284523,0.035988618,-0.0071072313,0.05277509,0.06445751,0.041984957,0.10850802,0.025098091,-0.029966015,0.020279964,-0.039833896,-0.048928294,-0.10312536,-0.045612857,-0.024766453,-0.051353317,-0.013103431,-0.032598242,-0.0566389,-0.007985824,0.037694428,0.069933705,-0.057703573,-0.006081673,-0.04169318,-0.0070797876,-0.05512317,0.0831903,0.10544913,-5.6793198e-08,0.080052204,-0.096883126,-0.024413178,-0.019255761,-0.0330607,-0.024723515,-0.05395212,0.00060437416,-0.01980298,0.042313978,-0.0108957,0.03189209,-0.029580787,-0.018556988,-0.14884043,0.008538464,0.034341432,0.032718357,0.04411156,-0.022749681,-0.0021075404,-0.051497545,-0.055790253,-0.08360226,0.02036075,-0.021421159,-0.05356186,0.11828665,0.01887914,-0.090120465,0.04551806,0.035770465,0.016855922,-0.041288733,-0.100298785,-0.042260822,0.011114034,0.0071747773,-0.07518734,0.071232505,0.0077282805,-0.06742102,-0.06374552,0.007204211,0.040623054,-0.028572574,0.052866384,-0.024063187,-0.027457017,0.025478821,-0.010156787,0.11941911,-0.019456971,0.03814021,-0.092489906,0.06363434,-0.035494596,0.009066059,-0.04097109,-0.06702793,-0.039169893,-0.0442896,0.034118973,-0.034435388]","pressiva genannt) und Selektiven Serotonin-Rückaufnahmeinhibitoren.

Indikation

Empfehlungen zur wirtschaftlichen Verordnungsweise

Wirkungsweise

Agomelatin ist ein Agonist an Melatonin (MT 1- und MT 2-) sowie

ein Antagonist mit geringerer Affinität an 5-HT(Serotonin) 2c - und

5-HT 2B -Rezeptoren. Diese Eigenschaften von Agomelatin sollen

zu einer antidepressiven Wirkung führen, die Bedeutung des Me-

latoninagonismus für die antidepressive Wirkung ist aber unklar.

Agomelatin wird oral resorbiert, die absolute Bioverfügbarkeit ist

gering (< 5 % der oralen therapeutischen Dosis). Die Pharmako-

kinetik ist hochgradig variabel. Dies könnte der Hintergrund dafür

sein, dass es in kontrollierten Studien nicht gelang, eine Dosis-

Wirkungsbeziehung festzustellen. So war in einer Studie eine

Tagesdosis von 5 mg gleich wirksam wie eine Tagesdosis von

100 mg. In einer anderen Studie war bereits 1 mg pro Tag wirk-

sam. Agomelatin wird vorwiegend durch CYP1A2 in der Leber","{""source"":""/home/sigillus/Schreibtisch/educx/Projekt_KI/markdowns/Agomelatin.md""}",769661d3-6d37-4ec9-b91e-3cd9bab7748c,ba228ce6-2642-42d4-89b9-85cc17bf0692
f39acabc-6b7e-4952-898d-9988b3067daa,"[-0.040418897,0.012060061,-0.009815945,0.04860653,0.009369839,0.07458256,-0.015796203,0.14806214,0.02550497,-0.021559257,-0.037250202,0.030230964,0.024819804,0.041930806,-0.04613181,0.02664885,0.06235586,0.017377889,-0.043034527,0.020910174,0.00022028344,-0.032142024,0.021055063,0.092393346,-0.002457873,0.033894867,-0.02674409,0.04120896,0.002340995,0.02693582,0.0018865498,0.047937453,-0.009470626,0.008153803,-0.00046471183,-0.027489118,-0.006764532,-0.049796607,-0.050455943,0.06724392,0.04531813,-0.00817176,-0.1289653,0.002893843,-0.036481585,-0.06551996,-0.023071606,0.006269636,-0.04040484,0.07577623,-0.03279277,-0.002939073,0.05513542,-0.0016780505,-0.028242307,-0.05795742,-0.050599564,0.055084474,-0.004390313,0.041131932,-0.076610975,-0.0008106003,0.085793346,-0.001362683,0.035850264,0.050321307,-0.067515835,-0.08685088,0.06401945,-0.0008780399,-0.06400255,-0.09084388,-0.0028727374,-0.047285724,-0.09400795,-0.024630329,-0.010924261,0.0035025615,-0.069282696,-0.094478324,0.09103676,0.02412242,-0.005415996,0.039551657,0.020640215,-0.033509742,0.010169474,0.10792396,0.0035641768,0.013505001,0.0927203,0.034333255,-0.11580104,0.016195932,0.011652251,-0.0974863,-0.06313644,0.03759064,0.0013508446,0.03504858,0.0475803,0.023860028,-0.04335056,0.036888007,-0.063017584,-0.041164838,0.020118559,-0.08534244,0.011798051,0.051228676,-0.09975829,-0.074754216,-0.057055373,-0.011562523,0.0040458255,0.0071806055,-0.005109932,0.03752697,0.03762277,0.00030071381,0.0379225,-0.04134079,0.068327144,-0.02351809,0.088939846,0.12097187,-0.07848695,1.4715298e-32,0.04101772,-0.08053928,-0.0007821574,0.062162273,-0.040044833,0.09017119,0.0054892767,0.03140492,0.059976272,-0.04853353,-0.096131906,0.05187151,-0.049952324,0.016217634,-0.09050652,-0.040960953,0.06570625,-0.03182023,0.043262757,-0.08355561,-0.0072532943,-0.07149704,-0.03320451,0.019960133,-0.05437486,0.0578839,-0.02416739,0.07910974,-0.0017519742,-0.021911018,0.01002513,-0.08269927,-0.007573176,-0.040672023,-0.041999534,-0.011954183,0.03350592,0.01704746,0.049491435,-0.011397034,-0.08386541,0.0074322103,0.07046205,-0.08084665,0.08176182,-0.0732472,-0.19853547,-0.040168375,0.030616526,0.043521702,0.011198335,-0.047999844,0.020546392,-0.048188306,-0.082347535,-0.005683798,-0.12132613,-0.0104930615,0.0103945825,0.028871123,-0.040318884,0.052470393,-0.0114569925,-0.124713294,0.02325991,0.08610053,-0.07845617,-0.07148683,-0.054055635,0.04720301,-0.04645397,0.029624773,0.03825271,0.06515696,0.124702826,0.014342625,0.00497477,0.05873013,-0.008437923,0.038736958,-0.00903868,-0.11643996,-0.026491255,0.06253586,-0.034340613,-0.03546046,0.03738841,-0.06320467,-0.018090514,0.048304778,0.076315716,-0.037773173,0.024684303,0.027952578,-0.0047732443,-1.6350029e-32,0.091777585,0.025093395,-0.004568978,-0.056155182,0.049272254,0.04495068,-0.005695339,-0.03479272,-0.010375519,0.0054595084,0.1093187,-0.009141293,0.0020334984,-0.030111015,-0.020936947,0.069168344,0.014044287,-0.0016069714,-0.06656062,-0.016171275,-0.06738577,-0.040808678,-0.011240417,0.04566157,0.034265585,-0.029441629,0.1284202,-0.039853357,0.016296221,0.015682312,-0.0061180578,0.083424106,-0.07559661,0.0077417633,0.03848153,0.023783823,-0.0186374,-0.04786591,-0.08851375,0.013637575,0.020830812,0.024539903,0.0073373117,-0.032454345,0.053131185,0.040616214,-0.0066430876,-0.08623964,-0.037890475,-0.0031329868,0.012615724,0.05695618,0.009691141,0.04105969,0.041229058,0.014636631,-0.039238174,-0.067341276,-0.077397466,0.02287515,0.07241602,0.035173286,-0.030228684,-0.053949736,0.0011109705,-0.035165586,0.023277955,0.031378914,0.038385235,0.048735622,0.035550084,-0.019617291,0.04986858,0.00010235733,0.0061911573,0.016937384,-0.055069063,0.0074326536,-0.036322612,-0.02932483,-0.011623552,-0.031617574,-0.058524843,-0.08720244,-0.055183034,-0.068451166,0.041172724,0.10675669,0.021160075,-0.019615334,-0.033528283,0.018587437,-0.11132847,0.054917667,0.051768698,-7.238794e-08,0.041113164,-0.092039764,0.023705382,0.010070565,-0.053793453,-0.0124769015,0.0050603338,0.030410817,-0.05851668,0.0300591,0.0019527285,0.05954327,-0.034667857,-0.034591924,-0.04857831,0.0010869814,0.04917908,-0.009963693,0.040109456,-0.01669573,0.014506154,-0.057837848,-0.0702085,-0.05426982,0.03511481,-0.046881635,-0.01163034,-0.02277517,0.003984839,-0.050546933,0.02350617,0.048606176,0.021836787,-0.0402968,0.0035266718,0.012636831,0.036083985,0.027361153,-0.06402755,0.09367057,-0.022503285,-0.007870517,-0.07939616,-0.015052158,0.034665328,-0.061908294,0.08389972,-0.01965579,-0.04682894,-0.105980605,-0.011369522,0.105309226,-0.007390555,-0.009197456,0.010182465,0.017025666,-0.047461633,-0.0110779805,-0.08785094,-0.08132086,-0.0052734637,-0.021822162,0.053377226,-0.011353444]","sam. Agomelatin wird vorwiegend durch CYP1A2 in der Leber

metabolisiert. Die Hauptmetaboliten, hydroxyliertes und deme-

thyliertes Agomelatin, sind nicht aktiv, werden konjugiert und

vorwiegend im Urin (zu 80 %) ausgeschieden (4;5). Aufgrund der

durchschnittlichen Halbwertzeit von < 1,5 Stunden kann sich die

Behandlung nicht an Serumspiegeln (Therapeutisches Drug

Monitoring) orientieren.

Antidepressiva sollten bei leichten Formen der Depression nur

verordnet werden, wenn die Symptome einer Depression trotz

anderer Interventionen (aktiv beobachtendes Abwarten

[„watchful waiting“], stützende Psychotherapie, Psychoedu-

kation auch der Angehörigen) weiterhin persistieren (1–3).

Zur Verbesserung der Sicherheit der Pharmakotherapie mit

Antidepressiva sollten vor und während der Therapie klini-

sche und labortechnische Untersuchungen zum Ausschluss

von Kontraindikationen und zum Monitoring von uner-

wünschten Wirkungen (UAW) durchgeführt werden (1;2).","{""source"":""/home/sigillus/Schreibtisch/educx/Projekt_KI/markdowns/Agomelatin.md""}",a3fa76bd-14f0-4bea-9d75-7abc5a7c490c,4d606024-8752-4647-8e3d-f66836fa61bb
f39acabc-6b7e-4952-898d-9988b3067daa,"[-0.023329182,-0.05198108,-0.093824565,0.030195104,-0.031552516,0.067358516,-0.026851423,0.1175047,0.026616598,-0.0116689,-0.014469731,0.031550966,0.040396478,0.06876881,0.037892576,0.042912554,0.019847665,-0.03348528,-0.041813955,0.099111006,-0.007841829,-0.030560633,-0.032396592,0.08160317,-0.029838534,0.06046942,-0.016830046,0.028741783,-0.0146341305,0.039308418,-0.019211829,-0.044618312,0.01221617,-0.0014410262,0.047456685,-0.052453097,-0.024521183,-0.03184094,0.0024490599,0.0965037,0.007036183,0.002304237,-0.13291195,-0.04260082,-0.04722751,-0.045182426,-0.06979532,-0.03819644,-0.030504856,0.034083486,0.016997902,-0.02739506,-0.022742001,0.05441074,0.026174473,-0.09709551,-0.0135812685,0.00789405,-0.017765999,0.09311714,-0.074487805,-0.025507892,0.08698803,-0.09032267,0.05060919,0.036230568,-0.046789985,-0.07637714,0.102278985,-0.0011778182,-0.02029314,-0.12208354,0.012123719,0.048004203,-0.09348599,-0.042191003,0.04123366,0.062187765,-0.08246627,-0.0914568,0.05033844,0.008389969,0.058916822,0.06640615,0.006820815,0.035666186,-0.02345752,0.0947767,0.02004655,0.07987797,0.07693191,-0.002253008,-0.06725991,-0.041599,0.08401124,-0.14969464,-0.08518782,0.02556136,0.024104223,-0.03270773,0.046522424,-0.009892033,-0.088379994,0.033491697,-0.015596267,-0.029040808,0.05249396,-0.10302267,-0.039491486,0.018386194,-0.10715375,-0.012815982,-0.010911719,0.021231731,-0.06261727,0.008895751,-0.005549554,0.033621438,-0.002637596,0.058113083,0.026060984,-0.011701975,0.09053019,0.02073684,0.0649634,0.11931519,-0.047677465,1.0885753e-32,0.029050147,-0.048761778,0.009913648,0.010227631,-0.00796326,0.096163474,-0.0013923055,0.05901572,0.039888564,-0.07548517,-0.098572254,0.03274269,-0.005569809,0.023220362,-0.03430347,-0.047186237,0.047992617,-0.08223956,-0.025051674,-0.07211033,0.029653143,-0.029309003,-0.00020702994,0.031170165,-0.095663086,0.060711972,-0.03957429,0.09293317,0.0181534,-0.013421281,0.018638454,-0.08456091,0.013129528,0.014591077,-0.015889563,0.010905133,0.01188879,0.047144875,0.029579578,-0.00056973594,-0.003646608,0.04761096,-0.020596325,-0.013137136,0.061056275,-0.082312986,-0.14861895,0.025685126,0.09124344,0.0044914344,-0.027004918,-0.0378331,-0.007584308,-0.039771006,-0.09474232,0.023712516,-0.06843906,-0.03195586,0.021194387,0.004630619,-0.010685359,-0.00595085,0.0035464773,-0.1016799,0.054155253,0.11071699,-0.0016551766,-0.02395248,-0.05292692,-0.061827198,-0.009744447,-0.026025895,0.12063981,0.031035872,0.030029379,-0.03489934,-0.022698175,0.080111444,-0.032021757,-0.0023387696,0.017633544,-0.03592129,-0.034388363,0.05521766,-0.034141224,-0.0015319571,-0.0005051427,-0.014155281,-0.08030765,0.1278353,0.0801642,-0.07187526,0.008827244,-0.007103243,-0.03157834,-1.2765334e-32,0.03258972,0.010644575,-0.06779299,-0.049973547,0.021787133,0.051366746,-0.0036516755,-0.045234527,-0.038221046,0.05521019,0.086165406,0.036358032,-0.015145465,-0.030517096,-0.07472283,0.09795682,-0.060521416,0.036454476,-0.0479027,-0.07492758,0.009195093,-0.0701594,0.004424066,0.03229964,0.08958415,0.025301859,0.099249214,0.020970155,-0.013468872,-0.020745555,-0.01916687,0.06638679,-0.08611106,-0.0500508,-0.002776335,-0.004288712,-0.030074162,-0.03837955,-0.08848304,-0.05462019,-0.036721468,0.071399614,0.018146127,0.005957333,0.056210082,0.063274756,-0.051855985,-0.066642255,0.006311814,0.010662146,-0.031530745,-0.007315077,-0.021189807,0.05857542,-0.02421059,-0.014955646,-0.048339475,-0.022165088,-0.06424779,0.02554183,0.062443115,0.016610537,-0.05405134,-0.032177858,-0.034973916,-0.01403986,0.059790157,0.04235086,0.075547606,-0.012031522,0.014511969,-0.006502546,0.07526241,-0.02156012,-0.038978226,-0.014321343,-0.059609614,-0.019918906,-0.05918444,-0.036049586,-0.039018024,-0.019087393,-0.06668718,-0.00013996061,-0.04921931,-0.0062714224,0.05934505,0.07963171,-0.037604805,-0.032433305,0.01151751,0.008988241,-0.051431656,0.057663143,0.09074076,-6.3534436e-08,0.08834037,-0.11111783,-0.0016893527,0.016836498,0.01736959,-0.07313808,-0.0027310706,0.020175306,-0.058574215,0.029766388,-0.015667764,0.026598336,-0.06490747,-0.062508665,-0.09323835,-0.035503566,0.0443066,0.0054945373,0.035582352,-0.011635324,0.01011201,-0.07629659,-0.040212855,-0.021040298,0.06316416,-0.0036276577,-0.026149359,0.01347173,-0.0057391394,-0.026574086,0.047676813,0.0050525623,0.041158475,-0.026899606,-0.04702834,-0.027828878,0.057166565,0.049051847,-0.05683831,0.044287026,0.038568374,-0.057655443,-0.041668154,0.021757994,0.07280425,0.0021662798,0.01701736,-0.016827349,0.0009986135,-0.059880476,0.030270755,0.06224328,0.016203366,0.027647348,-0.072278045,0.07824911,-0.06987942,-0.022308877,-0.005986871,0.009237992,-0.022802036,-0.0048241206,0.033148434,0.0096342005]","wünschten Wirkungen (UAW) durchgeführt werden (1;2).

In der Gesamtbewertung ergibt sich kein Hinweis auf einen

Behandlungsvorteil gegenüber den Gruppen der Nichtselek-

tiven Monoamin-Rückaufnahmeinhibitoren (NSMRI) und der

Selektiven Serotonin-Rückaufnahmeinhibitoren (SSRI) (4).

Nur bei individuellen Unverträglichkeiten der First-line-

Antidepressiva aus der Wirkstoffgruppe der NSMRI und

SSRI und der Second-line-Antidepressiva aus der Gruppe der

selektiven Serotonin- und Noradrenalin-Rückaufnahme-

inhibitoren (SSNRI) könnte Agomelatin ein Mittel der

Reserve sein. Die erhöhte Lebertoxizität von Agomelatin ist

bei der Verordnung zu beachten (5).

Patienten sollten wegen des Risikos der Induktion von

Suizidgedanken bei Einleitung einer Therapie mit Agomela-

tin (5) eine Verordnungsmenge für zunächst nur zwei

Wochen erhalten. In diesem Zeitraum ist ein engmaschiger

Arzt-Patienten-Kontakt wichtig.

Nach erfolgreicher Therapie muss die Medikation für min-","{""source"":""/home/sigillus/Schreibtisch/educx/Projekt_KI/markdowns/Agomelatin.md""}",50d0864f-c244-43dc-98e3-33800779efd0,5f16cec4-a07b-4ec8-907a-ac1da3503cf1
f39acabc-6b7e-4952-898d-9988b3067daa,"[-0.016772883,0.014264583,-0.096376,0.013200886,-0.03792216,-0.02813162,0.025338074,0.1714358,0.02998584,-0.026755167,0.004397623,0.06164695,-0.010875398,0.043261796,-0.06862816,0.0033781286,0.09315745,-0.026321042,-0.044437073,0.055350274,-0.052555688,-0.060866233,0.0106436815,0.032960694,-0.018102175,-0.030074289,-0.09953217,0.013244013,0.016183937,-0.009480918,0.0615233,0.03916597,-0.015177273,-0.06284275,-0.01617262,0.023296973,-0.018513147,-0.057058103,-0.08579091,0.083939984,0.038387857,-0.00091822114,-0.18392137,0.063252375,0.00912772,-0.023727061,-0.03266836,0.012503305,-0.10297457,0.14300744,-0.04396017,-0.0603784,-0.009950439,-0.0027739215,-0.053030442,-0.11557988,-0.08935297,-0.046535958,0.009909299,0.043457545,-0.052774508,-0.06206572,0.036013167,0.00028586495,-0.02449881,0.038157415,-0.019841973,-0.12862524,0.08491814,0.0067252223,0.03399151,-0.07530193,0.002276656,0.0028041592,-0.082139514,-0.004397006,0.036559097,0.026805615,-0.00993878,-0.07681871,0.052474704,-0.009959179,0.045799833,0.06135131,0.018267294,-0.06977052,-0.008990506,0.11425238,0.017135274,0.03276206,0.100937106,0.08954106,-0.05414456,0.0015138165,0.044490933,-0.087353654,-0.09352569,0.017482467,-0.0049807974,0.022561148,0.0007167149,-0.025307346,-0.092027895,0.0006040768,0.013024215,-0.032216717,0.016897961,-0.04888374,-0.04676179,0.08444397,-0.057099175,0.056919824,0.022076074,9.436733e-05,-0.032959003,-0.0019949598,0.036481146,-0.011833828,0.07274597,-0.05025007,-0.036114357,-0.004026416,0.06381495,-0.14249745,-0.006743052,0.08056455,0.043084525,1.2733184e-32,-0.042717475,-0.08374369,0.033310585,0.013131621,0.008731952,0.10519655,-0.057787914,0.03501571,0.092305034,-0.10784045,-0.036625452,-0.03682792,0.03040576,0.033094965,-0.07364879,-0.0172102,0.05124272,-0.007061773,-0.03161741,-0.030660136,-0.013393164,-0.014665995,-0.05188097,-0.0019999417,-0.028956713,0.05579027,-0.050918467,0.025431149,-0.033270005,-0.011051933,0.0032333485,-0.040169567,0.0027240019,-0.038514003,-0.0628054,0.03042047,0.044730768,0.021514775,0.009167297,-0.07772435,0.038122542,0.015393034,-0.0044395206,-0.035963397,0.10860929,-0.06501343,-0.08880083,0.023367738,0.07211965,0.007502847,-0.05992793,-0.041026924,-0.024851609,-0.04479181,-0.10853625,0.07396906,-0.086778745,0.06117957,0.024245461,0.012836212,-0.03634738,0.0011103542,0.06850939,-0.08185954,0.05805862,0.031238724,-0.031993777,-0.026340881,-0.07143002,-0.013294421,0.0072499863,0.0019702853,0.062248163,-0.024052031,0.023455817,0.008087923,0.04616438,0.03299232,-0.0004956788,0.020696051,0.042800054,-0.10024205,-0.027693195,0.07172822,-0.03218662,-0.014308084,0.015902821,-0.000712645,-0.007711553,0.059423324,0.09620039,-0.065435685,-0.050281845,0.0019101741,0.047714792,-1.4497558e-32,0.022017179,0.0061112754,-0.021148372,0.041852593,0.08001143,0.018636001,0.01307954,0.075386636,-0.018179225,-0.05131268,0.032534108,-0.016232487,-0.04596144,-0.042042013,-0.0023629398,0.124791816,-0.04767599,0.0067901784,-0.038005527,-0.0135250585,-0.027661234,-0.017652439,-0.021838529,0.06925031,0.106459014,0.054053072,0.09057628,-0.032449316,-0.023168059,-0.080078565,-0.0545392,0.032058988,-0.04121741,0.00062071736,0.025210498,-0.022681618,0.04022791,-0.029803142,-0.030583825,-0.030303774,-0.052941907,0.055741567,-0.04226096,-0.039706428,0.015821727,0.081608735,-0.010086063,-0.11421613,0.025219802,-0.005876042,0.032362077,-0.03322505,-0.06974747,0.060616437,-0.014700678,-0.010874026,-0.02785972,-0.07767013,-0.09723029,0.013677992,0.06293295,0.022197513,0.044424735,-0.07648555,0.023217313,0.020233268,-0.0040999996,0.03676247,-0.016936112,0.01599126,0.047110982,0.027819613,-0.012282874,-0.03596931,0.006192101,0.024411818,0.062157217,-0.052397694,-0.09255978,-0.06437775,-0.09470576,-0.030150054,-0.08461374,0.018457249,-0.053458694,-0.017538883,0.012060353,-0.029860985,-0.04067598,0.05384924,-0.014483594,0.01028546,-0.07364411,0.13196437,0.07579925,-6.67626e-08,0.07483747,-0.042060304,-0.012721021,0.028074523,0.008717744,-0.059425328,-0.029270053,0.044040773,-0.050159175,0.061174102,0.052668363,0.0637065,0.0089223925,-0.01735891,-0.06727777,-0.027390825,-0.023918321,-0.05657263,0.009483745,-0.01271758,-0.012626696,-0.04503809,-0.004725148,-0.0861614,0.05387207,0.003974537,-0.002144452,0.0763597,0.03928591,-0.06859877,0.016918182,0.024173468,0.044408422,-0.0022202355,-0.0074028904,-0.00794065,0.039127264,0.015296384,-0.04895917,0.028713109,0.011188061,-0.07783877,-0.032015473,0.024538716,-0.0019200637,-0.041111276,-0.055238396,0.031604577,0.0026698667,-0.002913391,-0.03173973,0.07161628,0.0030777534,0.0074218097,-0.039089505,0.066977285,-0.017584123,-0.04009575,0.043249574,-0.019580238,-0.03960716,0.004875178,0.013534292,-0.03252131]","Arzt-Patienten-Kontakt wichtig.

Nach erfolgreicher Therapie muss die Medikation für min-

destens sechs bis zwölf Monate in voller Dosis weitergeführt

werden (1). Für rezidivierende Verläufe kann Agomelatin

wegen fehlender Daten nicht empfohlen werden.

Wirksamkeit

Laut Europäischem Öffentlichen Bewertungsbericht (EPAR)

der Europäischen Arzneimittelbehörde (EMA) liegen sieben

doppelblinde, randomisierte, placebokontrollierte Kurzzeitstudien

(6 Wochen, in einer Studie 8 Wochen) vor. Drei dieser Studien

zeigten einen signifikant höheren Prozentsatz von Respondern

unter 25 bis 50 mg/Tag Agomelatin als unter Placebo (gemessen Nebenwirkungen, Risiken und Vorsichtsmaßnahmen (4;5)

Nebenwirkungen

häufig (≥ 1/100, < 1/10): Kopfschmerzen, Schwindel,

Schläfrigkeit, Schlaflosigkeit, Migräne, Übelkeit, Diarrhoe,

Obstipation, Oberbauchschmerzen, vermehrtes Schwitzen,

Rückenschmerzen, Angst, erhöhte AST - und/oder ALT -Werte

(> 3-fach höher als der obere Normbereich)","{""source"":""/home/sigillus/Schreibtisch/educx/Projekt_KI/markdowns/Agomelatin.md""}",41d78e97-a944-446d-8de3-eb96985115bb,596a4b52-a39f-422b-b394-04d057f03e11
f39acabc-6b7e-4952-898d-9988b3067daa,"[0.002305114,-0.0060397717,-0.081078544,0.056906674,-0.02966749,0.03956348,-0.008959263,0.18400691,-0.08389826,-0.007419359,0.06902437,-0.012160619,0.040617343,0.04503747,-0.043765787,-0.02725541,0.03289742,0.015847633,-0.05673804,0.062334422,-0.0035674905,-0.013205275,0.035051018,0.039581537,0.0047216783,-0.0578488,-0.030830469,-0.007973129,0.038057957,0.041204248,-0.0028061233,-0.0543395,0.01681141,-0.045959067,0.0004983406,-0.0064906147,-0.047507185,-0.117197104,-0.13753898,0.07232692,0.01471132,-0.015686642,-0.18059863,-0.04328112,0.011364354,0.0068645747,0.0077486685,0.031222263,-0.11298485,0.10635775,-0.04009587,-0.0013865144,0.0015120206,0.07015541,-0.0042016967,-0.13787761,-0.07011721,-0.031881433,-0.08529493,0.013707179,-0.05621965,-0.025769146,0.0612974,-0.011064404,-0.029028125,0.015074264,0.030593436,-0.054632943,0.054777127,-0.00038396334,0.032595675,-0.09294411,0.00295929,0.101398036,-0.05771089,-0.040465757,-0.024319848,0.010504482,-0.0030989512,-0.0950087,-0.004611739,-0.06288122,0.037007954,0.034310468,0.01723163,-0.003870111,-0.036040686,0.051512726,-0.10523298,0.03682168,0.06678306,0.08840873,-0.060871366,-0.022050595,0.07646282,0.02406921,-0.0856801,-0.027085276,-0.035817124,-0.005408995,-0.027336128,0.007113917,-0.058779515,0.057037264,0.030088743,-0.040718332,0.0133024985,-0.10315717,-0.025431769,0.041169,0.009413395,-0.04057285,0.05311484,0.019245833,0.014202598,-0.03171789,-0.00029912087,-0.0052943677,0.119582854,-0.028919356,-0.006258012,-0.018007487,0.063855045,-0.05265939,0.06891555,0.11313224,-0.0009411627,1.4127216e-32,0.045075845,-0.03625933,-0.011904677,0.06846869,-0.033236064,0.095060125,-0.013803007,0.022086406,0.08130832,-0.08602087,-0.02806497,0.016986683,0.06308807,-0.00550597,-0.04387881,-0.0057936474,0.02204044,-0.0030598321,-0.037610695,-0.06732306,-0.016744096,0.051870823,0.011702355,0.020391185,-0.043732703,0.019473828,-0.07855116,-0.01967021,-0.036720157,-0.0009565273,0.07022552,-0.039170105,-0.03864993,-0.09425919,-0.143366,0.04794167,0.0331718,0.025451025,-0.056750562,-0.05884544,-0.05405531,-0.0017442735,0.016515495,-0.07108927,0.046330184,-0.0019494885,-0.0066976678,-0.016138932,0.005821022,-0.0019521402,-0.046431202,-0.0015114803,0.08325326,-0.08779009,-0.024285864,0.050324816,-0.046867754,0.018147778,3.094982e-05,0.009576602,0.017855471,0.018155102,0.057531014,-0.03717085,0.0666005,-0.017145403,-0.05250805,-0.08905073,-0.027512953,0.033475433,0.010252145,0.010755761,0.004723696,0.016302483,-0.019051185,0.015412828,-0.007030568,0.08394011,-0.09607697,-0.08131275,0.00015199945,-0.0062997635,0.03684611,0.035085227,0.04259384,-0.07422829,-0.0030010936,0.009880685,-0.022186328,0.0095072,0.08549616,-0.013973194,0.0076123127,0.06829873,-0.030833906,-1.575075e-32,-0.026610307,0.06045689,-0.06357095,0.028185856,0.079622485,0.048630368,-0.026959337,0.07241729,-0.029603766,-0.041002095,0.0697712,-0.0029002088,0.052875806,-0.025799515,-0.020614771,0.032034393,-0.06327926,0.006388553,-0.03935412,-0.057157103,0.03447188,0.00012098218,0.0072945333,0.073387116,0.089143224,0.030699285,0.06548746,-0.06768314,-0.09098641,-0.09959199,0.01844699,0.021792293,-0.041781474,-0.0755402,0.0061876182,-0.027572412,-0.043536384,0.032211997,-0.05397883,0.043564685,0.005921204,-0.0023913987,-0.056048162,-0.07701848,0.0668135,-0.05620375,0.0021784045,-0.119794846,0.058721945,0.003919433,-0.0032233272,0.0011105773,0.02976914,0.040202145,0.03164099,-0.020153787,-0.07375575,-0.054663874,-0.069477245,0.013592331,0.07335439,-0.01513046,-0.0026620042,0.02557968,-0.016029183,-0.0068483124,0.0026877567,-0.08434113,-0.0007768127,0.037493832,0.035810843,-0.07043267,0.010180207,-0.02395144,-0.04563822,-0.045461725,0.040955387,-0.04204278,-0.08740354,-0.024983654,-0.04636321,-0.07015066,0.049353678,0.02481785,-0.14016135,-0.0022763913,0.06688399,-0.0058818315,-0.0021569657,0.04193114,-0.033726513,-0.0072171683,-0.0570081,-0.035419866,0.026857767,-7.1664786e-08,0.03140719,-0.025833769,-0.029356126,-0.013529044,-0.014189813,-0.022874452,-0.003090794,0.08820101,-0.09848186,0.09420348,0.015785089,0.016220255,0.019244984,-0.0030928066,0.04248164,-0.053330388,0.011128858,0.07437345,-0.009612751,-0.04161741,-0.00569788,-0.07593958,-0.026857676,-0.09874188,0.054686207,-0.006900529,-0.042398605,-0.024627438,0.0021888914,-0.012674299,0.005172194,0.028976759,0.10265194,-0.002797449,-0.08736699,-0.023743784,0.06203438,0.089865915,-0.075757354,0.03482406,0.008054573,-0.06743477,0.04226865,0.049323432,0.024223803,-0.03387964,0.052363895,0.069868885,0.024718892,-0.05499732,0.034181003,0.04953624,0.026763627,-0.0252418,-0.047181953,0.07028248,-0.016714381,0.07855601,-0.021361325,0.0040760483,0.053942926,0.018776026,0.00853171,0.017298684]","(> 3-fach höher als der obere Normbereich)

gelegentlich (≥ 1/1000, < 1/100): Parästhesie, verschwom-

menes Sehen, Ekzem

selten (≥ 1/10.000, < 1/1000): erythematöser Ausschlag

Häufigkeit nicht bekannt: Suizidgedanken oder suizidales

Verhalten

Risiken

Patienten müssen regelmäßig auf klinische Verschlechterung

(Auftreten von suizidalem Verhalten oder Suizidgedanken,

ungewöhnliche Verhaltensänderungen) beobachtet werden.

Kontraindikationen und Wechselwirkungen

Agomelatin ist bei Patienten mit eingeschränkter Leberfunk-

Kosten","{""source"":""/home/sigillus/Schreibtisch/educx/Projekt_KI/markdowns/Agomelatin.md""}",87f60806-ff5b-472b-9c32-bddf9179f31c,71c26452-5c9c-4e90-ab4e-0dae8524a9ab
f39acabc-6b7e-4952-898d-9988b3067daa,"[-0.07240609,-0.009187123,-0.014680455,0.0054881196,-0.06987832,0.07558325,-0.009250006,0.18514845,-0.05414161,-0.037021715,0.012035264,0.044469878,0.04250432,0.033089805,-0.10310776,-0.05513061,0.047326066,-0.0029972068,-0.07968702,0.08614584,-0.0071530445,-0.06991382,0.03040401,0.04094007,0.019828334,0.013924409,-0.04413166,-0.007107816,0.020088205,0.022356637,-0.020645162,0.011545963,0.067230806,-0.08284832,0.038408455,0.017734205,0.0034082085,-0.02816794,-0.044245917,0.13729593,0.02036586,-0.029292336,-0.13282524,0.027193315,0.0035724877,-0.006162299,-0.027006766,-0.06805502,-0.104847685,0.12866065,-0.051087394,-0.06501826,0.050975174,0.039286822,-0.0076744077,-0.14469033,-0.09247902,-0.03594827,-0.01782221,0.038048472,-0.059939425,-0.02165849,0.044979893,-0.022526108,0.0011503675,0.028459782,0.022125274,-0.11273879,0.08558326,-0.020509413,0.0017846266,-0.013738972,-0.01732888,0.06347017,-0.07128929,-0.027986461,0.003936704,0.028032757,-0.009449447,-0.13428186,0.06551584,-0.01092292,0.045919977,0.004287496,-0.0392589,-0.04782252,0.0069085094,0.08809896,-0.02783265,0.029585252,0.05917369,0.10583664,-0.05995607,-0.028175179,0.047282863,-0.017563814,-0.04702328,0.04507378,0.014774042,-0.010825908,0.04955002,0.006081762,-0.029129993,0.04425426,-0.025516676,-0.098022275,-0.037798237,-0.11125695,-0.026327863,0.03672697,-0.015361792,-0.0046137176,-0.024950761,-0.009833949,-0.048736483,0.047652867,0.00064322504,-0.075844705,0.05730262,0.010253219,0.01809763,-0.047962144,0.09660651,-0.05035204,0.0061837034,0.06257379,0.01715833,1.6538243e-32,-0.037633307,-0.06874755,-0.026582338,0.10298968,-0.0018307709,0.043134883,-0.041673847,0.04164817,0.086021386,-0.08097806,-0.098219946,0.07668162,0.0035223132,-0.060026515,-0.09618817,-0.017310416,0.01185429,0.0084642,-0.0028671038,-0.041484345,0.060305644,-0.06748915,-0.0009883866,0.048145697,-0.010190165,0.10627514,-0.0023081375,0.018522058,0.007417636,0.010750357,0.0752188,-0.07673974,-0.020140694,-0.10023167,-0.04517256,-0.027605608,0.009936461,-0.03516972,0.03053894,-0.0914744,0.010901452,-0.020691976,0.01788193,-0.048680548,0.07960992,-0.024631104,-0.07284769,0.0092985965,0.09434479,-0.059919894,-0.0021537973,-0.021735586,-0.019394256,-0.056086678,-0.1005152,0.06588669,-0.07028525,-0.021424826,0.0014805546,0.01771235,0.001023053,0.09373559,0.060520943,-0.0032125965,0.028713746,0.0036596328,-0.11266314,-0.077802315,-0.049765654,0.0004962433,-0.0022322852,-0.07597549,0.039053362,0.03308558,0.019431751,0.03618013,0.0057570077,0.05856668,-0.07837053,0.005486124,-0.007759853,-0.059798673,0.018127544,0.020686978,-0.046549458,-0.07265665,-0.0015656869,-0.009452423,0.013637531,0.058919296,0.05405554,-0.0045142933,-0.04825781,0.0372953,0.05271352,-1.8292892e-32,0.036256,0.07213594,-0.040552128,0.015592349,0.052342586,0.08556282,0.0030742525,0.06320272,0.009894793,0.0010851594,0.037948433,0.0129037015,-0.026585322,-0.08103145,-0.043506417,0.09168069,-0.027237128,0.023835296,-0.05566777,-0.018541314,-0.026999377,-0.032168534,-0.04165668,0.072756544,0.05488702,0.09488793,0.09212985,-0.020391151,-0.05101434,-0.016388131,-0.026800666,0.009248608,-0.03781888,-0.0023732313,-0.028511891,-0.07511798,0.027430872,-0.06223292,-0.08844983,-0.0070620007,0.017564308,0.0343887,-0.04626819,-0.046141442,0.06489399,-0.010097711,-0.0018650066,-0.11569652,0.099248834,-0.06351922,0.042680494,0.001565013,-0.02159397,0.012069939,0.012951323,0.051010776,-0.03416445,-0.027876982,-0.06521922,-0.060727526,0.10987562,0.034145225,0.02160893,-0.048703536,0.032159667,0.036683414,0.001507219,0.0061660004,0.008737327,0.0012811867,0.038321372,-0.046371307,0.05156757,-0.03390765,-0.020610562,0.08877206,0.008910784,-0.06457757,-0.07526882,-0.02114455,-0.058687504,-0.023250781,-0.041430105,0.015226219,-0.046525776,0.0007234298,0.043523442,0.0054472517,-0.027973233,-0.02197664,-0.03452945,0.007320131,-0.098178074,0.07298129,0.08041498,-8.036552e-08,0.014286423,0.018571084,-0.014740306,-0.00074077566,-0.0042642495,-0.1156455,-0.034301765,0.02139226,-0.014502445,0.06302686,-0.06854548,0.041806903,0.0041449093,-0.0170266,-0.03145493,0.004385444,-0.04601871,0.03501461,-0.035737135,0.0074270675,-0.047444742,-0.044563375,0.006801341,-0.06356568,0.021377778,-0.028913379,-0.02925455,0.04832676,0.039786227,-0.009438571,0.00038860325,0.043993223,0.06645716,-0.028029792,-0.06144735,0.010711599,0.034964558,0.06291396,-0.06737556,0.016099628,-0.0036084785,-0.06853476,0.00026754354,0.026962107,-0.026460925,-0.022467647,-0.07810877,0.054483052,-0.016256165,-0.01688649,-0.012424234,0.051183116,-0.015569224,0.015554679,-0.039155353,0.07098148,-0.05485891,-0.034729853,-0.03055344,-0.04321537,-0.060270146,-0.057501495,0.049544513,0.027716093]","Agomelatin ist bei Patienten mit eingeschränkter Leberfunk-

Kosten

Stand Lauertaxe: 01.05.2010 1nach (6), 2Dosierung gemäß Fachinformation, 3Kostenberechnung bezogen auf die Tagesdosis der Fachinformation anhand des kostengünstigsten Präparates einschließ- lich Import; gesetzliche Pflichtrabatte der Apotheken und pharmazeutischen Unternehmen wurden berücksichtigt, 4300 mg Dosis nur für stationären Bereich. Die Kostentabelle zeigt nur anhand eines Vertreters der Wirkstoffklasse einen Kostenvergleich und erhebt keinen Anspruch auf Vollständigkeit.

Literatur

© Wirkstoff AKTUELL ist eine Information der KBV in Kooperation mit der ARZNEIMITTELKOMMISSION DER DEUTSCHEN ÄRZTESCHAFT .

Stand: 22. April 2010

tion (Leberzirrhose oder aktive Lebererkrankung) kontra-

indiziert.

Agomelatin ist für die Behandlung von Kindern und Jugend-

lichen unter 18 Jahren nicht zugelassen.

Keine gleichzeitige Anwendung von Agomelatin mit starken

CYP1A2-Inhibitoren (z. B. Fluvoxamin, Ciprofloxacin).","{""source"":""/home/sigillus/Schreibtisch/educx/Projekt_KI/markdowns/Agomelatin.md""}",9ccbb9a9-2116-448b-9a88-f2c20e7dd939,e5072c94-ec08-4338-9aeb-e9833d046b2a
f39acabc-6b7e-4952-898d-9988b3067daa,"[-0.043437336,0.044092912,-0.06139765,0.026569141,-0.048836663,0.07476203,-0.03981884,0.15448195,-0.02602902,-0.010687862,-0.05619364,0.062595285,0.02796101,0.047093567,-0.08518431,0.008873087,0.04128209,0.022832446,-0.0038310145,0.0075349645,-0.054717384,-0.008650803,0.06537113,0.05194846,0.028094318,0.019713202,-0.08838471,0.08183748,0.038339607,0.042729873,0.016104078,0.08165794,0.039447688,0.0039399154,0.02027315,-0.044924702,-0.03866424,0.0013020361,-0.017805452,0.021777662,0.023203542,0.04680942,-0.09863779,0.02877526,-0.021930935,-0.024057703,0.0022922806,-0.010329379,-0.0016597516,0.030608673,-0.030451031,0.0077275126,0.05876311,-0.0035439401,0.028177006,-0.06420213,-0.02635699,-7.89336e-05,-0.0010255657,0.10061298,-0.053691998,-0.062246546,0.064920396,0.011904369,0.06128628,-0.0028708102,-0.053412687,-0.07332718,0.013487115,0.024159806,-0.028091278,-0.09344593,0.005798425,-0.028751617,-0.060225587,0.016568836,0.0046297293,0.0024480773,-0.069846384,-0.07769494,0.10101128,-0.014525895,0.066607445,0.033781637,-0.013715683,-0.024655404,0.004594773,0.055155147,0.02140006,0.062473632,0.05148957,0.040657587,-0.06966498,0.046133194,-0.00391503,-0.09220721,-0.06884824,0.04714877,-0.00014956127,0.033737678,0.052628912,-0.023862619,0.031478643,-0.0032962,-0.05529419,-0.07037334,-0.026935127,-0.11346064,0.010799271,0.035231408,-0.12574065,-0.06004389,-0.078395344,0.013148081,0.026104815,0.008019652,0.040241227,-0.00026983034,0.0029290013,0.0035185325,0.046568774,-0.06272567,0.054574363,-0.009131871,-0.025605613,0.07142409,-0.11727103,1.0802344e-32,0.027764525,-0.06414875,-0.02767068,0.07890124,0.0044349506,0.058663968,-0.015554404,0.020037765,0.07665708,-0.087287694,-0.05778742,0.013305658,0.04199855,0.012929469,-0.13754486,-0.03589976,0.033933338,-0.09550665,0.0030323737,-0.10307616,0.014861979,0.01117747,-0.04262301,-0.04859833,0.020141887,0.04533801,-0.058061626,0.047150254,0.058717582,-0.03154021,0.015974933,-0.06044127,-0.06777988,-0.0012887832,0.018374324,0.046721887,0.010704862,-0.0011786206,0.034040473,-0.028567841,-0.05991808,-0.019213153,0.008722349,-0.08934017,0.09680791,-0.063987955,-0.18718837,-0.0016852046,0.020029273,0.038153667,0.09571621,-0.05431669,0.00026277578,-0.025556467,-0.088907644,0.009174084,-0.0798212,-0.021984836,0.048904136,-0.0016392821,-0.013878128,0.00271576,-0.03518975,-0.0559383,0.005911284,0.073661886,-0.070820175,-0.051982295,-0.10304078,0.07357974,-0.028331084,0.0028847007,0.051696695,0.011393912,0.08110002,0.003020612,-0.022493899,0.04018491,-0.04171903,0.09257889,0.02440312,-0.07161769,-0.09793883,0.011832444,-0.06355328,-0.03362976,0.0432752,-0.03158952,0.04314392,0.04402204,0.086634696,-0.08038079,0.04900931,0.042360872,0.03561377,-1.2743922e-32,0.034232054,0.015477631,0.018705627,-0.03073951,0.10098192,0.0025195766,-0.029441556,-0.06338907,0.029914953,-0.016091295,0.08011439,-0.080575556,0.023753915,-0.014100526,-0.0293386,0.02640448,-0.008101218,0.034165997,-0.10049011,0.00030825989,-0.059998013,-0.038696695,-0.033757806,0.030576225,0.037168894,-0.0004937988,0.109984994,0.0063122273,0.01499303,-0.0049428022,-0.05997086,0.04146083,-0.07397475,-0.014627944,0.012091157,0.012980513,-0.07127271,-0.047393776,-0.029210312,-0.0927562,-0.00072640413,0.067103304,0.020881226,0.033344354,0.08238322,0.069700435,-0.010137751,-0.07176148,-0.014721027,0.012197606,0.016239678,0.08025379,-0.045491893,0.03623335,0.029152717,0.024632739,0.028747462,-0.06890417,-0.048571136,0.022881348,0.05793323,0.030401027,-0.037403088,-0.012307052,0.024434589,-0.030074198,0.004864357,0.07007679,0.00028999467,0.08189017,0.037393797,0.012116305,0.012476115,0.011453081,-0.062441465,0.06762467,-0.07158586,0.049751956,-0.021483492,-0.015953785,-0.018592732,-0.05957588,-0.010867215,0.023956023,-0.06485077,-0.023097364,0.034961723,0.07337796,0.012609605,-0.06100128,0.0068436097,-0.030841945,-0.026222667,0.035579484,0.03862644,-5.867381e-08,0.053241774,-0.116374105,0.004150379,-0.053004216,0.006869007,-0.0466426,-0.015696391,0.047228593,-0.0030002873,0.009542657,-0.009904129,0.07387499,-0.021747492,-0.0680479,-0.059538674,0.03274597,0.014085603,-0.008743005,0.059742887,-0.0216637,-0.010170403,-0.037638094,-0.03078822,-0.04592309,-0.027942466,-0.016568506,-0.038151365,0.036895674,-0.0065147183,-0.04133612,0.0012626342,0.07716139,0.02846261,-0.05048491,-0.05808031,-0.020555882,0.11094139,-0.057231978,-0.0835758,0.034099117,0.048080087,-0.002669858,-0.035009652,-0.04605574,-0.024034085,-0.027533084,0.11793203,-0.032366365,-0.032711975,-0.10550493,0.009968539,0.13963515,-0.0073154415,-0.0109535055,0.0034589043,0.051347926,-0.054532092,0.019126644,-0.05175872,-0.038411167,-0.09501762,-0.031248545,0.08569161,0.034019683]","CYP1A2-Inhibitoren (z. B. Fluvoxamin, Ciprofloxacin).

Keine Anwendung von Agomelatin zur Behandlung von

depressiven Episoden bei älteren Patienten mit Demenz.

Vorsichtsmaßnahmen

Keine Anwendung während der Schwangerschaft und Still-

zeit.

Leberwerterhöhungen (auf das mindestens Dreifache der

Norm) unter Agomelatin circa drei Mal so häufig wie unter

Placebo. Regelmäßige Laborkontrollen (mindestens vor

Therapiebeginn sowie nach 6, 12 und 24 Wochen und weiter

nach klinischer Abschätzung).","{""source"":""/home/sigillus/Schreibtisch/educx/Projekt_KI/markdowns/Agomelatin.md""}",cc59f07b-7e14-492d-84f7-0b4a6ff9732b,bad99de3-62e1-4198-a136-73951591d3cc
f39acabc-6b7e-4952-898d-9988b3067daa,"[-0.041132506,0.08332823,-0.051782925,0.037732907,-0.034833062,0.07801737,-0.0743095,0.16967759,0.031819515,0.0006443787,-0.016611546,-0.0019003531,-0.024499536,0.014856718,-0.017161822,0.031527005,0.019622337,0.018344386,-0.0027617323,0.055926275,-0.0075993524,-0.02123336,0.0112267705,0.020489769,-0.0020843556,0.06785275,-0.052777346,-0.009284596,0.016612768,0.06268121,0.034347955,-0.00042240805,0.043717958,-0.019955525,0.038720053,0.0043889605,0.02017786,-0.031357132,-0.03755308,0.049226135,-0.022691708,-0.005355225,-0.12453593,-0.079300724,0.010988382,-0.03505236,-0.027744684,-0.035108026,-0.07775167,0.044874657,0.06750957,0.016663995,0.0059351753,0.031188948,-0.041228674,-0.076158434,-0.023411617,-0.018240085,-0.009839108,0.04681701,-0.049580224,0.0186196,-0.040378045,-0.00052552193,-0.012537191,0.005470766,0.07093589,-0.05661342,-0.005366649,-0.018618248,-0.014201508,-0.11239536,0.016550804,0.059188552,0.004212063,0.011543692,0.06681791,-0.03229377,0.0041502956,-0.07634798,0.063473724,0.10247015,-0.01947769,-0.028536646,0.07220909,-0.043229036,0.01747577,0.009075315,-0.017919155,0.06745144,0.0053388453,0.01432687,-0.085989326,0.016581915,0.05005105,-0.046894584,-0.0660059,0.05013301,-0.042787164,0.028913924,0.043965068,0.0021598449,-0.009397681,-0.009607854,-0.098254725,-0.093304776,0.02679838,-0.08385248,-0.035644483,-0.033308003,-0.14373402,-0.049221374,0.012986094,-0.072874025,0.01995367,0.039473172,-0.048256334,-0.0045896256,0.08880856,0.032393984,-0.02408374,-0.10197398,-0.004289869,-0.00229548,0.09990541,0.10560942,-0.096243806,1.019259e-32,0.12763281,-0.009794722,0.070327505,0.04916737,0.019017199,0.060460173,-0.016441943,-0.0143262455,0.059574243,-0.073552996,-0.11044959,0.0788594,0.010888185,0.03684839,-0.045778126,-0.030577505,0.005843814,-0.017809391,-0.02529387,-0.01821585,0.04570972,-0.06768545,0.030101163,-0.031977843,-0.025974618,0.039985776,-0.021069117,-0.034259472,-0.06716599,0.026932167,-0.07732579,-0.044867203,0.050938804,-0.044870436,-0.0036491104,0.008167148,-0.0032663876,0.03576061,0.043595523,-0.047046226,-0.022084583,0.018919287,0.0575928,0.006350065,0.04465189,-0.07632632,-0.08956865,-0.13107729,0.06189503,0.005058203,0.0037822325,-0.04869957,-0.040287063,-0.014740225,-0.010185069,0.031829905,-0.09166175,-0.026546048,0.055562846,-0.039337046,0.028139537,0.04596913,-0.04672616,-0.04900878,0.0044383476,-0.016502634,-0.0690036,-0.01894387,-0.016057726,-0.021326024,-0.06965257,0.08904478,0.04449375,-0.03978672,0.09774875,-0.031694394,0.017915692,0.07953519,-0.020251494,0.0058404556,-0.06832529,-0.014265882,-0.04447108,0.045516565,0.038386792,-0.052487947,-0.00530717,0.020471936,-0.07354828,0.009497845,0.016418653,-0.014026838,0.061907806,0.021868158,-0.0006208977,-1.23158615e-32,0.10107144,0.0412166,-0.008062066,-0.06664702,0.02752878,0.06281595,-0.025969623,-0.033829737,0.0003090959,0.029606307,0.118013054,-0.02439347,0.0782898,0.009825729,-0.07101099,0.0012295749,-0.04691582,-0.08511104,-0.05088632,-0.11533235,-0.018347375,-0.0032605173,0.0029798315,-0.0020724556,0.024873406,-0.07353765,0.05612931,-0.052668016,-0.0048691058,-0.060205292,-0.018663893,0.024259726,-0.051077202,0.05589018,-0.0061817197,-0.013131711,0.047610104,-0.046208385,-0.13969356,-0.0091094375,0.069470875,-0.021948664,-0.03454438,0.02928178,0.0691291,0.030860804,0.030093666,-0.1302427,0.035262067,-0.0378497,0.048604857,0.008215696,-0.0772111,0.051326193,0.048260182,-0.03663164,-0.05662955,-0.11830074,-0.09851824,0.0027679417,0.04000225,0.1254282,-0.06749938,0.0010204341,0.007949551,-0.0018880668,0.007349116,0.0040319017,0.007855287,0.009288822,-0.029787846,-0.028723365,-0.014335456,0.011319657,0.024557274,-0.07277904,-0.0005709598,0.016390422,-0.031970665,-0.014939549,-0.015554743,-0.09206348,-0.08759199,0.0054258676,-0.08850498,0.011813858,0.035116415,0.024507292,-0.023062045,0.02078798,-0.06999351,0.09576292,-0.06308959,0.040876307,0.073523544,-7.622655e-08,-0.009642622,-0.02564971,-0.00025693397,0.027181858,-0.06730559,-0.03661401,0.035379045,0.02065803,-0.07996715,0.08366695,0.04497423,0.054204114,-0.018397259,-0.07486495,-0.011976223,-0.025162539,0.121045224,0.10603581,0.054427676,-0.014180124,-0.0032871084,-0.029710729,0.025107466,-0.074968636,0.0025865266,-0.03758319,-0.021152966,0.004811553,-0.014669639,-0.02904934,0.046735026,0.036952116,0.0044070343,-0.047051284,-0.0031734246,-0.0052881925,0.06468789,0.03243399,-0.055567093,0.050506838,0.03542966,0.040346686,-0.0149122765,-0.00065995636,0.024979226,0.021481019,0.07664018,-0.022928223,-0.0002344809,-0.022724137,0.06184037,0.03574258,0.107327685,-0.0164382,-0.023763392,0.093325645,-0.005948154,-0.074783236,-0.021924345,0.003741437,0.057360545,-0.012595763,-0.014731359,0.113412134]","Arzneimittelkommission der deutschen Ärzteschaft: Empfehlungen zur Therapie der Depression. Arzneiverordnung in der Praxis (Sonderheft ""Therapieempfeh- lungen""). 2. Auflage, 2006. National Institute for Clinical Excellence: Depression: management of depression in primary and secondary care -NICE guidance: http://guidance.nice.org.uk/ CG90. National Clinical Practice Guideline Number 90. Zuletzt geprüft: 28. April 2010. Arzneimittelkommission der deutschen Ärzteschaft: Stellenwert von Antidepres- siva in der Depressionsbehandlung. Stellungnahme: http://www.akdae.de/ Stellungnahmen/Weitere/20080417.pdf. Berlin, 17. April 2008. Zuletzt geprüft: 28. April 2010 EMA: Valdoxan ®:European Public Assessment Report (EPAR): http:// www.emea.europa.eu/humandocs/PDFs/EPAR/valdoxan/H-915-en6.pdf. Stand: 17. März 2009. Zuletzt geprüft: 28. April 2010. Servier Deutschland GmbH: Fachinformation ""Valdoxan ®25 mg"". Stand: Februar 2009. GKV-Arzneimittelindex im Wissenschaftlichen Institut der AOK (WIdO):","{""source"":""/home/sigillus/Schreibtisch/educx/Projekt_KI/markdowns/Agomelatin.md""}",2fd811fb-7562-413a-ab40-d614297d1159,d0417f7f-d2fe-4835-9997-17b6baae7292
f39acabc-6b7e-4952-898d-9988b3067daa,"[-0.06304569,0.024749298,-0.056272794,-0.017551726,0.0022438474,-0.079504006,0.08540681,0.10808491,-0.0036532346,0.0008621892,0.013947465,0.047956526,0.043713406,-0.031061642,-0.16340064,-0.0345515,-0.0502512,0.028884908,-0.023248391,0.043946534,0.032149825,0.05273985,0.05632387,0.051260404,0.016008452,0.0037638946,-0.012499613,0.018209148,0.008169094,0.031073106,0.025580147,0.07624339,0.018055651,-0.071981415,0.10389348,0.002453453,-0.07966195,0.037594162,-0.03197559,0.043662615,0.052917477,-0.07183228,0.029659696,0.005562994,0.07448002,-0.016255502,-0.04963424,-0.040365104,-0.050817907,0.13511924,-0.030755796,-0.05996159,-0.07725465,0.054125637,-0.013028889,-0.117831156,-0.13542214,-0.08715291,-0.009503843,0.0147154,0.016951209,-0.022513326,-0.060293272,0.0025739034,-0.029038744,0.038460355,0.07807303,-0.15302499,0.0502808,-0.07467327,0.06562098,-0.03712991,0.016637506,0.047381267,-0.09651586,0.0036265804,0.001832989,0.011787489,0.067914896,-0.071165256,0.008303085,0.046759993,0.117571555,0.022909412,-0.015864616,-0.0049292794,0.04476908,0.084393434,0.0013138728,0.009889924,0.0767837,0.07073441,-0.085811906,0.041333668,-0.08584053,-0.05910046,-0.017005257,-0.0074834083,0.034303825,0.056773726,-0.0072858096,-0.018976115,-0.07398463,0.009338356,-0.09982711,-0.035702363,0.0274453,-0.0026953907,0.048549186,0.012474605,-0.00011834725,0.076293305,0.008579381,0.00034606978,0.0054445025,-0.008412004,-0.0146971885,-0.09315491,0.098304324,-0.05395896,-0.053360328,-0.03232787,-0.042753067,-0.066211425,-0.021816855,-0.0019575302,-0.085060485,1.04858776e-32,-0.02054146,0.0261063,0.08332349,0.08977748,-0.06442092,0.046709664,-0.029009001,-0.0808631,-0.057971276,-0.01947035,-0.10702849,-0.03309461,-0.022122284,0.0066555776,-0.069699846,0.00604488,0.015142564,0.041991513,0.040057987,-0.10237166,-0.034360364,0.09860675,-0.034168787,0.06184364,-0.032107975,0.13772498,-0.095321685,-0.0420108,0.031156445,0.06327109,0.07309466,-0.07872233,0.013072541,-0.023150528,-0.039504703,0.031216959,-0.045199707,0.0123533085,0.035004683,-0.004414001,0.04718063,0.038931232,-0.006162356,0.027160255,0.06677727,0.041626006,0.009990743,0.020054838,0.0512497,-0.005048649,-0.03628256,0.017983828,-0.026263911,-0.0020929733,-0.042160653,0.056202695,-0.11020621,0.04574402,0.007901591,0.0006266335,0.06054422,0.063800536,0.011119526,0.073652044,0.07531444,-0.014011508,-0.060974713,-0.03363712,0.0025086498,0.027836246,-0.03306578,-0.008722137,0.07035114,-0.009600982,-0.022696272,0.014409966,0.03998551,0.040600155,-0.046456467,0.025389252,-0.06370858,-0.008731514,-0.0381171,-0.060883366,-0.085254855,0.017636899,0.01993424,-0.025914188,-0.04673662,0.020229625,0.023017965,-0.080064274,-0.09844327,0.005596626,-0.045584805,-1.2368203e-32,0.041760333,-0.010991477,0.012209607,-0.0048004147,-0.021445297,0.056829434,-0.0017945576,0.08010408,0.00394658,0.0071318066,0.14781383,0.043373253,-0.061237566,-0.038692065,-0.02737312,-0.0002442153,-0.024709899,0.033268508,-0.050875932,-0.014522687,0.0057849255,0.019465953,0.0025063998,0.036213174,0.019274632,0.06177638,0.058675658,-0.08592301,-0.027027136,0.034158442,-0.027804703,0.03587382,-0.08878983,0.020412005,-0.014153863,0.008006724,0.063047044,-0.07437709,-0.055699136,0.026950078,-0.039230023,0.01724294,0.064965196,0.027188867,0.02968127,-0.049310286,-0.010980231,-0.011557044,0.0957065,-0.10503979,-0.03186619,-0.011862821,0.039725725,-0.058488127,0.019138085,0.0030630734,-0.017218309,-0.011505427,-0.054331228,0.014249407,0.077706024,-0.02087962,-0.013670665,-0.03822336,0.029262701,0.09977107,0.0005866242,-0.021207191,-0.0028153087,0.02985528,0.045477923,0.00069469045,-0.04416962,-0.03599044,-0.01132112,-0.05280855,0.06430728,0.022969976,-0.07163862,-0.012422465,0.015211221,0.032674238,-0.068086445,0.07187541,-0.02731669,-0.057921458,0.01385276,0.038073882,-0.030704835,-0.0026219224,-0.075824365,0.035107598,-0.06823499,-0.01963981,0.02416494,-6.759729e-08,0.026963385,-0.03395151,-0.048394457,-0.05851555,-0.0026616787,0.037200093,-0.12217327,-0.013215271,0.015994493,0.025995322,0.032607,0.03666622,-0.044844832,-0.048510585,-0.06414763,-0.0484338,-0.14992088,0.06745875,-0.034806486,-0.04685347,-0.022571879,-0.035361286,0.041046664,-0.062748805,0.006880059,-0.02308394,0.01731586,0.013081693,-0.042923298,0.0062420783,0.06607508,0.024187885,0.004323684,-0.011574319,0.032372035,0.025244966,-0.031191772,0.015431005,-0.003815882,-0.029592734,-0.02209645,-0.06959588,0.03522352,0.0025451255,-0.026765654,0.019178797,-0.017396323,0.09979745,-0.013982562,-0.020486297,-0.048953027,-0.013463309,-0.08525628,0.012561266,-0.12347576,0.02661752,0.057098527,-0.023354584,0.01348634,-0.047834553,0.06336154,-0.019262232,0.009188143,0.017684324]","®25 mg"". Stand: Februar 2009. GKV-Arzneimittelindex im Wissenschaftlichen Institut der AOK (WIdO): Deutsches Institut für Medizinische Dokumentation und Information (DIMDI) (Hrsg.): Anatomisch-therapeutisch-chemische Klassifikation mit Tagesdosen. Amtliche Fassung des ATC-Index mit DDD-Angaben für Deutschland im Jahre 2010. Berlin: DIMDI, 2010.","{""source"":""/home/sigillus/Schreibtisch/educx/Projekt_KI/markdowns/Agomelatin.md""}",4feb6b3d-3cc4-49aa-9ade-1e54a7892b4f,899990ef-7e90-46f8-a170-a8d34f6677dd
f39acabc-6b7e-4952-898d-9988b3067daa,"[0.0035726714,0.03916556,-0.080088966,-0.0016914341,-0.060539506,0.029838746,0.037878122,0.134474,0.0663363,0.016069144,-0.01872061,0.015863512,0.03443989,0.04164907,0.010326127,0.0413744,0.09166285,0.063035436,-0.032282744,0.03620336,-0.03242868,-0.0043393713,0.06079086,0.0027982874,-0.015900234,0.0051840357,-0.05010202,0.046940774,-0.010031675,-0.0009783882,0.04510008,0.023771714,-0.027168581,-0.08566205,0.039144956,0.008052674,-0.051135343,-0.048096247,-0.04710982,0.0371613,0.01151071,0.08884151,-0.054239444,0.021475583,-0.021522013,-0.051065914,-0.07825074,-0.002913489,0.002927136,0.104175724,-0.027110143,-0.054557785,0.040885855,0.06443505,-0.05904174,-0.07417634,-0.06926346,-0.004033951,0.019847557,0.0688921,-0.08180838,-0.059453096,0.040752113,-0.04804283,0.014671689,0.050252758,-0.044402715,-0.071379766,0.013739031,0.0064694374,0.015595592,-0.061233684,0.043567654,-0.039036013,-0.08522953,0.016225329,0.019287327,0.047630277,-0.056309313,-0.12075102,0.0655817,0.06428034,0.085572734,0.03796045,0.019762753,-0.054291517,0.0388932,0.12335963,0.070526704,0.1047257,0.09606531,0.030365005,-0.08944758,0.003926904,0.07730886,-0.08110672,-0.0658771,0.06668661,-0.0048375544,-0.013142612,0.035431653,-0.042117603,-0.028694222,-0.003339032,-0.06566799,0.017626766,-0.0062370477,-0.056313965,-0.020286262,0.01933913,-0.11322029,0.03814099,-0.009130754,0.06582066,0.016069053,-0.025928197,0.056709617,0.031505026,0.046803422,-0.029954975,0.06764471,-0.016908772,0.117401704,-0.051558003,0.002269777,0.075400405,-0.023805631,1.3274545e-32,-0.00875871,-0.014239165,0.009662556,0.06470376,-0.027386148,-0.010284406,-0.052226614,0.07772499,0.013588497,-0.10170329,-0.10352573,-0.03300937,0.01106779,-0.03399965,-0.013391588,-0.057063185,0.035214014,-0.016518665,-0.0048722737,-0.057085082,-0.0026582088,0.05431887,-0.054868765,-0.018900407,-0.074245855,0.111779936,-0.0064582345,0.027631277,-0.047792375,-0.027924754,0.02521251,-0.07673834,0.0010454382,0.021564856,0.0069820965,0.059953,0.026503723,0.00841551,0.015520941,-0.024184724,-0.0522685,-0.021127988,-0.06654001,-0.010798423,0.06146357,-0.108428024,-0.04005521,0.031760443,0.013631282,0.07086094,-0.006555194,-0.04418061,-0.033706535,0.024434747,-0.13633643,0.04763644,-0.06850704,-0.016842451,0.03246896,0.032011516,-0.0074500367,-0.017117137,0.059441544,-0.05944108,0.024016716,-0.044414815,-0.032813903,-0.09429099,-0.11593912,0.0012654101,0.030872615,-0.038004685,0.12690675,0.056478053,0.04725328,0.014373189,0.030877369,0.0376382,-0.087720454,0.013223217,0.018275427,-0.0919262,-0.085778855,0.016723728,-0.047013942,-0.0045972452,0.030158458,-0.060461786,-0.032688353,0.10280984,0.078869365,-0.10679623,-0.0063985465,-0.008307681,-0.0054694503,-1.20924154e-32,-0.015073352,-0.007139195,-0.020994723,0.002117451,0.03569893,0.0076495167,-0.0013756265,-0.00010491692,-0.023882093,-0.06989096,0.06727029,-0.0063856933,-0.0438756,-0.050504133,-0.057104815,0.07827297,0.0018631673,0.07946469,-0.062277902,-0.035120774,-0.0018981434,0.0094468575,-0.025842499,0.03469788,0.08809101,0.09609163,0.0875291,0.047130447,0.028776053,0.060991827,-0.014663833,0.10026751,-0.018038372,0.016677635,0.074183755,0.041441824,0.03522732,-0.08133615,-0.06881236,-0.000908932,-0.05736929,0.09428608,-0.009947904,-0.036008134,0.048500754,0.113101564,-0.0053860014,-0.033047214,0.079353735,0.0027649305,0.02616489,0.05002195,-0.04907068,0.062335994,-0.014188799,0.010962505,-0.012774518,-0.08568098,-0.07286055,0.027451053,0.084603906,0.044449173,0.0080198,-0.076562524,0.07147807,-0.012144701,0.021233404,0.049256995,0.041323036,0.06110588,0.009231103,-0.047060736,0.027145494,-0.009422966,-0.010968133,0.05208968,0.027807275,-0.013874638,-0.02151783,-0.065076366,-0.042333066,-0.028718952,-0.015130677,-0.024956184,-0.050255448,-0.0042042863,0.035806257,0.010121372,-0.021384664,-0.022548476,0.0058557424,0.010817668,-0.016255347,0.10094329,0.025526239,-5.9976855e-08,0.077204555,-0.11209504,-0.041141413,-0.01241778,-0.030413209,-0.06725485,-0.03102616,-0.025839042,-0.035235345,0.05663078,-0.0012022279,0.052834883,-0.04846276,-0.058559112,-0.093569286,-0.012079354,-0.037754796,0.013169746,0.001236733,0.02239904,0.04201408,-0.02575784,-0.017699052,-0.08855442,0.041541494,-0.019400164,-0.0002979971,0.060519747,0.10161611,-0.036646202,0.031219084,0.0054026623,0.0056710537,-0.02933454,-0.04499859,0.0015332793,0.009785649,0.029015727,-0.0110754855,0.051358264,-0.0240772,-0.0792385,-0.032365788,0.029951474,0.0021228457,-0.024557821,-0.028601531,-0.030767089,-0.008631867,-0.060978852,-0.025776938,0.09985354,-0.0054923636,-0.0112319,-0.10882423,0.06507597,-0.009771117,0.0099915005,-0.0054209037,-0.07352468,-0.08381356,-0.022947226,0.023401225,-0.00933229]","Wirkstoff Präparat DDD-Angaben 1

in mg Dosis (mg/Tag) 2 Kosten pro Jahr [€] 3

Melatonin-Agonist und 5-HT 2C -Rezeptor-Antagonist

Agomelatin Valdoxan ® 25 mg 25 25 714,88

SSNRI

Duloxetin Cymbalta ® 60 mg 60 60 / 120 790,36 / 1580,71

NSMRI

Amitriptylinhydrochlorid Generikum 75 50 / 150 / 300 4 69,61 / 178,34 / 332,00

SSRI

Citalopram Generikum 20 20 / 40 / 60 85,92 / 137,46 / 343,46

an einem Abfall von wenigstens 50 % des Hamilton-D-Scores).

In den anderen vier Kurzzeitstudien hingegen war Agomelatin

nicht wirksamer als Placebo. In einer dieser vier Studien war aber

das als weitere Vergleichssubstanz gegebene Fluoxetin wirksamer

als Placebo. In zwei anderen dieser vier negativen Studien waren

allerdings auch Fluoxetin bzw. Paroxetin nicht wirksamer als

Placebo. Die vierte negative Studie war speziell bei älteren

depressiven Patienten durchgeführt worden und hatte kein eta-

bliertes Antidepressivum als zusätzliche Vergleichssubstanz zu","{""source"":""/home/sigillus/Schreibtisch/educx/Projekt_KI/markdowns/Agomelatin.md""}",28e92353-3dea-407a-9ff0-e803bf529de2,98ed2056-6869-470f-bf05-663b4d10287b
f39acabc-6b7e-4952-898d-9988b3067daa,"[0.04071456,-0.06552511,-0.07077654,0.06272238,-0.06369068,0.091874234,0.0043451865,0.16495118,0.0303872,-0.02768644,-0.070107736,0.022033421,0.011799886,0.028988486,-0.045021616,0.009937144,0.10759564,0.03493109,-0.04590595,0.087674916,-0.013301567,-0.06318479,0.09986972,0.01963834,0.0013248578,-0.07452192,-0.07095138,0.0059179305,0.017676847,-0.022235848,0.023104591,0.045407206,0.04356311,-0.09312113,-0.015487705,-0.062703684,-0.012940647,-0.01192805,-0.013511284,0.053797252,0.047866445,0.02621882,-0.11503814,0.024738519,-0.019296862,0.0005673352,-0.018755624,0.0033311776,-0.04198493,0.10044548,0.022415299,-0.05926,0.0062284986,0.06956181,-0.019777363,-0.10901631,-0.063076876,-0.0147757055,0.033494424,0.0691974,-0.0508521,0.017433997,0.031135919,-0.04083279,0.008193118,0.04373189,-0.038628276,-0.087038785,0.046988193,0.09651769,0.09176279,-0.071593136,-0.030190127,0.017648363,-0.05620515,0.034439217,-0.020427391,0.04871934,-0.052486565,-0.08116009,0.09210509,0.037999764,0.07096727,0.053009693,-0.066315316,-0.07811729,0.061414175,0.059231464,-0.021989826,0.026331106,0.026176687,0.028408889,-0.05390663,-0.018320212,0.11137751,-0.07740844,-0.13350792,-0.025878826,0.020159591,0.0062652603,-0.009891234,0.022405688,-0.06946599,0.037488163,-0.042632233,-0.041851573,-0.012543164,-0.079441264,0.011469359,0.030035136,-0.01734564,0.02140851,0.057846222,0.053360563,0.0014793574,-0.06025098,0.050889716,0.034047082,0.028017575,-0.036188725,0.008372725,0.00096104416,0.088304915,-0.089183114,-0.018297942,0.023484223,-0.028963637,1.2790297e-32,0.03703021,-0.12528712,-0.006173514,0.051758595,0.015008852,0.10892357,-0.032544173,-0.026423406,0.07405366,-0.08176055,-0.08754251,-0.0017232329,0.02245477,0.02114005,-0.026124878,0.011271508,0.102002025,-0.052261904,-0.0766705,-0.035881888,0.01317132,0.028552536,-0.057749573,0.00023160015,-0.016999386,0.04452289,-0.00046784923,0.0391711,-0.07382827,-0.025746197,0.0133649595,-0.034991425,-0.016241338,-0.03214527,-0.05079568,0.016459664,0.05284157,0.036016468,0.03745464,-0.06261419,-0.059852745,0.019044496,-0.07243422,-0.016044948,0.036555473,-0.079721846,-0.036481988,-0.016000684,0.018688709,0.04078587,-0.018779475,0.012405182,0.022212515,0.0018717861,-0.09299905,0.052954808,-0.064957425,0.00164979,0.008353858,0.059052814,0.007675971,0.019249713,0.05508004,-0.13504383,0.01040261,0.045169763,-0.0591678,-0.13225676,-0.07292625,-0.023549385,-0.0003239647,0.017375004,0.09082464,0.008094709,-0.009548053,-0.0045731077,-0.006656556,0.047231246,-0.0322338,-0.050007656,0.028139235,-0.09386465,-0.075174995,0.010804923,-0.05816933,-0.041250527,0.027756691,-0.021605538,-0.039274886,0.005411233,0.09196169,-0.09969609,0.023940338,0.05047703,0.00758506,-1.2427234e-32,-0.0132857915,0.010042702,-0.08701021,0.03793864,0.09063656,0.036674336,0.05158473,-0.017096153,-0.009816757,-0.00010628363,0.05442096,0.017331574,0.013478217,0.01177184,0.00043629648,0.026574174,-0.03498393,0.04839462,-0.059356123,-0.05662381,-0.01005332,0.028826265,-0.023740262,0.037204005,0.092220426,0.06626442,0.079533346,0.009131936,-0.025133234,-0.033385687,0.016569579,0.07311495,-0.0877461,-0.008697699,0.061246403,-0.00024566977,0.0034952206,0.005171642,-0.05872375,-0.05747479,0.0035304802,0.09496938,-0.05174096,-0.0263458,0.08580003,0.049972698,-0.020656126,-0.032032635,0.114630714,-0.005050197,-0.02447881,-0.002130555,-0.010933198,0.105322115,0.0062689907,-0.07357622,-0.016134895,-0.056272343,-0.13775493,0.13242905,0.038365062,0.0375679,0.027516635,-0.0015012291,-0.009592574,-0.022728743,-0.014676944,0.0018249749,0.028260853,0.047797877,0.043584555,-0.019754017,0.045392044,0.011872417,-0.048439942,0.018166432,0.015767636,-0.019906934,-0.021395467,-0.026351754,-0.047018416,-0.07532776,-0.00700764,0.007239968,-0.070926264,-0.01613028,0.037595864,-0.00488342,0.005108219,0.038787004,-0.012712266,-0.043725874,-0.0614734,0.010986367,0.078013614,-6.3107926e-08,0.06652755,-0.0342983,-0.060631834,0.0023894373,0.045878634,-0.07606014,-0.057405643,0.023032067,-0.052668348,0.006270398,-0.0002649783,-0.030264946,-0.019524585,-0.052008282,-0.07864721,0.025167335,0.07698342,0.0733612,0.009040734,0.004416633,-0.013232646,-0.046267726,-0.039064262,-0.113243796,-0.006207214,0.016352475,0.048250847,0.03402719,-0.014455629,-0.023788568,0.072364055,0.01604299,0.07520823,-0.013918739,-0.045587335,0.014614615,0.03801198,0.10028791,0.010604033,0.026263023,0.019376293,-0.089214526,-0.0046422253,0.011369444,-0.00960113,-0.03159933,-0.031793647,0.004806026,0.027189052,-0.009204615,0.014522934,0.084354095,-0.008838048,0.03567319,-0.04537445,0.06389225,-0.10293059,-0.008771986,0.018185178,-0.01055151,-0.061470333,-0.031408586,0.0033244302,-0.027720738]","bliertes Antidepressivum als zusätzliche Vergleichssubstanz zu

Placebo. Zwei Studien (doppelblind, randomisiert, placebokon-

trolliert; n = 187 und n = 165 unter Agomelatin) wurden zur Rück-

fallprophylaxe über 34 Wochen durchgeführt. In Studie 1 ergab

sich mit 25,9 % vs. 23,5 % der Patienten mit Rückfall kein Unter-

schied. In Studie 2 hatten weniger Patienten unter Agomelatin als

unter Placebo einen Rückfall (20,6 % vs. 41,4 %). In einer Ver-

gleichsstudie (n = 277) über 12 Wochen unterschieden sich Ago-

melatin und Venlafaxin bei Patienten in Remission statistisch nicht

signifikant hinsichtlich der sexuellen Dysfunktion bei den Erre-

gungs- und Orgasmus-Scores nach der Sex Effects Scale

(SEXFX). Bei einer randomisierten, aktiv-kontrollierten Studie

(kein Placebo-Arm) mit 334 Patienten über 6 Wochen zeigte Ago-

melatin der Dosen 25 mg und 50 mg in dem primären Endpunkt

Clinical Impression Scale (CGI) keine signifikante Verbesserung","{""source"":""/home/sigillus/Schreibtisch/educx/Projekt_KI/markdowns/Agomelatin.md""}",c1fbffe9-9fa9-45fc-9212-fc0d03e36b65,fe6669f4-d99e-4aef-9d75-746c90e6965a
f39acabc-6b7e-4952-898d-9988b3067daa,"[-0.014428597,0.050926134,-0.03226141,-0.00094247475,-0.035221834,0.040696956,-0.017305177,0.15697795,-0.00715793,-0.0323198,-0.007490563,-0.076813795,-0.021830346,0.044656247,-0.073229715,-0.055062737,0.08345137,0.056569092,-0.024014281,0.06744822,-0.010181913,-0.017287847,0.10560778,0.013254569,0.06294348,0.019431539,-0.04887796,-0.021264672,0.09597289,0.014857645,-0.025038587,0.08872932,0.04883517,-0.1004474,-0.028873928,-0.0023857018,-0.067734465,-0.031903993,0.040297147,0.0694564,0.0019694269,0.0025076391,-0.062281825,-0.021328783,0.03215167,-0.068191245,-0.0034411286,0.086658254,-0.025089385,0.13168308,-0.013761108,-0.050776403,0.018052367,-0.06941009,-0.009089235,-0.05868164,-0.050690785,-0.034265716,-0.016030613,0.0878354,-0.044409502,-0.0114795575,0.041259978,-0.00029006324,-0.02933869,0.0025353755,-0.03694477,-0.13589916,0.085990034,0.047168944,0.003538493,-0.0766807,0.013359655,0.013341613,-0.099026084,0.02486954,0.025695795,-0.02597262,-0.0330755,-0.080948986,0.04259604,-0.02051848,0.027069466,0.03646657,0.0049103433,-0.08271819,-0.0006196283,0.0633565,-0.08302198,0.09335532,0.07076766,0.06512773,-0.1556736,-0.029463835,0.021344788,-0.07966586,-0.16335744,0.035079602,0.01354109,0.013894245,-0.009426995,0.07010299,-0.017745685,0.020818092,-0.0370951,-0.060644772,0.0013843557,-0.0497423,0.0050022784,0.0007407684,-0.054958954,0.009909674,0.050526727,-0.030386081,0.042773638,-0.056150224,0.03233482,-0.0033671367,0.083084255,-0.041774288,0.03846517,-0.040160265,0.0727769,-0.045667604,-0.0063854386,-0.049304266,0.05657713,1.19378614e-32,-0.035818975,0.0029568253,6.22679e-05,0.010459151,-0.011950203,0.05240418,0.013695135,-0.025076738,0.050225887,-0.03145342,-0.05000206,0.08114267,0.019882765,0.07114284,-0.07399032,0.035593502,0.035780974,0.038165487,-0.043135248,-0.020791594,0.003694607,0.025430124,-0.002289203,0.04709627,-0.043542366,0.018762052,0.009217147,0.072848216,-0.06183253,-0.026284393,0.082076535,-0.015190231,0.050960846,-0.11660184,-0.035227813,0.05049198,0.0625813,-0.011352418,0.038596146,-0.0240794,-0.039835375,0.084253855,0.016663294,-0.050968025,0.010665973,0.04076055,-0.0357395,-0.019398125,-0.012740797,0.008530938,-0.0017224777,-0.0005437729,0.011035549,0.028512066,-0.08930057,0.07246562,-0.012188433,0.00633677,0.07516824,-0.0008778381,0.0098806005,0.05397623,-0.0060325465,-0.08372047,0.032933936,0.040899195,-0.09683659,-0.106074594,-0.060449522,0.02560784,0.07922856,0.09859149,-0.00035308785,-0.0051679583,0.022903396,-0.0069795214,-0.006687574,0.059156895,0.004311708,0.009465135,-0.091632195,-0.055618938,-0.03762519,-0.048178747,0.03773206,0.047369014,0.004586281,0.019730123,0.00330128,0.020875607,0.055491194,-0.049303684,0.029038986,0.043264344,-0.037839193,-1.209624e-32,0.0060223504,0.06558342,-0.061772443,0.05750762,0.0056056497,0.07703522,-0.00085928786,0.07117256,-0.024870073,-0.0022511252,0.107638784,-0.03863456,-0.023522742,-0.02212611,-0.0056803576,0.014938051,-0.026825638,0.01421875,-0.070849,0.018419174,0.043248504,-0.03745136,-0.0012940697,0.11497339,0.026788136,0.012973833,0.037795316,-0.15052713,-0.12441164,-0.05289024,-0.023337968,-0.0332952,-0.033499245,-0.04153409,0.02453579,-0.0264444,0.019365666,-0.0553913,-0.082117125,0.023957897,-0.0058253147,0.023950642,-0.049828004,-0.0784184,0.01968745,-0.034227636,-0.0011753434,-0.068375215,0.05516613,0.030305617,0.01862747,0.05664773,0.058200344,-0.006676879,-0.029440995,-0.035544932,-0.023781428,-0.011421302,-0.01914663,0.106777795,0.10438291,0.009415363,-0.08663003,-0.061842818,0.05182471,0.03506467,0.0032752496,0.08217275,0.032433897,-0.031670257,-0.023627046,-0.04207436,0.077758,0.017916443,-0.07586683,-0.07958298,0.019437853,-0.0496135,-0.0049591567,-0.015657568,-0.036904413,-0.07858396,-0.0415101,0.0072267298,-0.07823087,-0.03158328,0.02752819,-0.035811257,-0.08718907,0.06634853,-0.059710436,0.022875566,-0.055603262,-0.032774642,0.027464386,-6.343056e-08,-0.035031077,-0.061538342,0.021260537,0.040200867,0.002612258,-0.0011567884,-0.047456663,-0.04076104,-0.091287754,-0.004191599,0.05359614,0.053884484,-0.07475073,-0.04297643,-0.07693055,-0.040722165,0.029799713,0.054355744,0.028012088,-0.026836928,-0.010226986,-0.0018659702,-0.017179651,-0.017748296,-0.013051763,0.047511645,0.022939209,0.14838904,-0.033848412,-0.07862005,0.031061087,0.022185924,0.06752372,0.022065796,0.029069645,0.004994329,-0.009396465,0.047787894,0.02133705,0.060626756,-0.056409504,-0.05602679,0.035962213,-0.008880325,-0.04666877,-0.0019837487,0.013725642,0.013790496,-0.008398954,-0.046890173,0.048138723,0.06302829,-0.06350886,0.067227155,-0.056103107,0.015978033,-0.03906923,0.08047032,-0.034843523,-0.027076678,0.04998387,-0.028744075,0.03981996,-0.016356232]","Clinical Impression Scale (CGI) keine signifikante Verbesserung

gegenüber Venlafaxin in der Dosierung 75 mg und 150 mg

(60 % vs. 50,3 % resp.; p = 0,076) (4;5).

1. 2. 3. 4. 5. 6.

Die bisherige Datenlage erbringt keinen Nachweis, dass die höheren Kosten für Agomelatin durch geringere indirekte Kosten kompen-

siert werden.","{""source"":""/home/sigillus/Schreibtisch/educx/Projekt_KI/markdowns/Agomelatin.md""}",52f31135-4ce6-40c2-8e61-0759cf93e625,501485ff-5af4-4980-89d0-812a97dc57a5
f39acabc-6b7e-4952-898d-9988b3067daa,"[-0.0042020218,0.009723106,-0.038478337,0.005807809,0.009148138,0.02102613,0.1268042,0.04112104,-0.013988853,0.060266033,0.039214667,-0.010831898,-0.03820907,0.0013232614,0.0384984,0.014786558,0.03598399,-0.06797904,-0.07707533,0.06932319,0.057741925,-0.12469075,0.032084085,0.09437931,-0.07501427,0.016287664,-0.028163686,0.014616512,-0.020515205,-0.05172502,-0.020805536,-0.020116754,0.03243869,-0.08133716,0.0777664,0.061412666,-0.044719934,-0.12670608,-0.058400087,0.08262228,0.030414302,-0.106440306,-0.1411423,0.024333028,-0.0058429935,0.030896487,-0.027099181,-0.009461911,-0.057058744,0.09791203,-0.026065886,-0.014182966,0.14256917,-0.015057191,0.03912038,-0.03364219,-0.123270184,0.055334825,0.0024639496,-0.015555982,0.1028006,-0.0076879947,-0.038821463,-0.022847934,-0.019275354,-0.014782759,-0.000495661,-0.023508325,0.07919488,-0.022420323,0.0671517,-0.055228565,-0.007703893,0.02145312,0.017195359,0.04137866,-0.02294267,-0.023560576,-0.0734328,-0.12011118,0.08592863,-0.020783652,0.0163489,-0.040486783,-0.023049949,0.0088251,-0.0054651713,0.052445598,-0.09260457,-0.014974957,0.031516682,0.031056445,-0.02300119,-0.03130719,0.11228753,-0.049873456,-0.041763518,-0.014415084,0.055631936,0.036655735,0.019036163,0.025464613,0.023757275,0.014198847,0.023609286,-0.13503446,-0.016526708,-0.008302398,-0.04642552,0.06498678,-0.031702965,-0.07854273,0.052049194,0.015448343,-0.07547086,0.1297486,0.0028951918,-0.008102558,0.0008361662,0.0020822026,0.06449726,-0.03734073,0.049495846,0.014911914,-0.0025073825,0.049293377,-0.037773192,1.7209896e-32,0.08193827,-0.024368454,-0.014908379,-0.056312855,0.08014924,0.010234977,-0.020286428,-0.06518647,0.011391229,-0.04100829,-0.075111896,-0.030405758,0.07274207,-0.07322387,-0.01259007,-0.08257064,-0.11929528,0.0010423923,-0.00102938,0.034437962,-0.07079547,-0.012063477,-0.09168757,0.034829002,-0.09074252,0.10491164,-0.047004655,0.0027733445,-0.009280689,0.041479725,0.06326237,-0.016201548,-0.064183325,0.00096587616,-0.11819314,0.016669886,-0.05665014,-0.014418684,-0.02021091,-0.08318336,-0.057306416,-0.04816825,-0.01102499,0.0036073797,0.02596979,-0.018249186,-0.035897058,-0.017186072,0.09141119,-0.050178945,-0.022914365,0.026103018,-0.0036850115,-0.05724379,0.0063232807,0.03198152,0.004638375,0.03054129,-0.023718562,0.01912935,0.013766535,0.04540992,0.0067860708,-0.005618139,-0.056299623,0.032938134,-0.075909175,-0.07458405,-0.03326666,-0.07471297,-0.024812942,-0.015111271,0.038735982,0.033457883,-0.010601487,0.0003971353,-0.011466283,0.053708065,-0.08455356,0.023475008,-0.016076319,0.0016531732,0.11229538,0.037708044,-0.051312532,-0.03691758,-0.06993848,0.005496261,-0.031119473,-0.020194745,0.023002135,-0.0007864491,-0.088625394,-0.037109494,-0.04984172,-1.7037424e-32,0.08493641,0.0518793,-0.034978576,0.06837026,0.05937501,0.07100436,-0.018892687,0.009838367,0.01783277,-0.008249536,0.13398513,0.015832653,-0.051765393,-0.034700885,0.0040696342,0.068382524,-0.00028844515,0.00628128,0.0050740694,-6.586979e-05,0.0710059,-0.019864839,-0.030914024,0.015316008,-0.036766134,0.023829712,0.06242879,-0.03240501,0.022548487,0.0017554951,-0.054559823,0.01728595,-0.08429045,-0.01599408,0.05834413,-0.028919669,0.04167894,0.043926574,-0.13128573,0.031972382,-0.02161088,0.00970083,0.05279634,0.0019397424,0.086609356,0.028382083,-0.041086946,-0.095230065,-0.045731176,-0.049549095,0.025988633,0.048841175,0.00014968115,0.06333659,0.014303778,0.087289564,-0.07123852,0.00723968,-0.102568336,-0.02576902,0.009763182,-0.0069868993,0.019572042,0.016207345,0.026330603,0.011832316,-0.049031723,0.015934868,-0.0116647,0.0058700703,-0.033394303,-0.064323686,0.051413972,0.014295805,-0.018589804,0.0035990817,-0.037482508,0.07859996,-0.008265598,0.028393682,-0.030031985,0.044177614,0.0059431437,0.02800109,0.054253433,0.009521094,0.010844348,-0.012784798,-0.0917425,0.06032033,-0.009430606,0.021204302,-0.0014660666,0.10858395,0.0661305,-7.5682195e-08,0.065509856,-0.0289818,-0.08142475,-0.029882204,-0.00024912247,-0.06232548,0.005175301,0.0076226974,-0.0806137,0.038332406,-0.08500318,0.08389999,-0.013029258,0.039152063,-0.03739315,0.015771484,-0.051465373,0.05599634,-0.052244015,-0.010908328,-0.02292766,-0.09186587,0.015060167,-0.07207748,0.03163255,0.056484945,-0.016049575,-0.045382917,0.025027387,-0.039177403,-0.003946496,0.06603136,-0.0062387194,-0.028800258,-0.01884272,0.021148944,-0.051829763,0.034184717,-0.06981982,0.09419958,-0.077952966,-0.059874352,-0.05135404,0.040992495,0.11611986,-0.050014317,-0.071118385,0.027766954,-0.011544293,-0.011297457,-0.01825443,0.05913218,0.042445477,0.0018765066,-0.024787256,0.09034027,-0.008304292,0.008888777,0.016171506,0.047502182,-0.017127628,0.017175877,0.005234002,0.04725725]","Title: Wirkstoff aktuell 1/2008 Aliskiren

URL Source: https://www.kbv.de/documents/infothek/publikationen/wirkstoffaktuell/Aliskiren.pdf

Published Time: Wed, 25 Jun 2025 08:40:32 GMT

Number of Pages: 2

Markdown Content: erfolgen. Eine primäre Kombinationstherapie ist bei

höherem Ausgangsblutdruck (Hypertonie Stadium 2 und 3)

und bei deutlich erhöhtem kardiovaskulären Risiko zu erwä-

gen (1–3). Auch für die Kombinationstherapie der Hyperto-

nie bringt Aliskiren keinen zusätzlichen Nutzen.

Ein Wechsel von den etablierten Antihypertensiva auf das

teurere Aliskiren, dessen Blutdruck senkende Wirkung nur

für Patienten mit Hypertonie Stadium 1 und 2 belegt ist,

bringt weder für die Mono- noch für die Kombinationsthera-

pie des Bluthochdrucks Behandlungsvorteile, sondern erhöht

nur die Kosten. Die geringe und vom Fettgehalt der Nahrung

abhängige Bioverfügbarkeit von Aliskiren kann eine

schlechte Steuerbarkeit zur Folge haben. Die Folgen eines","{""source"":""/home/sigillus/Schreibtisch/educx/Projekt_KI/markdowns/Aliskiren.md""}",fab772bf-252f-4070-8c5c-1e46e7752d18,3d5eb291-1cec-46c2-a9cb-6de520f4ad54
f39acabc-6b7e-4952-898d-9988b3067daa,"[-0.08233707,-0.021577261,-0.084400326,0.014274129,-0.05759361,0.0787233,0.050194047,0.12784399,-0.031296074,0.046878494,0.04498185,-0.024256138,-0.08434017,0.042362645,0.014313348,0.02047003,-0.00685152,0.09220474,-0.05546891,0.044581022,0.04068913,-0.058435034,-0.030460387,0.05490193,-0.057351597,0.00999768,-0.01990953,-0.011788583,-0.06434046,0.0038386697,0.009060689,-0.075896434,0.03555017,-0.053044662,0.034556918,0.011798255,-0.035195805,-0.12384982,-0.07326683,0.11763367,-0.048129547,-0.09579767,-0.18705593,-0.035463843,0.027231745,0.028292492,0.034887735,0.0042589344,-0.12337025,0.094817795,0.004640378,0.019032715,0.074990176,0.012590762,0.023150451,-0.08579165,-0.09230445,0.026999379,0.031522945,-0.016263384,0.013017197,0.03555375,-0.0077260295,-0.014415182,-0.08927304,0.0072219707,0.038372803,-0.062338304,0.12843323,-0.021948429,0.053731922,-0.045872528,0.007806289,-0.024498302,-0.024628725,-0.006877283,-0.02938051,-0.04684484,-0.037034746,-0.13428733,0.13238807,-0.012764754,-0.015622026,0.027705535,0.006570082,0.014535484,-0.05476956,0.036843676,-0.060351122,-0.0019405601,0.05540312,0.029328303,-0.07863946,-0.047814947,0.083391406,-0.024662722,-0.017607408,-0.020378353,-0.022266906,-0.03201469,0.0480108,-0.022074265,-0.050661113,0.079081714,0.066668265,-0.103368506,0.03703774,-0.023218874,-0.08258194,0.057926748,-0.040356055,-0.017640855,0.011315691,-0.06551089,-0.0043803374,-0.002181445,-0.020692594,0.00048333715,0.0390712,0.058569595,0.023987325,-0.07524055,0.06605101,0.016822048,0.089373484,0.095528334,-0.014293338,1.5051669e-32,0.023435881,0.016076049,-0.016484343,-0.034484047,-0.01895261,0.0025019073,0.0032069036,0.031479523,0.04728397,-0.036360245,-0.06962747,-0.03047392,0.02995112,-0.03858884,0.04988995,-0.06187746,-0.0023633079,-0.0029839682,0.03709014,-0.01210333,-0.036403306,0.0825833,0.0032801433,0.07225668,-0.0051388177,0.021125797,-0.07953297,0.029907495,-0.055986874,0.042890567,0.06271055,-0.023080604,-0.03684023,-0.017508518,-0.017934488,-0.023015773,0.032645144,-0.008289987,0.040718343,-0.08057188,-0.011935149,-0.01711884,-0.044547677,-0.021122107,0.11134477,0.027913356,-0.07278555,-0.009573486,0.015928892,-0.07749053,-0.013081793,0.060608923,-0.00071782904,-0.007548576,0.0076271365,-0.018483737,-0.028709184,0.06192259,-0.04804221,0.040452532,-0.030551968,0.05035975,-0.007650646,-0.061496757,-0.088959396,-0.0007227052,-0.028437065,-0.06970611,-0.029804433,-0.06130726,-0.018761775,-0.010078932,0.0008950455,0.0011135293,0.056785025,0.013679026,0.039267387,0.079732865,-0.07096549,-0.037816465,-0.010226804,0.047831163,0.017912682,0.059511248,-0.020248162,-0.06530735,-0.04114453,-0.011942338,0.0056767343,-0.03550273,0.052589506,-0.03987496,-0.049133833,-0.0566159,0.0069300225,-1.6446663e-32,0.03537044,0.015778553,-0.04227316,0.056927834,-0.005931221,0.085398495,-0.060718,-0.0035806207,-0.07858538,-0.040620934,0.12162457,0.046320412,-0.0921996,-0.03548663,-0.059582714,0.09182973,-0.07534798,0.016417848,0.025255702,-0.00746739,0.10804586,-0.062574305,0.032982856,0.034305394,-0.0070138997,-0.016805619,-0.016979912,-0.031949233,0.038418576,-0.0016679598,0.008390342,0.021609629,-0.027807074,-0.04518136,-0.0038396115,-0.049319807,-0.00019755392,0.0523961,-0.10088256,0.0510762,-9.550559e-05,-0.0058433437,0.07609056,-0.102845885,0.076563194,0.03438678,-0.013835525,-0.121870555,-0.056295294,-0.085381106,0.080740444,-0.010288924,-0.0284298,0.061902866,0.016277872,0.047404245,-0.05065616,-0.02391425,-0.0614307,0.030476984,0.05169397,-0.010750831,-0.0064361924,-0.021277212,0.042557552,0.055180084,0.050341114,0.046226695,0.04963608,-0.063782305,0.022569243,-0.01828395,0.12595838,0.034811206,-0.039554738,-0.055034086,0.030838013,0.0210846,-0.005818007,0.04333594,-0.035200004,-0.0027926886,-0.002519618,-0.028459987,-0.050603814,0.01580098,0.058374327,0.018138507,-0.07472934,0.0113864895,0.00491363,0.05972619,0.026120482,0.017979346,0.082342684,-6.991877e-08,0.06066497,-0.04384881,-0.02005385,-0.043965437,-0.020911954,-0.08939471,-0.027079336,-0.018708408,-0.023344161,0.034084406,-0.011941382,0.058510575,-0.012186158,0.030382855,-0.010953644,-0.018848415,-0.0068012453,0.058968436,-0.013582827,0.015610704,0.045332033,-0.01807972,-0.033137828,-0.079267845,0.045332,-0.032357562,-0.055629224,-0.123135455,0.04700379,0.0033718213,0.03741344,0.0484561,0.037163228,0.0040568174,-0.013118018,0.023390122,-0.0237031,0.017588058,-0.092618704,0.093510814,-0.05519192,-0.07393669,-0.040068235,0.036007177,0.09534559,-0.07894869,0.0012341371,0.023611575,-0.047950797,0.019202853,-0.041646104,0.1247568,0.0016912147,-0.030138332,-0.050645422,0.00820472,-0.030429885,-0.018308803,-0.03482603,-0.023137873,0.029866125,-0.03625381,-0.043694235,0.062759474]","schlechte Steuerbarkeit zur Folge haben. Die Folgen eines

starken reaktiven Anstieges der Plasma-Reninkonzentration,

die durch Aliskiren nicht unvollständig blockiert wird, sind

ungeklärt. Dieser Konzentrationsanstieg ist größer als unter

ACE-Hemmern oder AT 1-Antagonisten. Eine Reduktion der

Hypertoniefolgeschäden ist bisher nicht nachgewiesen. Lang-

zeitdaten zur klinischen Wirksamkeit und zur Sicherheit lie-

gen nicht vor (5–8). Da es sich um ein neues Wirkprinzip

handelt, sind Analogieschlüsse von Wirkung auf Wirksamkeit

nicht möglich.

Eine antihypertensive Arzneimitteltherapie ist erst einzulei-

ten, wenn nicht medikamentöse Maßnahmen zu keiner be-

friedigenden Blutdruckeinstellung führen. Das Stadium der

Hypertonie und das individuelle kardiovaskuläre Gesamtri-

siko sind bei der Entscheidung für eine Pharmakotherapie

stets zu beachten (1).

Die Monotherapie mit Diuretika, Betablockern, ACE-Hem-

mern oder langwirksamen Kalziumantagonisten ist bei leicht","{""source"":""/home/sigillus/Schreibtisch/educx/Projekt_KI/markdowns/Aliskiren.md""}",eb7f4aed-f1dc-4659-922b-969fc65b82e9,05d40bd5-7536-4544-a576-8943c6be2a46
f39acabc-6b7e-4952-898d-9988b3067daa,"[0.022296216,0.016322536,0.021128908,0.03413659,-0.029923884,0.075531624,0.094362766,-0.04173302,-0.059388068,-0.015059965,0.06827069,-0.08680938,0.05673799,-0.11260408,-0.02308981,-0.034318022,-0.028296871,0.0034492968,0.00067017204,-0.0005927365,-0.03341369,0.06315708,-0.020637564,0.028437188,0.025827358,0.010692162,-0.06001891,0.009438036,0.1279214,0.01961847,-0.029870015,-0.056498926,-0.029043553,-0.03902069,0.114423,0.043861892,-0.028510867,0.062056206,0.017272206,0.05534576,-0.018595245,0.026298273,-0.10738676,-0.11428785,0.027875004,0.030203365,0.003471171,-0.029539768,-0.10376907,-0.011441828,-0.09540012,-0.08439263,-0.024306972,-0.018855045,0.06979442,-0.061079796,-0.057027135,0.025901463,0.012508019,0.03150758,0.0034676169,-0.012881691,-0.086579464,0.0046194643,0.023157189,-0.006715014,0.012373797,-0.015765177,-0.022009246,0.04449866,-0.009628322,0.0074837287,-0.08463151,0.08015263,-0.030654313,0.053116046,-0.009136566,0.008059978,-0.003541396,-0.049042802,0.049148384,-0.018852636,-0.042640798,-0.08779649,-0.010033418,-0.0238169,-0.0690708,0.008651504,-0.07113745,0.023912106,0.07978491,-0.0018820348,0.00878956,-0.06607529,0.09454691,0.058390565,0.017670957,-0.041005116,0.04111907,-0.028912153,0.03893679,-0.03106324,-0.037743237,0.017432276,0.001667448,0.033161793,-0.016490322,-0.11082544,0.05485258,-0.02236402,-0.04848082,-0.08951476,-0.058001734,-0.12733163,-0.07372606,-0.009430406,0.1328084,-0.015243159,0.040549498,-0.08056381,-0.015973084,-0.021156788,0.03444293,-0.054545954,0.059790533,-0.10260173,-0.0102262525,2.0307417e-32,-0.008805869,-0.06177036,-0.05479234,0.054445896,0.022054363,0.0010321,0.0012417785,-0.009024953,0.059522625,0.010010815,0.09555986,0.004148439,0.019787688,-0.07961151,0.037923634,0.0048473612,-0.029504161,0.010306951,-0.123381816,0.018564945,0.011104722,0.018049018,-0.02581228,0.010309953,0.0023711266,-0.014537514,-0.026513958,-0.010159671,-0.100651115,0.008182699,0.0314536,0.03616981,-0.064001985,-0.013425838,-0.09473491,-0.0764175,0.02167915,-0.0015194236,0.05515901,-0.10099371,0.03565222,0.027275918,-0.017049918,-0.027470956,0.09180729,0.026731307,0.022325324,-0.008533217,0.0911443,0.057673853,0.08360745,-0.00011922082,-0.042849287,-0.058053713,-0.0016179491,0.071122065,-0.033782743,0.04529465,0.046389665,-0.008243778,-0.023210831,0.07288756,0.03857497,-0.03503262,-0.027904056,-0.0026909288,-0.042013448,-0.07087268,0.018150607,-0.008332768,-0.012159835,-0.02368314,-0.057413016,0.021635504,0.010163279,-0.02774437,-0.065843254,0.05230951,-0.006755394,-0.04405578,0.031096647,0.109815046,0.06579216,0.031072484,-0.036386847,-0.046562273,0.040181357,-0.0018538289,-0.030624684,-0.0052021095,0.030230155,-0.0049692485,0.014548123,-0.017132582,0.0008317475,-2.1565452e-32,0.07919495,0.034078646,0.0030067195,-0.07764239,-0.07575329,0.04573203,0.00022973912,-0.06786414,-0.048705515,-0.022957074,0.0044897273,0.00616226,-0.016009998,0.04522076,-0.042047262,0.0015124237,0.09083979,-0.03520819,-0.09882996,-0.011667629,0.021627357,-0.03865212,-0.02282328,0.07404433,-0.017804682,0.0069232294,0.007095521,-0.002801534,0.029023418,-0.028118126,-0.04973838,-0.020117283,-0.04794685,-0.027855037,-0.06970627,-0.09419891,-0.011594788,-0.0065952134,-0.0738834,0.051564414,0.08158907,0.053111874,-0.08558108,-0.031309657,0.022652173,-0.056734614,0.06711839,-0.08338424,-0.06411638,-0.083738096,0.017074531,-0.029022774,0.0039522606,0.089611635,-0.010698326,0.15904748,0.021250172,0.017464858,0.05535049,-0.051718853,0.0697982,0.07874071,0.03733897,-0.009542423,0.08732308,0.03722531,0.00526272,0.04143761,0.036881723,-0.05991112,-0.08342497,-0.036124606,0.007989723,-0.06277656,-0.04120136,0.16032888,0.05612977,-0.031209055,-0.0051420084,-0.029292697,0.016674384,0.04056528,-0.09260128,0.051647753,-0.02478689,-0.017539458,-0.013594717,-0.010528711,0.03194626,-0.023144798,0.00036179338,0.04855138,0.099899024,0.020940762,0.038938336,-6.387022e-08,-0.010011717,-0.011036678,-0.02801439,0.011589383,0.03727486,-0.023261774,-0.045938764,-0.03115906,0.0052069486,0.09480667,-0.07607196,-0.07438672,-0.007256082,0.019482031,-0.038928565,0.03144218,-0.082038656,-0.01974694,-0.030945478,0.047089517,-0.001997386,-0.0026195475,-0.12741631,-0.029263666,0.053052388,0.020526484,0.00048086763,0.038603187,-0.0005935942,0.05362342,0.0042456975,0.09698822,0.004969764,-0.013123951,-0.01644796,-0.026977392,0.074231975,0.024365257,-0.09444652,-0.018024737,-0.027397746,-0.03227893,0.00408965,0.030842148,-0.12603258,-0.010679803,-0.036631934,0.0013610349,0.0032412424,-0.031200407,-0.082005136,-0.026587898,0.014131975,-0.018174324,-0.00024364042,-0.015490988,-0.012354903,-0.0058442624,-0.032826986,-0.01857369,0.077767186,0.066729695,-0.028784804,0.1551827]","1.2.2 Berechnungsfähige Gebührenordnungspositionen einer Arztgruppe

In den arztgruppenspezifischen Kapiteln bzw. Abschnitten sind entweder durch Aufzählung der Gebührenordnungspositionen in den jeweiligen Präambeln oder Auflistung im Kapitel bzw. Abschnitt alle von einer Arztgruppe berechnungsfähigen Gebührenordnungspositionen angegeben.

1.3 Qualifikationsvoraussetzungen","{""source"":""/home/sigillus/Schreibtisch/educx/Projekt_KI/markdowns/Ebm26_KBV.md""}",b6dcf286-f74c-4aa3-bba5-af448ed5e285,7e93867d-0e4c-408e-a6fd-ce8dbaa97477
f39acabc-6b7e-4952-898d-9988b3067daa,"[-0.032116994,0.020765599,-0.0334165,-0.02736676,-0.044463858,0.018590854,0.029470274,0.15659603,-0.017862862,0.05186678,0.028805846,-0.072894335,-0.011045661,0.03238404,-0.027971053,-0.008846362,-0.0633407,0.0040270234,-0.03030201,0.0821742,0.019313598,-0.015470151,0.0030499208,0.08227572,-0.055060886,0.028207967,-0.035253454,-0.010703274,-0.0033656803,0.006235684,-0.09111676,-0.060888555,0.055555638,-0.045178197,-0.04965241,0.078808874,-0.11631796,-0.085434705,-0.121721126,0.047929928,0.022619324,-0.05767319,-0.18625869,0.01971742,-0.0095961625,0.023277968,-0.047996115,0.051790122,-0.08471277,0.10477523,-0.016251529,-0.019116653,0.029706692,0.019501394,-0.020017229,-0.058867887,-0.18661866,0.09679346,0.008952978,-0.024805099,0.051134825,-0.0003504062,-0.009117882,0.0043977886,-0.041333538,-0.025362797,0.002094606,-0.09190236,0.06394995,-0.004110413,0.049701832,-0.1035347,-0.0034047633,0.019320723,-0.0010692141,0.019034455,-0.043022107,0.023780722,-0.10205099,-0.098581545,0.14296484,0.028973851,0.041244287,0.029174218,-0.005105783,-0.016292237,-0.065346226,-0.005158831,0.0076459707,-0.0395215,0.070246555,0.046531003,-0.13464393,-0.026123805,0.07983159,-0.006373305,-0.0274227,0.0056102546,0.039188035,-0.03265755,0.015498906,-0.031330902,-0.062405486,0.026243426,0.05186907,-0.08126394,0.0003895929,-0.1124848,0.028591793,0.02553355,-0.035529964,-0.014611231,0.007866245,-0.042625267,0.031069452,0.054921173,-0.018958976,-0.047216058,0.040706184,0.059959453,-0.007127259,-0.07721965,0.080112055,-0.05624354,0.09189412,0.10739041,-0.025172971,1.3345636e-32,0.03428747,-0.06443887,-0.014185508,-0.005399697,0.042679332,0.014895619,0.009387741,0.025269577,0.002830488,-0.09530334,-0.089322835,0.030684737,0.025774125,-0.052994337,0.030679215,-0.038731117,0.032590758,-0.03482909,0.04424381,-0.026587414,0.0132225165,0.015061005,-0.04044187,0.08218935,-0.09207555,0.041268446,0.007859005,0.03529951,0.003737173,0.013215779,0.05297206,-0.039613876,-0.011024623,-0.046308678,-0.091508634,0.004951365,-0.001715607,0.02857811,-0.0065029296,-0.034898367,-0.021760404,0.039767683,0.015521567,-0.07042467,0.07039393,-0.059618887,-0.0842376,0.018496165,0.028434608,-0.009345317,0.03709624,-0.024938682,0.07775464,-0.008670925,0.004719225,0.096813336,-0.039565694,0.05353925,-0.06966428,0.023428652,-0.02632467,0.007983567,0.02576252,0.006700505,-0.001390973,0.024431147,-0.063924395,-0.044148415,-0.060921587,-0.043721106,-0.021422608,0.00096160814,-0.055583075,0.0031119122,-0.010233596,0.042371914,0.018603776,0.09662167,-0.08849777,0.009742883,0.001012812,0.08022899,0.043353084,0.06055552,-0.00767492,-0.04965034,0.00047651588,-0.046743963,0.00729853,0.039385527,0.03813526,0.009849055,-0.06436317,-0.019464953,-0.011854744,-1.5262476e-32,0.059889153,0.013926272,-0.019259972,0.05417733,0.06589122,0.15736593,0.011241785,0.005725037,-0.040636178,-0.064766504,0.11312895,0.064520724,-0.022940874,0.029408151,-0.03056108,0.118754044,-0.06586005,0.047782537,-0.051223267,-0.013793642,0.045791376,-0.012340449,-0.001975208,0.035134405,-0.0068652793,-0.012162299,-0.010771727,0.011121324,-0.05523239,-0.018428687,0.002658336,0.03918071,-0.04059634,-0.039061572,0.0023813306,-0.026830055,-0.03780744,-0.0053393845,-0.046805326,0.047479417,0.046642087,-0.008892537,0.09644553,-0.074371785,0.09864105,-0.036340725,0.0019111814,-0.12564756,-0.08516477,-0.02076069,-0.027530814,0.027534902,-0.018244045,0.07909142,0.0021163877,0.04796784,-0.03853191,0.029693753,-0.055138007,0.010538095,0.05544886,-0.02823768,-0.032506138,-0.0424323,0.022734413,-0.0042591933,0.029745068,-0.014625779,0.07111948,-0.01715595,0.046000224,-0.011646648,0.034834955,0.039525256,0.012910157,0.023531267,0.067042954,-9.805655e-05,-0.058057327,-0.04972966,-0.054698233,0.05745066,0.0029677772,-0.054072604,-0.05609693,-0.016737629,0.044248555,-0.005807012,-0.045623697,0.013144462,-0.0216876,-0.020205325,-0.025924407,0.0051485025,0.09759609,-6.941559e-08,0.054413356,-0.034408417,-0.041524205,0.0095826145,-0.06579597,-0.04265205,0.0054047857,0.040590256,-0.07224181,-0.02511805,-0.042967547,0.07466563,0.014634749,-0.013446964,-0.00026288777,-0.015911473,0.024370851,0.055829164,-0.043374397,0.013733714,-0.04569037,-0.088938884,-0.032943413,-0.0642046,0.02980958,-0.067013904,-0.03840007,-0.07062787,0.023022313,-0.017670393,0.008815496,0.059993733,0.07196572,0.024615033,-0.03533658,0.0012111794,0.00021784432,0.070115805,-0.10357048,0.09581423,-0.023590283,-0.07005832,-0.045524895,-0.029131358,0.00874236,-0.040402804,0.024280777,0.05007672,0.048350204,-0.011325219,-0.056600157,0.09543125,-0.0009647474,-0.057267897,-0.07853768,-0.00035330578,-0.015051472,0.04040617,-0.02142238,-0.031152287,-0.035710417,0.00036356304,-0.001298376,0.020922419]","mern oder langwirksamen Kalziumantagonisten ist bei leicht

erhöhtem Ausgangsblutdruck (Hypertonie Stadium 1) und

gering erhöhtem kardiovaskulären Risiko Therapie der ersten

Wahl. Dabei sind spezielle Indikationen wie Herzinsuffi-

zienz, Angina pectoris, Diabetes mellitus oder Nierenerkran-

kungen sowie Unverträglichkeiten zu berücksichtigen. Für

diese etablierten Wirkstoffgruppen einschließlich AT 1-Ant-

agonisten ist im Gegensatz zu dem Renininhibitor Aliskiren

die Reduktion von kardiovaskulärer Morbidität und Mortali-

tät anhand klinischer Endpunkte belegt (1–4).

Bei ungenügendem antihypertensiven Effekt (Blutdruck >

140/90 mm Hg) mit einer Monotherapie sollte ein Behand-

lungsversuch mit einem Antihypertensivum einer anderen

Wirkstoffgruppe oder der Wechsel auf eine Kombinations-

therapie mit zwei, bei Bedarf auch drei Antihypertensiva

Behandlung der essentiellen Hypertonie.","{""source"":""/home/sigillus/Schreibtisch/educx/Projekt_KI/markdowns/Aliskiren.md""}",ddeecca0-0dd6-402c-9cb1-978b9e7f9e75,1dadb6d4-a8c5-40f2-86a5-1e757d221522
f39acabc-6b7e-4952-898d-9988b3067daa,"[-0.096323006,-0.08386273,-0.058483098,0.03269408,-0.035200857,-0.011285813,0.067733996,0.1137218,-0.056137677,-0.0022276521,0.054861035,-0.05937728,-0.0028886793,0.009432717,-0.04756872,0.006445724,0.035020307,-0.0045592533,-0.058154985,0.097702354,0.036537595,-0.051442027,-0.021392232,0.021621207,-0.033009242,0.06128331,-0.07292866,0.00420491,0.012633039,-0.016345166,-0.04049118,-0.060938105,0.0397568,-0.07495897,0.059893228,0.03668404,-0.06250441,-0.09171139,-0.04363873,0.076038964,0.019989038,-0.059454378,-0.18419103,0.0013088072,0.028259315,0.089292504,-0.00078701234,0.037719678,-0.059548054,0.106645025,-0.025502404,-0.0031306688,0.05927997,0.0109371105,-0.0039706943,-0.08967852,-0.117175594,0.0143489875,-0.01781974,0.034676336,-0.05637294,0.037793603,-0.009277028,-0.01963276,-0.03848619,-0.00043162704,-0.006012514,-0.05129995,0.12352194,-0.05909602,0.0029289364,-0.026211634,-0.0016833969,0.049496975,0.007889061,-0.0738958,-0.00374644,0.036034804,-0.06599965,-0.10096439,0.11622476,0.0013754572,-0.0086700125,0.03729658,0.021366833,0.01889307,-0.04014193,0.03586995,0.04882935,-0.025285833,0.023298973,0.07171224,-0.12524109,-0.07383977,0.0765754,-0.087299906,0.002817818,0.02772256,-0.046384316,2.5577307e-05,0.012579497,-0.029880328,-0.070890844,0.03797716,0.055351667,-0.09257711,0.027919034,-0.030138638,-0.051768843,0.091309376,-0.009715514,-0.024762247,0.020488286,-0.053275235,0.005144842,-0.028090611,-0.008321905,-0.019735465,0.006094746,0.031109584,-0.021812972,-0.06922252,0.041478008,-0.03203901,0.03609605,0.09208048,-0.013061721,1.2484921e-32,0.023727128,-0.015036149,-0.0033498583,-0.029146371,-0.0042148237,0.042032216,-0.04102827,0.0018616959,0.080590725,-0.07663513,-0.011055104,-0.041242152,0.01087309,0.08186115,-0.008452835,-0.049595285,0.03213677,0.005852847,0.00089310936,-0.029678041,-0.05828835,0.030862331,-0.012347414,0.08169641,-0.082459554,-0.01397867,-0.041715175,0.04944481,0.068585746,0.018864296,0.019411327,-0.07325007,-0.024892941,-0.05515133,-0.11494965,0.04100597,0.0138044935,-0.006215006,0.0049160738,-0.044282347,-0.0018371883,0.055680066,0.005888134,-0.025212675,0.019895935,-0.037826065,-0.034556437,0.022745928,0.010196265,-0.07895903,-0.017186083,-0.013443484,0.06784948,-0.025605235,-0.031051485,0.06751329,-0.058168817,0.053448424,-0.034874503,0.050485104,-0.07725343,0.059713665,-0.019580526,-0.014042533,-0.036296796,0.030025057,-0.06463477,-0.040808402,-0.0013781957,-0.060819656,-0.05830874,-0.022562431,0.041673753,0.04011926,0.017086022,0.030612024,0.011162865,0.06884017,-0.032529008,-0.05186708,0.01972633,0.06293739,0.05819571,0.04097989,-0.056946967,-0.062023245,0.03432476,-0.03415515,-0.0007461798,0.0071281614,0.011130719,0.021386229,-0.11987261,-0.028880602,-0.00045812468,-1.376472e-32,0.07218881,0.056838002,-0.05190446,0.07234711,0.01696138,0.08641467,-0.053655196,-0.075542495,-0.03556182,-0.06549899,0.13927071,0.015631134,-0.082764715,-0.04666306,-0.0021187055,0.081636004,-0.0585212,0.074028164,-0.016617259,-0.009937538,0.044779476,0.0017062863,0.038708705,0.046445772,-0.0129250195,-0.012952623,-0.08080045,-0.02888374,0.045641143,-0.018213268,-0.00663296,0.048262555,-0.044746127,-0.06909292,0.005008436,-0.012742192,-0.012634123,0.070995875,-0.06881537,0.083788745,0.03769773,-0.015020704,0.07194185,-0.06510076,0.091263734,0.013451265,-0.02141594,-0.15282856,-0.053823877,-0.025331309,0.02705548,-0.01636636,0.009706025,0.07003121,0.019089995,0.012641518,-0.049360916,-0.00522816,-0.08097486,0.009121808,0.0683603,-0.003722588,-0.00368497,-0.0724544,0.055161636,-0.011019826,0.03848999,-0.014904702,0.08147235,-0.053840168,-0.023591407,-0.023482382,0.076140426,-0.020506201,0.029873181,-0.013376702,0.009450774,-0.017155482,-0.07484615,-0.061960876,-0.050860472,0.060624562,-0.010837592,0.012552801,-0.12628207,0.1026426,0.007506024,-0.002603495,-0.027449137,-0.01485769,-0.03762056,-0.019242259,-0.015244968,0.10999134,0.06742026,-6.2740334e-08,0.07587514,0.003077689,-0.0018871155,-0.0063147815,-0.045297418,0.02836332,-0.030821107,-0.004124458,-0.038944934,0.01682375,-0.016436126,0.073465854,0.032576174,0.020600455,-0.04725754,-0.031304833,0.0437273,0.041608244,-0.04098062,-0.012267118,0.056932293,-0.031673804,-0.0033323725,-0.034400973,0.042393487,-0.07064642,-0.041437313,-0.055500597,-0.008441443,-0.0060718353,0.02784992,0.050710093,0.048394196,-0.015430211,0.0047314563,-0.016344175,-0.00035723057,0.07739691,-0.050093465,0.15298282,0.0034397047,-0.04529146,-0.04372447,0.04022547,0.04187,-0.037320096,0.02038842,0.040498745,0.014352822,0.011516765,-0.026565809,0.14312741,0.0022762334,-0.009959913,-0.074171185,0.002728274,-0.087906204,0.028817847,0.017593874,-0.03032914,0.02318986,-0.051410086,-0.060030624,0.061479304]","therapie mit zwei, bei Bedarf auch drei Antihypertensiva

Behandlung der essentiellen Hypertonie.

Wirkstoff AKTUELL Wirkstoff AKTUELL KBV EINE INFORMATION DER KBV IM RAHMEN DES § 73 (8) SGB V IN ZUSAMMEN-

ARBEIT MIT DER ARZNEIMITTELKOMMISSION DER DEUTSCHEN ÄRZTESCHAFT

A u s g a b e 0 1 / 2 0 0 8

Aliskiren (Rasilez ®)

Der neue, teure Renininhibitor Aliskiren bringt nach derzeitigem Wissensstand für die antihypertensive Behandlung

keine Vorteile. Diuretika, Betablocker, ACE-Hemmer und langwirksame Kalziumantagonisten stehen als Therapeu-

tika der ersten Wahl für die Erstbehandlung und Monotherapie einer unkomplizierten Hypertonie zur Verfügung.

Die Behandlung der komplizierten Hypertonie richtet sich nach den Hochdruckfolge- und Begleiterkrankungen

(z. B. ACE-Hemmer und Betablocker bei Herzinsuffizienz oder nach Myokardinfarkt). Bei höherem Ausgangsblut-

druck ist in der Regel eine Kombinationstherapie indiziert.

Indikation

Empfehlungen zur wirtschaftlichen Verordnungsweise","{""source"":""/home/sigillus/Schreibtisch/educx/Projekt_KI/markdowns/Aliskiren.md""}",b4f4edc3-4ad2-4b4f-b03d-f0931aff085c,5fc8e61e-a0f2-4046-b0b7-1ffec7edfac3
f39acabc-6b7e-4952-898d-9988b3067daa,"[-0.020818546,-0.069132335,-0.07416553,-0.015318118,-0.07982143,0.011919462,0.017931387,0.14164338,-0.018569214,-0.0034587346,0.07660583,0.010447814,-0.026919758,0.06432967,-0.045925133,0.048000716,-0.026498739,0.025516985,-0.0900687,0.051519364,0.033164404,-0.006947965,0.059254933,0.059627622,-0.011209179,0.061148033,-0.027222235,-0.06987111,0.050489984,0.046685252,0.0010765949,-0.034062434,0.12134358,-0.12472094,0.03883842,0.02448342,-0.08354631,-0.06587445,-0.02069631,0.100735545,-0.014442535,-0.01572349,-0.16135526,-0.05733566,0.064249925,-0.016351247,-0.0016220391,0.025848778,-0.077862285,0.08725985,-0.05797655,-0.022408936,0.0025863287,0.040139094,-0.037128657,-0.16066636,-0.09319616,0.026351234,-0.018828182,0.03385445,0.021239,0.0056784833,0.008412256,-0.01644181,-0.054595813,0.039260615,0.008283895,-0.042899482,0.029437913,-0.021863246,0.046785563,-0.058036126,-0.015826263,0.073768586,-0.023780014,-0.042683933,0.05603257,-0.035465505,-0.07595997,-0.10104127,0.108744964,-0.060790192,0.0026525427,0.020774286,0.026241781,-0.012098685,-0.094512135,0.066309065,-0.026773995,0.003969791,0.04431898,0.029931232,-0.06788778,-0.07588567,0.12582192,-0.015708221,-0.036809504,-0.008606275,0.0017827206,0.010483495,-0.0076849987,-0.0788876,-0.07525822,-0.008598328,0.032785263,-0.058574498,0.035253752,-0.06874145,-0.03325728,0.010128301,0.014822975,0.002680236,0.027184822,-0.022385323,-0.00021263452,0.032743983,0.013999751,-0.07293068,0.083706565,0.06863544,0.02751824,-0.09375716,0.07306073,-0.0040718736,0.04954556,0.059498146,0.01749755,1.3546251e-32,0.052818283,-0.04072756,-0.04075165,-0.00873574,-0.014567243,0.083019406,0.011983216,-0.032507885,0.005389039,-0.09041807,-0.06812241,-0.043220136,0.047234014,-0.0007202109,0.023902679,-0.040911697,0.021994034,0.023681121,-0.017877277,-0.011169156,0.029485527,0.0081268875,-0.07879319,0.11151964,-0.073204525,0.022481602,-0.040833034,0.0038012424,-0.0118611045,-0.0060133347,0.056343477,-0.017725164,-0.036214836,-0.0592136,-0.044045597,-0.009241548,-0.00965868,0.022894131,0.025399704,-0.0521482,-0.03082117,0.056209594,0.010279609,-0.02831291,0.081514075,-0.008351738,-0.097190656,0.018806942,0.08430043,0.0061105615,-0.0019701247,0.023303902,0.047861967,-0.0027513406,-0.03449093,0.029902482,-0.0900383,0.017468397,-0.04413543,0.09316657,-0.028443737,0.02506861,0.018124014,0.010893491,-0.030470632,0.043012097,-0.09193227,-0.053509098,-0.036850218,-0.011617251,-0.096155636,-0.06100435,-0.02686349,-0.008800297,0.02963954,-0.056114186,0.07325937,0.1284409,-0.08302634,0.027871303,0.0052718874,0.05531274,0.009986613,0.050211873,-0.09607377,0.010875508,-0.021278307,-0.06332524,0.03692921,0.026650649,0.062389866,0.011558112,-0.041849706,-0.021874633,0.018350912,-1.4838602e-32,0.01570699,0.04215529,-0.027458044,0.055550158,-0.022443207,0.09746401,-0.00719581,-0.01659763,-0.00016201682,-0.07033719,0.1257268,0.047069706,-0.007991164,-0.0101297675,-0.0014602822,0.09361214,-0.019997492,-0.00028257686,-0.031101199,-0.013354215,0.042130556,0.014587873,-0.0063672666,-0.010082374,0.013060929,0.024908407,-0.07546597,0.0030013223,0.058678843,-0.039224,-0.06242832,0.037611865,-0.073226295,0.005560081,-0.011788809,-0.04278698,-0.017186722,0.006102613,-0.099502504,0.025998488,0.035662267,-0.015018383,-0.009748022,-0.0048293523,0.06873722,0.022254152,-0.0011936657,-0.16879246,-0.094751686,-0.049226783,0.047770526,0.04816296,-0.03281795,0.07041681,0.048980076,-0.040686335,-0.031032529,-0.014529098,-0.036370225,-0.0175363,0.06452632,-0.019710256,-0.030307347,0.01041718,0.03275372,0.0004555529,-0.023996351,-0.0037095132,0.024227276,-0.056497127,-0.012816455,0.0062295655,0.12992148,-0.013369614,-0.032597285,0.04719401,0.0016924427,-0.08181778,-0.09393299,-0.04753656,-0.08502953,0.039742913,-1.3088835e-05,-0.05004081,-0.106602505,0.04155201,-0.005115203,-0.012994748,-0.04963499,0.022393916,-0.11892151,-0.05879408,0.06488528,-0.014250231,0.065734066,-6.681128e-08,0.016126959,-0.034585163,-0.05369405,0.023359757,-0.031699605,-0.06020921,-0.036641754,0.078019105,-0.05120089,0.043126285,-0.0026554714,0.075084925,-0.00071932183,0.016133144,-0.028687423,-0.019119726,0.009729413,0.033088494,0.0017486687,-0.030061746,0.000357985,-0.03717737,-0.05042221,-0.051576827,0.011222047,-0.0040822416,-0.027371833,0.03297039,0.03739901,-0.025362652,0.03366268,0.007857748,0.087084346,0.015166226,-0.031111574,-0.037361145,-0.075223595,0.07133778,-0.09577687,0.06710259,-0.051836763,-0.0597452,-0.07239815,0.017451769,0.07324951,-0.050880175,0.014469836,0.043294095,0.091999255,-0.0037163785,-0.014501755,0.06419135,0.04400704,-0.04557393,0.012434205,0.028785687,0.03142071,-0.017372152,-0.011610016,-0.0077479477,0.0041142185,-0.0152096255,-0.016735835,-0.008878619]","Indikation

Empfehlungen zur wirtschaftlichen Verordnungsweise

Wirkungsweise

Aliskiren ist ein oral wirksamer Inhibitor des humanen Renins. Es

handelt sich um ein neues Wirkprinzip. Aliskiren blockiert die

Umwandlung von Angiotensinogen in Angiotensin-I. Dies führt

zur Senkung des Blutdrucks. Die orale Bioverfügbarkeit ist gering

und beträgt etwa 2–3 % und wird durch fettreiche Kost verringert.

Die maximale Konzentration im Blutplasma wird in ein bis vier

Stunden nach oraler Einnahme erreicht. Die mittlere Eliminations-

halbwertszeit von Aliskiren ist mit 24 Stunden relativ lang (8).

Wirkung

Aliskiren wurde in 14 Studien mit über 10.000 Patienten mit essen-

tieller Hypertonie untersucht. An 13 der Studien nahmen Patienten

mit leichter bis mittelschwerer Hypertonie teil, eine Studie wurde

bei Patienten mit schwerer Hypertonie durchgeführt. In fünf rando-

misierten, doppelblinden Studien mit den zugelassenen Dosierungen","{""source"":""/home/sigillus/Schreibtisch/educx/Projekt_KI/markdowns/Aliskiren.md""}",4280711f-e835-4696-b351-a9069280d844,3b0e11c4-a2db-4e48-95ae-e6f6da599f61
f39acabc-6b7e-4952-898d-9988b3067daa,"[0.004150105,-0.08722404,-0.07875813,-0.02294486,-0.010324111,-0.029403418,0.04902172,0.13257256,0.03069889,-0.03612826,0.080659054,-0.0004674639,0.012038906,0.05732544,-0.020673662,0.043480176,0.089818485,0.001580979,-0.08775701,0.07369538,0.038564757,-0.012301082,0.034001175,0.08178414,-0.0901558,0.041604888,0.008022045,-0.0038516803,-0.011377563,-0.015897572,0.02942273,-0.007343018,0.08569909,-0.119415,0.03541364,0.029534185,-0.08070952,-0.05650546,-0.031816963,0.048582003,0.050359335,0.0149516985,-0.14764379,-0.019698111,0.05741552,-0.024769861,0.035829313,0.044507064,-0.03890926,0.10576243,0.009391851,-0.026154945,-0.03389501,0.062445335,-0.038201537,-0.167179,-0.13983074,0.038320962,-0.054515302,0.03470911,-0.060571842,0.057938103,-0.022178805,0.027402157,0.038293608,0.04174188,-0.005903906,-0.057393927,0.010499364,0.024576895,0.045691233,-0.066816755,-2.7221427e-05,0.029277889,-0.073765494,-0.041939203,0.012191781,0.02129927,-0.036483224,-0.028673701,0.00035563688,0.013326019,0.040255666,0.10134845,0.03252019,-0.025019728,-0.05140825,0.10569151,-0.055694927,0.029761152,0.054965008,0.023348002,-0.06308415,-0.0047538634,0.08564268,-0.063233964,-0.09047066,0.004003233,-0.0034006478,-0.049734432,0.010540303,-0.02292467,-0.07318798,-0.036793012,0.03105068,-0.032952745,0.02434175,-0.017748518,-0.016699383,0.06959805,-0.021963662,-0.008525404,0.024742065,0.03227555,0.026400564,0.025019411,0.028102186,-0.015112626,0.07125527,-0.045303788,-0.048826445,-0.038715508,0.080481015,-0.03639906,0.01880037,0.12637089,0.013412384,1.2683118e-32,0.0451793,-0.16031978,0.040280446,0.005961484,-0.032331664,0.11100132,-0.003548543,0.051306646,0.050501727,-0.036705647,-0.04784078,-0.03165966,0.054799072,0.02778792,-0.0011496474,-0.0175968,0.0053986595,-0.04344791,0.030136365,0.01873851,-0.0095080985,0.01909382,-0.06956222,0.05459007,-0.04327221,0.03843507,0.0054316106,0.059895437,-0.10006194,-0.008750849,-0.010809353,-0.054114178,-0.008002504,-0.04035232,-0.10385092,0.024616882,-0.026629487,0.02568787,0.011600524,-0.014110308,-0.050129607,-0.013367993,-0.039312705,-0.021353213,0.1200558,0.0003990383,-0.07649859,0.010882276,0.05716906,-0.020113468,-0.038380582,-0.00443025,0.04719238,0.017238727,-0.058212332,0.072491,-0.095595986,0.06598276,0.00842072,0.06694789,-0.05013557,0.081787504,0.037421837,0.017112212,0.022259438,0.040934473,-0.084665954,-0.0805244,-0.07704715,-0.04572065,-0.016518855,-0.042030435,0.05714063,0.012771765,0.021315945,-0.029783987,0.0008183209,0.07921797,-0.03855025,0.008576014,-0.001289922,-0.051589597,0.06176573,0.042672336,-0.108703084,0.023979474,0.042934213,-0.059286233,-0.019307615,0.012547523,0.05963438,-0.03737472,-0.07980058,-0.034983505,0.025012085,-1.316377e-32,0.02970101,-0.012282788,-0.009447096,0.02543611,0.037933294,0.01980576,0.0045852847,-0.019614493,0.03535553,-0.05670968,0.04243139,0.061053723,-0.07627007,-0.052073218,-0.0066243378,0.095785834,-0.05799405,0.030767238,-0.03114306,-0.0117478045,0.046144888,0.01955623,0.023483448,-0.019100001,0.058695927,-0.01189485,0.02304183,-0.017093908,0.06620609,0.015347725,-0.015081421,0.096795045,-0.039948467,-0.021762302,0.010280121,-0.03208304,-0.054971308,0.026913885,-0.08716777,0.05782659,-0.05986751,-0.0111087,0.035414696,-0.06597928,0.092265114,0.06735211,-0.04545067,-0.1682678,-0.04802333,-0.029885305,0.0057369107,0.024907766,0.0072749276,0.12677138,0.04699987,-0.021216333,-0.02256124,-0.03230369,-0.03227125,-0.007852721,0.04569111,-0.01986603,0.031554896,-0.07975993,0.002679253,-0.011837,-0.023921577,0.0052885287,0.016876025,0.009586039,-0.021329105,-0.091682464,0.039528962,0.009575136,-0.030325687,0.047786098,-0.008249006,-0.020816509,-0.05470599,-0.014285981,-0.07327745,0.030809807,-0.04818708,-0.02463433,-0.06600356,0.03783893,-0.046274755,-0.014131572,-0.081766,0.08119194,-0.05342697,-0.03439834,-0.019507965,0.040676568,0.05096267,-5.697583e-08,0.023907265,-0.07270631,0.017188238,0.03376247,-0.04965722,-0.019195624,0.003957756,0.03485561,-0.047621187,0.038026165,0.018527165,0.037480075,-0.0005024601,0.020550413,-0.0869453,-0.028653098,0.039614916,-0.043444622,0.01781852,-0.012295141,-0.00092881196,-0.060913406,-0.047160167,-0.06679088,0.042059917,-0.011060216,-0.024984187,-0.005991674,0.04040362,0.010564374,0.0102782035,0.014257353,0.08051147,-0.013313172,0.04272062,0.006132603,-0.045146126,0.056638494,-0.05327015,0.06109844,-0.07668087,-0.15998074,0.010953778,0.023358501,0.12348552,-0.04583408,-0.026986679,0.038595565,0.048604816,-0.011947884,-0.013096774,0.076147884,-0.008142499,-0.04404395,0.0033796062,0.070425995,-0.020432046,-0.06398997,0.016803704,0.028349468,-0.056465503,-0.029298414,-0.025181457,-0.0093392925]","misierten, doppelblinden Studien mit den zugelassenen Dosierungen

von 150 mg und 300 mg wurden die Wirkungen von Aliskiren in

Form einer Monotherapie vs. Placebo verglichen. Die Blutdruck-

senkung durch Aliskiren war gegenüber Placebo in allen Studien-

gruppen bis auf eine (150 mg Aliskiren vs. Placebo) signifikant

(mittlere Senkung des systolischen Blutdrucks um 11–15 mm Hg

unter Aliskiren vs. 5–9 mm Hg unter Placebo; mittlere Senkung

des diastolischen Blutdrucks 9–14 mm Hg unter Aliskiren vs.

3–5 mm Hg unter Placebo). Weiterhin wurde die Wirkung von

Aliskiren – allein oder in Kombination mit anderen Blutdruck

senkenden Arzneimitteln – verglichen. In den direkten Vergleichen

von Aliskiren mit anderen Antihypertensiva (Hydrochlorothiazid,

Atenolol, Ramipril, Amlodipin und Valsartan) war die blutdruck-

senkende Wirkung vergleichbar stark. Die Blutdrucksenkung

durch eine Kombinationsbehandlung war stärker im Vergleich","{""source"":""/home/sigillus/Schreibtisch/educx/Projekt_KI/markdowns/Aliskiren.md""}",737e190e-6a32-4772-8a3d-41d1448401dc,172a2b0d-1cea-4575-9143-f34de5650fdf
f39acabc-6b7e-4952-898d-9988b3067daa,"[-0.06622735,-0.047286127,-0.03725056,-0.017013768,-0.03174248,0.016898517,0.014071262,0.1835445,-0.014413921,0.020875059,0.037479747,-0.055792272,-0.09981754,-0.0061416565,-0.07441939,0.025877008,0.0014868318,0.006192395,-0.02082586,0.048763394,0.06831678,-0.054117966,-0.049298335,0.021694234,0.05670885,0.027687624,-0.030690009,0.034043606,-0.01904506,-0.08778896,0.07600314,-0.030045079,0.021044388,-0.030112956,0.06968458,0.00414966,-0.040558614,-0.049064387,-0.00027571627,0.06570502,0.07249875,0.0565594,-0.10137722,-0.067000076,-0.03341688,-0.013505159,0.03107725,-0.02194293,-0.076941736,0.08934648,0.04174846,-0.025825843,-0.007225849,0.031116702,-0.020221442,-0.068981566,-0.11914727,0.025488382,0.03062392,0.0017635863,-0.04978911,0.008229066,0.001958788,-0.008243704,-0.06397528,0.00680868,0.042910818,-0.09960405,0.0133699905,0.004835777,0.034329142,-0.06304596,-0.017216057,0.06443496,-0.023922779,-0.0149699105,-0.016105302,0.022045748,-0.029042285,-0.0686862,0.051395006,0.018428683,0.0028723818,0.044419937,0.020980269,0.09281365,-0.0076126694,0.037222832,-0.0081286365,-0.09867317,0.04055197,0.039061185,-0.007883747,-0.05959347,0.014923095,-0.014290399,0.056249347,0.08996228,0.05619601,-0.007957595,0.076598346,0.038937733,-0.063772105,-0.030024238,-0.006131169,-0.011478836,0.035648532,-0.0214208,0.083192594,0.043674298,0.019557817,-0.034628816,0.05554198,-0.053402774,0.014883887,0.031348042,-0.0611739,-0.06833648,0.10439657,0.098885424,-0.058385283,-0.07315988,0.044957858,0.035796374,0.1330655,0.13044311,-0.05440168,1.5181029e-32,0.07622167,0.0005355718,0.022200556,-0.0035163611,-0.0284768,-0.049405683,-0.056038428,-0.03398179,0.026734808,-0.04673063,-0.032600064,-0.054409686,0.016019227,-0.009188289,-0.01699287,-0.05513275,-0.003441009,-0.0376457,-0.0354152,-0.0181912,-0.080357365,0.015047684,-0.049453866,0.09084591,-0.057552677,0.08104942,-0.012749772,0.009593102,0.06160637,0.028257374,0.025381627,0.0035152067,-0.029047161,-0.012352153,-0.06477213,-0.002694499,-0.05826032,0.05525782,0.016079538,-0.037550118,-0.049747918,0.08289255,-0.028625822,-0.024243295,0.100304715,-0.109291494,-0.07927695,0.026508259,0.060765054,0.0050366386,-0.016571388,-0.012710966,0.13296732,0.047064856,-0.024208197,0.097479805,-0.11125714,0.011804027,0.017478906,0.050564714,-0.0051410417,0.032319862,0.003236436,0.0012594865,0.0054822625,0.07127304,-0.01504581,-0.06388661,0.026605738,-0.03007778,-0.052357137,-0.05793175,0.043983977,0.01840054,0.03914507,0.012950861,0.061110634,0.08207799,-0.04395238,-0.0406935,-0.011655261,0.035237417,0.04429511,-0.03127022,-0.09212219,-0.14390522,0.052140538,-0.060137983,-0.06583193,0.030889349,0.11123742,-0.014179316,-0.05499218,-0.079010956,-0.04167721,-1.4963805e-32,0.04335748,0.014756632,-0.0816925,0.0077305143,-0.054828756,0.10585332,-0.008354534,0.066317596,-0.09568046,-0.07594801,0.11453358,0.07236595,-0.08253008,-0.04109222,-0.027134556,0.01713624,0.011058628,0.018997269,0.060120992,0.004851262,0.048452266,-0.004049769,0.034049287,-0.0032257074,0.048704777,0.014514164,-0.041909575,-0.04990066,0.07051261,-0.053085208,0.0053945286,0.114955746,-0.033299882,-0.02010844,-0.060873315,-0.04337857,0.019329617,0.028244615,-0.04437076,0.020444177,0.0009705061,-0.053695742,0.061164934,-0.039667204,0.09865694,0.027265308,-0.05319057,-0.060089186,-0.05973973,-0.051983874,-0.07406127,-0.017449789,-0.02259889,0.026121277,0.04723735,-0.041069206,0.020323178,0.014562466,-0.1470563,0.03375771,-0.016172538,0.011094125,0.017486596,-0.023154711,-0.00071243424,0.07044033,-0.02055149,-0.059466828,0.011430324,-0.021705326,-0.03366339,0.025461579,0.053991012,-0.005786093,0.03239335,-0.06365788,0.004743478,-0.028336462,-0.07343388,-0.062933795,-0.14969075,0.048907686,-0.07415496,-0.041388527,-0.023481876,0.0034250894,0.0042514415,0.007396772,-0.060004957,-0.030534644,-0.014726348,-0.0140464865,0.012864135,0.037664317,-0.0036315436,-6.947268e-08,0.08825615,-0.023177369,-0.022213338,-0.025089571,-0.028615396,0.02782404,-0.03434234,0.02430045,-0.037908036,0.03491477,0.052288752,0.06242285,-0.019485105,0.016872777,-0.009698703,-0.0078001744,0.0072345245,-0.009687819,-0.06766886,-0.025199305,-0.013400281,0.0122990515,-0.038411696,-0.025054341,0.038060065,-0.011347179,-0.030722316,-0.0033423726,-0.045702625,0.0030992753,0.0069887615,0.07974863,0.067593746,-0.050051205,-0.0032196366,-0.037778754,-0.0014156782,0.09671286,-0.025268951,0.038491234,0.01483185,-0.027482681,-0.079142414,-0.008439846,0.07084738,-0.009788068,0.020811306,0.028394151,0.037077256,-0.0062641874,-0.046803832,0.0568788,-0.0368879,-0.06943545,-0.07573106,-0.010588021,-0.020834645,-0.03387609,0.01821774,-0.0417615,0.053436026,-0.058660407,-0.018414369,0.06816045]","durch eine Kombinationsbehandlung war stärker im Vergleich

zur Monotherapie (mittlere systolische Blutdrucksenkung –1 bis –7 mm Hg, mittlere diastolische Blutdrucksenkung

1 bis –4 mm Hg), allerdings nicht in allen Studiengruppen (6;9). Bei

einer Kombinationsbehandlung mit AT 1-Rezeptorantagonisten

(duale Reninblockade) besteht die Gefahr einer Hyperkaliämie

(10). Gleiches gilt für die Kombination mit ACE-Hemmern.

Nebenwirkungen, Risiken und Vorsichtsmaßnahmen (6;8)

Nebenwirkungen:

Häufig: Diarrhö,

gelegentlich: Hautausschlag,

selten: Angioödem – falls Anzeichen auftreten, die auf eine

allergische Reaktion hinweisen, sollten die Patienten die Be-

handlung abbrechen und den Arzt kontaktieren.

Husten,

Abfall von Hämoglobin und Hämatokrit,

Hyperkaliämie (Überwachung der Serumelektrolyte und der

Nierenfunktion bei Diabetikern, Patienten mit Nierenerkran-

kungen und Patienten mit Herzinsuffizienz vor allem zu The-

rapiebeginn und bei zusätzlichen die Kaliumkonzentration","{""source"":""/home/sigillus/Schreibtisch/educx/Projekt_KI/markdowns/Aliskiren.md""}",6f9b30f3-4ead-4da0-b5ce-119f2acd59fa,80f41f64-8624-49ca-b261-b543351248f3
f39acabc-6b7e-4952-898d-9988b3067daa,"[-0.011910182,-0.060395267,-0.06965896,0.08535986,-0.08454584,-0.0012578776,0.04546559,0.078882806,0.00037046318,0.031469885,0.0070176614,-0.048823263,-0.015267475,0.06734325,-0.06613372,-0.081645,0.036870647,0.0072490005,-0.13688727,0.07626223,0.04070364,-0.096918486,0.050102796,-0.0023127657,0.020395864,-0.069533005,-0.054282345,-0.06293856,-0.001382354,0.012241336,-0.022039669,-0.031431306,-0.014001093,-0.04835274,0.022130061,-0.033010412,-0.018449089,-0.036779877,-0.036310863,0.081261694,0.03046099,-0.022222621,-0.18061095,0.0012014775,-0.068799905,-0.02510845,-0.0090470025,-0.033348072,-0.1486251,0.05328114,-0.052188072,-0.036122743,-0.00013772855,0.07609889,-0.051533554,-0.08246854,-0.024793657,-0.039093707,-0.02358128,-0.0030033407,-0.048118774,0.00050489546,0.05906002,-0.020188073,0.004278462,-0.021022813,0.057608742,-0.054378808,0.03459277,-0.04096196,0.09798809,-0.051949825,0.07643029,0.035433628,-0.018912861,0.040727723,0.013236122,-0.020106759,-0.08345048,-0.06251664,0.076927036,0.038376976,0.04644859,0.06749901,-0.015043101,-0.047951087,-0.018335773,0.05290105,-0.09455264,0.043876264,0.025295403,0.098496564,-0.016633155,-0.074212715,0.11827124,-0.025115093,-0.03560097,0.0049695885,0.0842063,-0.06812744,-0.020077657,-0.05662555,-0.008330756,0.04157169,0.037334517,-0.032768257,-0.061557442,-0.049880106,-0.03678467,0.041937124,-0.030971266,-0.014725536,-0.005587514,-0.011336862,0.062789395,0.081570685,-0.033182397,0.0074550384,0.055185232,0.03452149,0.058955878,-0.0579534,0.021763,-0.012336809,0.06936232,0.14478695,0.010081122,1.4008522e-32,0.036933437,-0.049638174,-0.014363265,0.016349126,-0.01097515,0.062410355,0.009401694,-0.020239718,0.0633459,-0.009081283,-0.106777534,0.11449403,-0.015191691,-0.07896466,-0.006750753,-0.045501135,-0.0054006614,-0.022781538,-0.025790537,-0.031269774,0.0072823768,0.06715341,0.028898334,0.04851792,0.00954441,0.08062475,-0.09124236,0.008385271,-0.09939724,0.025016246,0.06034331,-0.04334295,-0.05221537,-0.047203507,-0.08355268,-0.016427854,-0.037958592,0.046221733,0.035876032,-0.08072084,-0.061195854,0.026155138,-0.017607355,-0.04419477,0.03696119,0.026642105,-0.09857971,-0.018016638,0.006443532,-0.0028229805,-0.026239255,0.047971517,0.08630648,-0.021991255,-0.01568497,0.03974743,0.021232398,-0.004936141,-0.04855086,0.0046218215,-0.01842129,0.050222106,0.070032895,-0.008831768,-0.005611699,0.051870625,-0.045976106,-0.066446446,0.01647058,-0.06345031,-0.069822565,0.020365011,0.0459444,0.0015289581,0.04416305,-0.032807443,0.040854815,0.040623125,-0.103958726,-0.071359,0.00558011,-0.036143802,-0.003921621,0.039613765,-0.016271437,-0.017767437,-0.033761576,0.066456296,-0.04610398,-0.004812153,0.038793303,-0.0062560616,0.024385374,0.020662658,-0.017647995,-1.5363235e-32,0.021163303,0.03538092,-0.060405444,0.019457314,0.049943745,0.10551174,-0.034743465,0.075693265,-0.10029954,-0.0032361748,0.060677987,0.041578494,-0.06262474,0.007095725,-0.07156251,0.09764393,-0.0413704,0.05677809,0.008719603,-0.033811055,0.028319009,0.045704346,-0.06811926,0.02712177,0.06142494,0.018061297,0.012452943,-0.06211862,-0.025941603,-0.07119762,0.07225826,0.013477614,-0.024643425,-0.07479658,0.01055276,-0.12456422,0.06105134,-0.025980372,-0.09891712,0.03558921,0.032107454,-0.001127422,0.08579292,-0.0021525223,0.04352547,0.024347842,-0.035500277,-0.14755198,-0.019223928,-0.052321903,0.063262284,0.021231161,0.006350577,0.06604322,0.023598496,0.06468388,0.027061503,-0.041222353,-0.1216074,0.010498251,0.06784966,-0.050959136,0.04120771,-0.018591452,0.022237714,-0.016474599,0.036966834,-0.049881287,-0.014226408,0.05687429,0.010473544,-0.059841745,0.016011616,0.020213256,-0.013151801,0.061981436,-0.048874527,-0.06406097,-0.029024761,0.015561333,-0.05846497,-0.025361195,-0.011460711,-0.014367446,-0.015808685,-0.043507498,0.11247673,0.00746137,-0.015155184,-0.00905724,-0.0395092,-0.040259395,-0.012763771,-0.08873599,0.043592416,-7.2144196e-08,0.10423681,-0.032365493,-0.038171187,0.0038419955,0.015396044,-0.08188286,-0.007918323,0.11713842,-0.04825287,0.068367414,0.00077223004,0.048645705,0.046047993,-0.019345473,-0.009062497,-0.047684155,0.012475849,0.02744297,-0.012955575,-0.03128772,0.0032089513,-0.028664786,-0.08819167,-0.07553858,0.017628549,-0.014765573,0.01817355,0.0134888245,-0.040694915,-0.023399362,-0.010842924,-0.010063396,0.09238568,0.0063587856,-0.0466064,0.035056908,0.018964825,-0.032217566,-0.05392847,0.036018927,0.01519277,-0.027554307,0.023310069,0.046514757,0.06227007,-0.030873062,-0.017215343,0.007918493,0.057811573,0.08405161,-0.043938357,0.026573656,-0.068334825,-0.0021451397,-0.063256174,0.025354076,-0.0037628254,0.061932735,-0.040869888,0.0077407,0.06470987,0.0001446706,-0.03637033,-0.019361153]","rapiebeginn und bei zusätzlichen die Kaliumkonzentration

erhöhenden Ereignissen oder Behandlungen).

Interaktionen:

Die gleichzeitige Verabreichung von Azolantimykotika (z. B.

Itroconazol) führt zu einem 1,8-fachen Anstieg der Plasma-

spiegel von Aliskiren, die gleichzeitige Gabe von Atorvasta-

tin zu einem 1,5-fachen Anstieg.

Bei gleichzeitiger Gabe von Furosemid und Aliskiren können

die Plasmaspiegel von Furosemid bis zu 49 % gesenkt wer-

den. In klinischen Fällen von Volumenüberlastung muss

daher die Furosemiddosis erhöht werden, um eine Wirkungs-

verringerung zu vermeiden.

Kontraindikationen:

Keine Anwendung in der Schwangerschaft und Stillzeit,

keine Anwendung im Kindesalter.

Bei Patienten mit stark eingeschränkter Nierenfunktion

(GFR < 30 ml/Min., Dialyse, nephrotisches Syndrom) sollte

Aliskiren nicht verordnet werden, da es in dieser Patienten-

gruppe nicht geprüft wurde.

Kosten

Antihypertensiva 1

Wirkstoff Präparat DDD-Angaben 2 Dosis Kosten 4 Wochen [€]","{""source"":""/home/sigillus/Schreibtisch/educx/Projekt_KI/markdowns/Aliskiren.md""}",9fc3055c-55c2-4696-8e33-a307a050f223,5286c954-3773-4a47-aeca-e10cdd5ec3c8
f39acabc-6b7e-4952-898d-9988b3067daa,"[-0.08282205,-0.033452015,-0.095013306,-0.008634044,0.034511093,0.0020788494,0.023246273,0.1237542,0.028287252,-0.030003263,0.03486532,-0.037436686,-0.0027667275,-0.01673066,-0.103688754,0.051900525,0.022977103,0.018509995,-0.010572055,-0.011834454,0.0141648995,0.062549844,-0.008895896,0.046959028,-0.037427578,0.10629265,-0.004739189,0.00491609,0.010863504,-0.065673225,0.020159677,0.027976269,0.10482749,-0.024486938,-0.0026909455,0.0340399,-0.12623414,-0.02098341,-0.0522596,0.019923849,0.05884585,-0.01783198,-0.048994817,-0.013303272,0.016777901,-0.024078175,-0.077797,0.08003924,0.018533858,0.13649362,-0.018767107,0.017326294,-0.02389168,0.077477925,0.014180935,-0.083253734,-0.118691236,0.0037940564,0.020523103,0.06609088,-0.011421871,-0.015113163,-0.017457834,-0.045716684,-0.08387233,0.026265327,-0.044096194,-0.03986513,0.052146595,-0.007184423,-0.017110972,0.015072234,0.04676794,0.090180896,-0.04548392,-0.019506548,0.04068641,0.0018591118,-0.027886787,-0.07655445,-0.038728584,0.026776057,0.029964264,0.086950734,0.018519426,0.06460093,-0.057816725,0.056380022,0.10496475,0.018515943,0.09872993,0.05450394,-0.026726337,-0.044970155,-0.013891024,-0.023124548,-0.08541889,-0.040528603,-0.11455897,0.0010476026,0.026272709,0.023548044,-0.049275264,-0.07430955,-0.05134951,-0.064852886,0.061340325,-0.0152149,0.019647157,0.021456657,-0.024960151,-0.009330548,0.042378627,-0.046455946,-0.021178387,-0.05556365,0.021217465,-0.023479719,0.062147748,0.008427951,0.05633536,-0.0025623525,0.026273306,-0.009499444,0.030955847,0.049509227,-0.038716648,1.2874211e-32,0.022815688,-0.016893173,0.0019196235,0.11017257,-0.021112178,0.013689379,0.0068464642,-0.010185778,0.004152551,-0.06569143,-0.074993216,-0.04384791,0.003143256,0.073418245,0.036553416,-0.015609275,0.050364424,0.015942149,0.08517888,-0.010052592,-0.015200453,0.088209756,-0.079292096,0.024032705,-0.047846105,0.06633133,0.011603335,0.053467948,0.061676405,-0.010896046,0.037732158,-0.04224328,-0.07019539,-0.04474617,-0.10561843,0.04590618,0.017225118,-0.012193837,-0.03397645,0.05474269,-0.006012892,0.04089379,-0.05827011,0.04859691,0.07213535,-0.096868254,0.00023225523,0.075847,0.0782769,0.022266392,-0.020600738,-0.028137404,0.10631714,0.03797642,-0.09060174,0.06358227,-0.11872308,0.049173772,0.054250013,0.06094653,-0.047610693,0.038950667,-0.02308946,-0.008806554,0.033404034,-0.04109615,-0.055410955,-0.08396255,-0.027651813,-0.035565093,-0.040908042,-0.019114096,0.038326077,0.023092905,-0.0076356996,0.017733034,-0.0062927566,0.0566691,-0.025039103,0.031419028,-0.032637455,0.033189066,0.08840169,0.09007053,-0.028127214,0.0033582668,0.009539511,-0.052463606,-0.02778688,0.0015723783,0.027008776,-0.06635765,-0.11586727,-0.009924954,-0.026996268,-1.0880599e-32,0.0078051407,0.026099818,6.584529e-05,0.0671022,2.0994847e-05,0.02652908,-0.029592667,-0.02803502,0.0543962,-0.07871309,0.12767836,0.010219357,-0.026003925,-0.039857794,-0.006433651,0.06266111,0.002063184,0.08401056,-0.06287615,0.015881019,-0.047249008,0.06052071,0.08454391,0.020629935,-0.019800184,0.07027873,0.07414052,-0.09946662,0.04420522,0.058713578,0.04769385,-0.021397792,-0.090134,-0.006413412,-0.031319547,-0.021271257,-0.026376063,0.01313081,-0.060050163,0.007852242,-0.011390695,0.00735533,-0.0031598054,-0.05593343,0.013713548,-0.033344883,0.0198437,0.0010156435,-0.004353487,0.045649882,-0.024373742,0.050955612,-0.028780088,0.056359734,0.060240462,-0.100943334,-0.020057818,0.022420168,-0.015222329,0.00052689784,0.013053236,0.015626589,0.0143552,-0.070601285,0.04752944,0.041548435,0.031591836,0.049523927,0.026996331,-0.058590885,-0.027472002,-0.015703738,0.0443292,-0.019254135,0.07340942,0.012794286,0.043117385,-0.0139251575,-0.0257266,-0.046138953,-0.009738862,-0.039261177,-0.03893033,0.00691028,-0.06500773,0.060925186,0.010124592,0.05118188,0.037162796,0.026445163,-0.029091543,-0.03834191,-0.0051756515,0.095053494,0.070518285,-5.548558e-08,0.03987206,-0.047163952,-0.043325234,-0.07548411,-0.04109703,0.046348035,-0.03499994,-0.034401916,-0.041560765,-0.01582467,0.005829632,0.11748754,-0.011770537,-0.020238534,-0.015921187,-0.042140756,0.06182444,-0.016579542,-0.0019228356,0.010933158,0.009528588,-0.035848454,0.0114232125,-0.031597532,0.043216124,-0.10230294,-0.00878522,-0.08740256,0.06668527,0.07721179,0.007101287,-0.020083953,0.045396,-0.04928553,0.13054252,0.020700475,-0.067711554,0.08708122,0.035022043,0.043165725,-0.067442924,-0.14262612,0.008346159,0.024632582,-0.0030993414,-0.051422324,-0.0033777275,0.0586909,-0.0064541954,-0.14174858,-0.039541245,0.058067996,-0.0046668667,-0.11578745,-0.08681327,-0.027686046,-0.0006321178,-0.058648724,0.03126086,-0.07062534,-0.02659194,-0.082628824,-0.058509752,0.047896523]","Kosten

Antihypertensiva 1

Wirkstoff Präparat DDD-Angaben 2 Dosis Kosten 4 Wochen [€]

Renininhibitor

Aliskiren Rasilez ® 150 mg 150 – 300 mg 3 32,41 – 38,34

Diuretikum

Hydrochlorothiazid Generikum 25 mg 12,5 – 25 mg 4 ab 4,17 – ab 4,59

Betablocker

Bisoprolol Generikum 10 mg 5 2,5 – 10 mg 4 ab 3,58 – ab 4,60

ACE-Hemmer

Enalapril Generikum 10 mg 2,5 – 40 mg 4 ab 3,63 – 7,41

Ramipril Generikum 2,5 mg 1,25 – 10 mg 4 3,65 – ab 4,93

Kalziumantagonisten

Amlodipin Generikum 5 mg 5 – 10 mg 4 ab 4,00 – ab 4,00

Nitrendipin Generikum 20 mg 10 – 40 mg 4 ab 3,67 – ab 8,14

AT 1-Antagonisten

Candesartan Atacand ®, Blopress ® 8 mg 4 – 16 mg 4 ab 19,62 6 – ab 29,04 6

Valsartan Cordinate ®, Diovan ®, Provas ® 80 mg 80 – 160 mg 4 25,61 – 31,00

Im Vergleich zu einer Therapie mit Antihypertensiva der ersten Wahl erhöht eine Umstellung auf Aliskiren die Kosten für eine antihy-

pertensive Therapie.","{""source"":""/home/sigillus/Schreibtisch/educx/Projekt_KI/markdowns/Aliskiren.md""}",2a3327c4-e27a-4e5a-be77-702553994389,a21356ec-6e75-46a5-8310-0504316369e2
f39acabc-6b7e-4952-898d-9988b3067daa,"[-0.08057577,-0.023580994,0.0057052313,0.011106125,-0.0524359,-0.019515116,0.06688283,0.09375527,-0.095148966,0.012805371,-0.00737517,-0.021499777,-0.0035632923,0.0107683465,-0.046814878,0.0276281,0.013724009,-0.007293314,-0.014366898,0.11433854,0.071219094,-0.031982794,-0.06392134,0.00641369,-0.017222613,0.07298981,-0.11251819,-0.020231461,0.037717026,0.0042923433,-0.07449481,-0.033448,0.0318867,-0.038127977,0.031273887,0.017322697,-0.03613021,-0.110680796,-0.08567149,0.10921268,0.055246852,-0.084083036,-0.21350256,-0.03903965,0.041487742,0.04509955,0.049996518,-0.012661599,-0.040800665,0.13526696,-0.057284184,-0.053633753,-0.009358918,0.00058502844,-0.020705162,-0.108131856,-0.108764134,-0.02630884,-0.00948219,0.003027515,-0.010300838,0.039295327,-0.02044919,-0.017020911,-0.040163275,-0.013612459,-0.009128442,-0.04584917,0.08443872,-0.041207902,0.008286829,-0.004716349,0.0057976213,0.03915373,-0.00055750867,-0.08452474,-0.015949454,-0.04164007,-0.02346139,-0.12263957,0.0886932,0.026679197,0.02009127,0.059690617,0.010151403,0.044415973,-0.030103087,0.022720272,0.015382899,-0.027625874,0.042120222,0.019096058,-0.12108637,-0.053244118,0.12864804,-0.03786546,-0.039268672,-0.058726687,-0.029120663,-0.00840887,0.04765588,-0.0074647088,-0.0024876848,0.009327043,0.05004448,-0.08424296,-0.0017013649,-0.024877796,-0.0011351419,0.092850864,-0.04054409,0.044466257,0.03423821,-0.05810073,-0.041055255,0.03329268,-0.034974582,-0.055604428,0.059418626,0.01975567,-0.0019056385,-0.057721894,0.074073635,-0.02875036,0.06846201,0.0769927,-0.01788082,1.3415494e-32,-0.027915629,0.03390626,0.0057221004,0.05588384,0.027145749,0.06369953,-0.08391118,-0.019485323,0.06986169,-0.08414474,-0.06090094,-0.0022935837,0.0015374168,0.10382269,0.006897606,-0.020076776,0.0061473935,0.04479058,0.021390488,-0.04799846,-0.0140697295,0.007054605,-0.031767167,0.06552925,-0.09485877,0.06877009,-0.046968248,0.042037845,-0.0032789216,0.041300062,0.012557522,-0.04945117,0.0072051897,-0.070457496,-0.06913836,0.050382607,0.02117905,-0.027500652,0.0026059723,0.005671987,0.034863636,0.0287155,0.049697015,-0.050033182,0.055548947,-0.027118452,-0.047181442,0.07251502,0.023756145,-0.055012494,0.009903547,0.041695695,0.036538463,-0.040328726,-0.092702374,0.08250934,-0.074892774,0.03772798,-0.055412557,0.0050146542,0.0012777655,0.034473043,0.0625456,0.012749191,-0.03292132,0.017794294,-0.078137845,-0.009349849,-0.00798413,0.0067843664,-0.07488771,-0.016422432,0.021686956,0.017102871,0.07130873,0.028390137,0.044387244,0.08627927,-0.04739594,-0.03821857,-0.039338477,0.0026405053,0.072843686,0.024547972,-0.005857932,-0.053822514,0.05055332,-0.04332191,-0.0065083113,-0.043845605,0.045929316,0.010931381,-0.119626634,0.003260905,-0.043013822,-1.5812744e-32,0.028062604,-0.008133439,-0.039810855,0.0767072,0.058715265,0.048327316,-0.009911304,0.032210566,-0.025188722,-0.054473802,0.11574908,0.008283803,-0.08163373,-0.067176916,0.031297073,0.08477585,-0.046321798,0.07021245,-0.039955772,0.008453693,-0.01853743,-0.06712123,0.03135901,0.08074358,0.012681823,-0.02319703,-0.016345844,-0.12408089,0.03535842,-0.012657447,-0.00028295294,0.019637438,-0.08291611,-0.056673236,-0.01462707,-0.006300423,0.029897707,0.045511603,-0.06881609,0.040438097,0.07868405,-0.0322933,0.06392248,-0.035772484,0.030992048,0.0034191303,-0.046529528,-0.12812081,-0.046294995,0.033033922,0.033231046,-0.028621694,0.048084687,-0.0075511835,0.0019430212,-0.0038931086,-0.053627063,0.004835756,-0.08466785,0.034806885,-0.014328217,0.030115144,-0.010067606,-0.04349499,0.043927938,0.013010679,0.011758903,0.023049485,-0.019882668,-0.03953675,0.061202466,0.02126204,0.009005183,0.021150146,0.019211056,-0.0068084216,0.08518243,-0.0023249935,-0.0311018,-0.09170015,-0.062142506,0.029740378,-0.022623967,0.017451676,-0.13411361,0.10778768,0.012375539,0.0127458,-0.08111538,-0.04418161,-0.026433557,-0.010586167,-0.10039841,0.022865195,0.07845519,-7.41833e-08,0.0011097149,0.0071164537,0.013255702,0.0014573277,-0.04415485,0.024235312,-0.033040497,0.050592218,-0.026088575,-0.0141550265,-0.03601279,0.08431256,0.0712647,-0.006750586,-0.044620853,-0.022357767,0.021917922,0.0076681334,-0.060387924,-0.048608817,-0.0063639493,-0.030216668,0.021399658,-0.08656239,0.03280155,-0.08643023,-0.03400722,-0.020054223,-0.007517762,-0.015855731,0.028060392,0.037507586,-0.023299823,-0.022289243,-0.0072543183,-0.019728493,0.031108689,0.03372301,-0.09721939,0.059637338,-0.0034727415,-0.07030558,0.05304052,-0.017702637,0.063388474,-0.012186559,0.0010161694,0.05759024,0.01970794,-0.012695162,-0.00097059266,0.1024191,0.060675338,-0.05326644,-0.12250016,-0.014482011,-0.05892491,0.012359953,0.032563135,-0.0027624161,0.03708931,-0.0034332129,-0.040776107,0.07532554]","pertensive Therapie.

Stand Lauertaxe: 01.02.2008 - 1Zu den Antihypertensiva sind nur einzelne Wirkstoffe aufgeführt; weitere finden Sie in den Empfehlungen der Arzneimittelkommission der

deutschen Ärzteschaft zur Therapie der arteriellen Hypertonie (1), 2nach ATC-Klassifikation mit Tagesdosen für den deutschen Arzneimittelmarkt 2008,

Dosierung gemäß Fachinformation, 4Dosierungen zur Langzeittherapie gemäß (1), 5bezogen auf Bisoprololhemifumarat, 6Importe vorhanden

Literatur

Arzneimittelkommission der deutschen Ärzteschaft: Auf einen Blick: Arterielle

Hypertonie. Handlungsleitlinie Hypertonie aus Empfehlungen zur Therapie der

arteriellen Hypertonie (2. Auflage): http://www.akdae.de/35/75_Hypertonie_

2004_2Auflage_K.pdf. Arzneiverordnung in der Praxis, Band 31, Sonderheft 2,

April 2004.

Mancia G, De BG, Dominiczak A et al.: 2007 ESH-ESC Practice Guidelines for

the Management of Arterial Hypertension: ESH-ESC Task Force on the Manage-","{""source"":""/home/sigillus/Schreibtisch/educx/Projekt_KI/markdowns/Aliskiren.md""}",d3d49b5e-f63a-4bd3-81b6-36495f787860,da8ffdeb-672b-4c5a-9e6d-6ebbce45089f
f39acabc-6b7e-4952-898d-9988b3067daa,"[-0.10686526,-0.016089698,-0.042091805,0.024813037,-0.0063730446,-0.03134527,-0.035176665,0.03555209,-0.017997509,-0.020059243,-0.0076096966,-0.03322575,-0.047846925,0.09459118,-0.079016395,0.019239347,0.030976206,0.017723061,-0.010347061,0.062741406,0.06424835,-0.0052759633,-0.072925806,0.019877873,0.0132657215,-0.0013158711,-0.032524303,-0.03234937,0.009097632,0.010235157,0.0053777825,-0.005001374,-0.009527821,0.039144803,0.017038193,0.07548116,-0.034397982,-0.08127281,-0.07700091,0.025276635,0.028435806,-0.06682536,-0.119141094,-0.04725805,0.05779389,0.016161853,-0.047152065,-0.00050458615,-0.034647025,0.116283536,-0.06417048,-0.023300836,0.003440116,0.04790244,0.04042986,-0.06371309,-0.07761784,-0.059720322,0.0038061286,-0.057221677,-0.019011112,-0.041052602,-0.051459663,-0.05264704,-0.12048647,0.03160148,-0.042995017,-0.0077577443,0.08157237,-0.088031024,0.07486888,-0.007888214,0.0012310516,0.07615733,-0.017367814,0.004754915,-0.030535428,0.00994611,-0.015749585,-0.062437244,0.13711005,0.06069866,-0.010469521,0.021980524,0.033168696,0.05301686,-0.06793737,0.035696957,0.0087316595,-0.014976909,0.040642764,0.080531195,0.070747234,-0.011351882,0.07944314,-0.08610139,-0.038112946,-0.020850562,-0.06475763,-0.036288865,0.033438176,0.07207737,-0.07111659,-0.025510253,-0.028648907,-0.0928041,0.024729013,0.009052741,-0.003398151,0.03469638,0.016981626,0.036228586,0.026518594,-0.029722307,0.022273075,0.05548642,-0.018839624,0.07787342,0.027674185,0.060218938,0.003939106,0.05109554,-0.037994936,0.0037880782,0.1142425,0.09257726,-0.073376454,6.253843e-33,0.08489821,0.070323564,-0.018016953,0.031050073,0.029759914,0.045105767,-0.0022130336,0.029578984,0.016267907,-0.08295816,-0.00060782366,-0.039326463,0.014022092,0.080980495,-0.04745018,-0.02463627,0.068080254,0.0075668297,0.010395972,-0.030731428,0.011523753,0.06711574,-0.0444949,-0.005132528,-0.10874123,-0.030031515,-0.052106626,0.059838008,0.075334,0.018673053,-0.011043304,-0.04881022,0.019417888,-0.059776537,-0.098591596,-0.0022653972,-0.03580178,-0.048304856,0.011917182,0.020705558,0.0032790923,0.073881395,-0.089446686,0.025340252,0.028970912,-0.086969435,-0.04104255,0.06548774,0.012098379,-0.016059995,-0.061146032,-0.028315986,0.0059447675,0.0060009537,-0.04600113,0.03797098,-0.07111999,0.0129482765,-0.006155232,-0.023395933,0.0057293726,-0.021092052,-0.037909407,0.08495133,-0.042152956,0.03781246,-0.053810865,-0.038317073,-0.015982412,0.029780582,-0.07531603,-0.017864391,-0.010378114,0.0042786095,0.020370513,-0.018733798,0.06573752,0.07341402,-0.007642364,-0.009688716,-0.05041151,0.07548219,0.07486609,0.13833135,-0.02561285,-0.04345457,0.058628473,-0.010207369,-0.0384209,-0.056458805,0.096243404,-0.04005428,-0.09365846,0.0070687314,-0.030816324,-7.642571e-33,0.02516318,0.052487623,-0.027948745,0.009293691,0.020101942,-0.0011342413,-0.0666333,-0.098038405,0.032324314,-0.12669171,0.0713007,0.030771244,0.020704119,0.0025151065,0.009811267,0.05673468,-0.013069643,-0.049458213,-0.029411374,-0.00529095,0.014824732,-0.054433532,0.009614425,0.045431886,0.021782877,-0.06560493,-0.04027817,-0.086885825,0.013688049,0.057745054,-0.008545469,0.035098907,-0.1187371,-0.082023114,0.015230113,0.025754606,-0.031650648,0.06902963,-0.025548864,0.079197325,-0.016094303,-0.03286945,0.0073387013,-0.015330474,0.011758417,0.09028495,0.07976218,-0.06542172,-0.05631959,0.021686735,-0.06387566,0.002725131,0.018542366,0.07087718,0.03057242,-0.06533977,0.02221321,0.042564303,-0.037300177,0.037782446,0.041409522,0.02888719,-0.037567984,-0.05088957,0.0013256888,0.05450904,0.08240817,0.01419012,0.071028076,-0.095467955,0.023322979,-0.0005903985,0.05159519,0.05813187,-0.009138711,-0.051051933,0.023534149,-0.025548227,-0.09902516,-0.07361117,0.00013570266,0.019805782,-0.060456652,-0.011739498,-0.12052758,0.116302915,0.078176364,-0.017776022,-0.058480486,0.025726786,-0.121507324,-0.023058034,-0.08069623,0.06270397,0.045189686,-5.980451e-08,0.03360764,0.011618745,0.009112242,-0.06746086,-0.025877172,0.01955618,-0.029518742,0.07317676,-0.059280198,0.042153876,0.047679,0.015489286,0.06708765,-0.02856412,-0.04290527,0.0015429896,0.12549566,0.001918713,0.0058290605,0.012114311,0.0044927145,-0.014839485,4.0665767e-05,-0.07508924,-0.008336872,-0.0994531,-0.00095683703,0.022905402,0.034119,-0.019141592,0.026716623,0.037162326,0.12745316,-0.014832384,-0.009194253,0.008718494,-0.0029604498,0.079517946,0.036785934,0.058600035,-0.017710913,-0.013942958,0.032970905,0.02462803,-0.0067963046,-0.01897615,0.07582863,-0.021698214,0.045561172,-0.036166873,0.050603747,0.06696017,0.050426282,-0.035622533,0.015713537,0.023455331,-0.10054919,-0.020752937,0.0639162,-0.010764936,0.026060618,-0.044059936,-0.105366506,0.038661778]","the Management of Arterial Hypertension: ESH-ESC Task Force on the Manage-

ment of Arterial Hypertension. J Hypertens 2007; 25: 1751-1762.

Deutsche Hochdruckliga e.V. DHL ® - Deutsche Hypertonie Gesellschaft: Leitlinien

zur Behandlung der arteriellen Hypertonie: http://www.hochdruckliga.de/Leitlinien-

Therapie2007.pdf. Zuletzt geprüft: 07. Februar 2008.

National Institute for Clinical Excellence: National Collaborating Centre for Chronic

Conditions. Hypertension: Management of hypertension in adults in primary care:

partial update: http://www.nice.org.uk/nicemedia/pdf/HypertensionGuide.pdf.

Royal College of Physicians, London: 2006. Zuletzt geprüft: 07. Februar 2008.

Sealey JE, Laragh JH: Aliskiren, the first renin inhibitor for treating hypertension:

reactive renin secretion may limit its effectiveness. Am J Hypertens 2007; 20:

587-597.

Novartis Pharma: Fachinformation ""Rasilez ®"". Stand: August 2007.","{""source"":""/home/sigillus/Schreibtisch/educx/Projekt_KI/markdowns/Aliskiren.md""}",715a4520-f37f-4050-8849-87cc9974a0f0,2e2a3f8f-b4f1-429b-931b-f014c979e9d0
f39acabc-6b7e-4952-898d-9988b3067daa,"[-0.09592502,-0.007277609,-0.06972173,0.019780913,-0.014697224,-0.042159896,-0.0019839178,0.17439973,0.025715671,0.018292943,-0.038459033,0.039179727,-0.0054719443,0.028058594,-0.10707918,-0.012389631,0.027384873,0.004885002,-0.0484278,0.013217219,-0.0027401901,0.02174713,0.036658872,-0.04175519,-0.022612534,0.01580719,-0.07245582,-0.016157592,0.010334545,-0.04171093,0.05133968,0.022092722,0.017489502,-0.039246645,0.03006141,0.03454132,-0.0559848,-0.059264034,-0.049314268,0.042756453,0.07235229,-0.045511995,-0.11215634,-0.05989176,0.022509146,-0.018026968,-0.015369862,-0.07977134,-0.08729948,0.14388491,-0.03989006,-0.01947766,0.03830622,0.0037319907,-0.023099413,-0.0897291,-0.06654769,-0.07047502,0.011520594,0.057015836,-0.009979123,-0.05226433,-0.0747458,-0.031179568,0.02542745,0.076509096,-0.030574385,-0.0765337,0.018101076,-0.056152318,0.028364591,-0.05333524,-0.0034223741,0.07764864,-0.07303767,0.03615833,0.08462208,0.016454956,0.013734288,-0.10939417,0.08626118,0.04377457,0.072296485,0.014172596,0.0816583,0.030042363,0.011848008,0.11496544,-0.0015976204,0.022627246,0.09069482,0.15931375,-0.021935796,0.049830507,-0.034053586,-0.058732647,0.017687052,-0.016065054,-0.027461004,0.035652675,0.028362509,-0.020101722,-0.09818402,-0.04276732,-0.0876808,-0.09895801,0.07242802,-0.056397438,-0.0055643367,0.07303428,-0.06457164,0.04533202,-0.07245562,0.0014808493,-0.04252123,0.018974602,-0.025833925,0.008299096,0.0509227,-0.029535435,-0.046834804,0.0310125,-0.00208408,-0.08679037,0.07045258,0.021701474,0.014537532,6.573158e-33,-0.07965365,0.03855888,-0.027257096,-0.015874611,0.022039326,0.042273972,-0.027853888,-0.015982643,0.03864107,-0.07228061,-0.07526227,0.009489048,-0.05498252,0.04880592,0.010242596,0.0050980696,0.009730102,-0.031725753,-0.003928148,-0.06607088,0.044485185,-0.017244548,-0.05172342,0.045243192,-0.11228821,0.0066500106,-0.05555467,-0.035247747,0.016788416,0.011358714,0.01290604,-0.03450428,0.021426653,-0.118138395,-0.027820691,0.028840825,-0.074101426,0.02886213,0.006424059,-0.008886922,0.049823113,0.027816497,-0.03396919,0.058580846,0.059228323,-0.0027118921,-0.06855237,-0.015325774,0.095230184,-0.05116014,-0.042946376,0.033122346,0.032012574,-0.0020369804,-0.034814373,0.046917137,-0.11229013,-0.05038428,0.013806785,0.021968607,-0.011598358,0.047833152,-0.022996193,-0.012772907,-0.058540013,0.030224945,-0.08758569,-0.046836313,-0.054429542,-0.012182802,-0.0030684976,-0.017735815,0.10073457,-0.009688691,0.0271164,-0.008249409,0.038360734,0.07587491,0.020336486,0.0036287603,-0.005605133,0.048421286,0.016998732,0.033765364,-0.08699362,-0.0028398263,0.0011290256,0.004392191,-0.0012700087,0.036239494,0.058022257,-0.031509265,-0.07689297,-0.0018377163,-0.054765865,-7.756885e-33,0.07379346,0.064866915,-0.008323774,-0.008885402,0.01833626,0.02481074,0.018420853,0.03167059,0.022585915,-0.036252532,0.123634025,0.058101952,0.074019775,-0.0010892055,-0.013854015,0.004976869,0.0017814552,0.04371173,-0.0010562732,-0.023938516,-0.019503156,0.009046645,0.035518944,0.048832573,0.019369416,0.035441753,0.06997377,-0.055918466,0.015092321,-0.010631582,-0.015684538,0.069779605,-0.07720789,0.029732816,0.0347566,0.014617023,0.028913017,-0.11069388,-0.12283088,0.009979847,0.02056374,0.017878368,-0.0741759,-0.0055801594,0.08527473,0.06826629,0.05264468,0.003269759,-0.018546455,-0.0530203,0.002414291,0.05660355,-0.019908462,0.019940278,0.061210204,-0.013957202,-0.004495306,-0.08425409,-0.050854277,0.0054856734,0.035049047,0.10744758,-0.026098125,-0.07687368,0.04330816,0.01894521,0.04307462,0.040015724,0.0712355,-0.048375323,0.030171169,-0.020944683,0.019251902,-0.062057313,-0.019971775,0.05285477,0.038850125,-0.08597793,-0.07738747,-0.12114543,-0.0394622,0.049296565,-0.05244422,0.014247548,-0.035420403,0.019782718,-0.050992094,-0.093866035,-0.023080232,0.032841705,-0.046335932,-0.06749091,-0.058946535,0.11474579,0.10933737,-6.0837806e-08,0.047771826,-0.0053273556,0.013869687,-0.029863954,0.013487441,0.009513339,-0.013489599,0.031225955,-0.012499963,0.042157724,0.010902504,0.030358288,-0.05886298,0.005737499,-0.091768704,0.036120664,0.039062344,0.048564807,0.009926277,-0.019485926,-0.0691957,0.0076597393,0.05636268,-0.08544533,-0.025130207,0.0017211939,-0.03304215,-0.030102544,-0.00094340317,-0.03232514,0.04964411,0.030168565,0.16629569,-0.0030217094,0.06970282,-0.037867416,0.0074694124,0.07073461,0.016451204,-2.1861466e-05,0.0132052675,0.0049487613,-0.026638336,0.0725236,-0.012085189,-0.017453985,-0.04752129,0.004142848,0.044130586,-0.006228152,0.014570917,0.03161164,0.028179847,-0.023257153,-0.031525668,-0.009740492,-0.07447151,-0.06901282,-0.021662865,-0.044339746,0.07647623,-0.09092531,0.009360427,0.06619687]","587-597.

Novartis Pharma: Fachinformation ""Rasilez ®"". Stand: August 2007.

FDA / CDER: Approval Letter: Tekturna (Aliskiren) Tablets. Company: Novartis

Pharmaceuticals Corporation. Application No.: 021985. Approval Date:

03/05/2007: http://www.fda.gov/cder/foi/nda/2007/021985s000_APPROV.pdf.

Zuletzt geprüft: 07. Februar 2008.

EMEA: Rasilez ®: European Public Assessment Report (scientific discussion,

03.09.2007): EMEAhttp://www.emea.europa.eu/humandocs/PDFs/EPAR/

rasilez/H-780-en6.pdf. Zuletzt geprüft: 07. Februar 2008.

EMEA: Europäischer öffentlicher Beurteilungsbericht (EPAR) Rasilez. Zusam-

menfassung des EPAR für die Öffentlichkeit (Stand: 03.09.2007):

http://www.emea.europa.eu/humandocs/PDFs/EPAR/rasilez/H-780-de1.pdf.

EMEA/H/C/780. Zuletzt geprüft: 07. Februar 2008.

Oparil S, Yarows SA, Patel S et al.: Efficacy and safety of combined use of

aliskiren and valsartan in patients with hypertension: a randomised, double-blind

trial. Lancet 2007; 370: 221-229.","{""source"":""/home/sigillus/Schreibtisch/educx/Projekt_KI/markdowns/Aliskiren.md""}",f17d98ad-1c6c-4c05-9d56-ca110641401e,af6eb709-55b3-4303-95f4-3224e19ea4bc
f39acabc-6b7e-4952-898d-9988b3067daa,"[-0.085452415,0.020991638,-0.053503655,-0.0075197895,-0.04416589,-0.010000134,0.03325567,0.06390952,-0.15551697,0.013027676,-0.0076509574,0.09649879,0.017002577,0.0075389477,-0.14155847,-0.059634287,-0.04319933,0.003004494,-0.026388606,-0.051581476,0.0041951383,-0.055508763,0.018944666,-0.075613625,0.11221969,-0.030461937,-0.041298345,0.013089286,0.015508807,-0.05658066,-0.0018199837,0.004909931,0.033601504,-0.04769594,0.040605836,0.06727372,-0.022288492,-0.047732804,-0.068425484,0.04021272,-0.0022904424,-0.07826282,-0.09733918,-0.0020568843,0.08822996,0.04486867,-0.016643299,-0.032954287,-0.1281272,0.11972633,-0.043833613,-0.018954244,0.06866975,0.0836524,-0.0053130663,0.001940731,-0.08280277,-0.055634957,-0.009146538,-0.01847882,0.06350299,-0.034319587,-0.121356055,0.03148567,-0.0357371,-0.019602507,0.09115114,-0.06093816,-0.01562575,0.015441239,-0.00085179886,-0.106979996,-0.109743774,0.025263805,0.020158267,-0.003176022,-0.015793672,-0.042846028,0.044930927,-0.105074264,0.030476496,0.0029393951,-0.07103029,0.0070795305,0.009356179,0.031582776,-0.07598526,0.0061486987,0.029576281,0.016395098,0.04733913,-0.0040472196,-0.009678065,-0.028728258,-0.03457632,-0.0013160405,0.03509999,0.0065407655,0.046757694,0.06838268,0.0055562863,-0.04688379,-0.06971701,-0.012574797,-0.13503933,-0.09601825,0.016925404,-0.023950003,-0.037540514,0.008897096,-0.007456606,0.030744525,0.05492418,-0.043159097,-0.021986479,0.055095628,0.06734275,-0.033039138,0.060837008,0.013141531,0.01449608,-0.0119858505,-0.02741908,-0.011672532,0.00653582,0.07918786,0.045006752,8.830861e-33,-0.06605868,-0.03575218,0.01415145,0.043330293,-0.07509583,0.006215778,-0.074054874,-0.04637616,0.027314907,-0.06799884,-0.080178775,0.07129037,0.027664958,-0.0715301,0.004145263,-0.02022812,-0.021231012,0.14545554,0.011750267,0.028247017,0.040265903,-0.08541161,-0.035397436,0.08035891,0.039505813,-0.012310878,0.025034199,-0.09866928,-0.02212212,0.0628566,0.049894556,0.036356382,-0.05438666,-0.019691944,-0.10424153,0.03213692,0.004211466,0.0107427435,0.055656157,-0.05752191,0.00049779005,-0.018711515,0.007923702,-0.036922906,0.023220379,-0.026792573,-0.024397232,0.057605222,0.107433565,-0.016403055,0.0025010365,0.0004719866,0.044981524,-0.05698907,0.08922515,0.13474795,-0.005052522,-0.008271308,-0.01689948,0.060730454,-0.06804663,0.064212956,0.036001492,0.057914365,-0.020852292,-0.017189095,-0.05654759,-0.030282853,-0.008881832,0.017142434,-0.11420735,-0.020955352,0.056019716,-0.008436358,-0.009771074,0.03248297,-0.014915242,0.08291673,-0.0074612466,-0.077178545,-0.10926349,0.00054805324,0.013848518,-0.015119079,0.059240527,-0.06548032,-0.054062895,0.013432612,0.014394892,0.0057795974,-0.004958633,-0.0003946194,-0.082400784,0.023007559,-0.019877287,-1.1758774e-32,0.054840337,0.013137139,-0.039949544,0.01443785,-0.0015471479,0.087426096,-0.016786529,-0.00048425197,-0.036344122,0.0042425464,0.05316839,0.02021735,0.011101409,-0.014421401,0.001132504,-0.06905811,-0.0065686977,0.011786593,-0.024413377,0.030521596,0.012094381,-0.05130209,0.04519852,0.035504315,-0.062951446,0.015728196,-0.067442715,0.02485602,-0.020629672,0.03081717,-0.03046476,-0.041503888,-0.07517252,0.03409601,0.019296832,0.01972767,0.10671248,0.09468508,-0.047280863,-0.017968008,0.05259019,0.01645653,-0.04037959,0.009956439,0.07659204,-0.04271781,0.01059513,-0.083187155,0.010672201,-0.13024426,0.11444557,0.04179049,0.05370422,-0.01978253,-0.044691622,0.08404652,0.011721263,-0.075975284,0.002492063,-0.00027703354,0.017009545,0.024900367,0.0656503,0.04499156,0.046696033,-0.04621151,-0.024809219,0.04828682,-0.003779617,-0.0488157,0.06607142,0.05131972,0.033824407,0.03367197,0.048018,-0.021745663,0.045585956,-0.043514572,-0.07612942,0.020034496,-0.077843405,0.054307632,-0.01104396,0.05731488,-0.030043464,-0.030049488,0.019605674,-0.028012829,0.016261047,-0.01745528,-0.10224335,0.013193334,-0.023315778,-0.029264553,0.039103374,-5.2741598e-08,-0.008740794,0.024882324,-0.03755074,0.032341126,-0.0213823,-0.0645372,-0.12788716,0.0005192488,-0.0013618589,-0.08353393,-0.0031546084,0.08194392,0.04060525,0.04878197,0.0031749432,-0.026186476,-0.071431465,0.06675753,-0.11403304,-0.04778591,0.06631456,-0.007449925,0.02178384,-0.0228876,0.026739653,0.040083274,0.02629744,0.018158492,0.03603408,-0.010450469,-0.033517156,0.055213407,0.04500103,0.048001118,0.0041615483,0.03546659,0.058884494,0.047764268,-0.029351376,-0.03179548,-0.111077175,0.027050624,-0.010941267,0.04236396,-0.018516377,0.0064632264,-0.11084043,-0.0082799615,0.05268912,-0.058169432,-0.015632462,0.0071157604,0.00854082,-0.0006846998,-0.014794014,0.05509814,0.0038697599,-0.116263434,-0.030313907,0.0015718993,0.024813233,-0.0133539215,0.033212148,0.041285217]","trial. Lancet 2007; 370: 221-229.

© Wirkstoff AKTUELL ist eine Information der KBV in Kooperation mit der ARZNEIMITTELKOMMISSION DER DEUTSCHEN ÄRZTESCHAFT .","{""source"":""/home/sigillus/Schreibtisch/educx/Projekt_KI/markdowns/Aliskiren.md""}",c3eff8a8-e0d3-487f-addd-913fac54a27d,ebabf910-5700-4c35-bad2-adcc3b06c30d
f39acabc-6b7e-4952-898d-9988b3067daa,"[-0.016833575,-0.019782668,-0.011172916,-0.00086499937,0.019308772,-0.015482049,0.07899839,0.10689617,0.002383032,-0.017331438,0.022407493,0.04315612,0.027132215,-0.014963436,-0.048177395,0.01588785,0.021212047,0.026985448,-0.046515834,0.11478881,0.008313196,-0.002973499,0.0048827315,0.043962166,-0.049651295,0.05584623,-0.018578617,-0.0025522108,-0.009803759,0.035578597,-0.043458637,-0.019117473,-0.036728483,-0.074557796,-0.03536681,0.12764291,-0.06878775,-0.016423637,-0.10407274,0.07825699,-0.027264118,-0.05262142,-0.10729082,0.017461296,0.079853654,0.02387315,-0.06876638,-0.031199487,-0.022564845,0.12078594,-0.054980785,-0.0068873935,-0.004448757,0.026492972,0.025465595,-0.100989975,-0.116953254,0.007299691,-0.019420173,0.048175566,0.00067473104,0.024169967,0.016805086,-0.06719209,0.008489164,0.0154060535,0.07214033,-0.054892953,0.047372006,-0.07831334,-0.01758451,0.008511971,0.00024421056,0.01717101,-0.041237224,-0.039996326,-0.020726943,0.019328067,-0.06408936,-0.07907877,0.12356623,0.10919242,0.02752631,-0.017219368,-0.0064765345,0.0019815543,-0.0123002725,0.017631628,0.05486472,0.051340032,0.0694895,0.022436826,-0.124456875,-0.07932625,0.094083935,-0.08227075,-0.07655289,-0.012559359,-0.06715343,-0.007256508,-4.082979e-05,-0.013141677,-0.100332975,0.027374452,0.026944233,-0.07374686,0.05650766,-0.037646588,-0.075386934,0.04853665,-0.008000395,-0.0243822,-0.008083969,-0.095553026,-0.031748336,0.069761656,0.06027159,-0.018474186,0.033404432,0.026627906,-0.023060454,-0.034312986,0.07468052,-0.02943164,0.027894044,0.05527039,-0.04797216,1.4806907e-32,0.02666961,-0.011009721,0.07860209,0.04945182,-0.040209804,-0.017103525,-0.05456074,-0.07963175,0.035888184,-0.10963302,0.0019332664,-0.02626598,0.03856681,0.0019195329,0.029679468,-0.028734045,0.020232879,0.031353153,-0.0331975,-0.0033943865,-0.0131726805,-0.0077018174,-0.015139764,0.01806195,-0.1105584,0.058507744,-0.018257948,0.050706804,-0.01709939,0.0019421796,-0.0096283415,-0.043507338,-0.03872159,0.0040041157,-0.07679098,0.0072148372,0.027789772,-0.046702474,0.0645404,-0.081379995,-0.012510462,0.037949827,0.034188718,0.006386903,0.02538276,-0.055921428,0.000586992,-0.010937581,0.020372467,-0.045653272,-0.02393387,0.018694965,0.03430462,-0.046310544,-0.08544976,0.036569435,-0.0706596,0.007161495,-0.03440997,0.09303728,-0.043059193,0.019042207,0.017868597,0.018677838,-0.04246138,-0.029183581,-0.093359224,-0.024917629,0.008705855,-0.045340043,-0.06450511,0.0058436696,0.058178265,0.061392993,0.01293529,0.018127337,0.01194857,0.054800045,-0.09037438,-0.045950655,-0.041198205,-0.017225027,0.06763175,0.061016638,-0.0065763565,0.009288525,0.02784153,-0.102161095,-8.446737e-05,0.04245652,-0.009975314,0.04078184,-0.12761575,0.006402974,-0.013636266,-1.5751238e-32,0.08382616,0.06447711,-0.025826586,0.027354114,-0.023410032,0.069248304,-0.01109061,-0.06391104,-0.029255152,-0.05372702,0.045585405,0.04462902,-0.022413896,-0.037868086,-0.074322365,0.060899407,0.000996683,0.064446285,-0.027372736,-0.09065385,0.008180026,-0.01946836,0.030933866,0.045927092,-0.008407444,-0.003187951,0.011765809,-0.05603952,-0.027471071,-0.0037598994,0.038538747,0.010973336,-0.0372744,0.003197093,0.00041942726,-0.0050928504,0.039281163,-0.04204269,-0.035055485,0.1051718,0.071298294,0.04306706,0.02655663,-0.09378816,-0.03474857,-0.017621959,0.017703893,-0.06293529,0.05828462,-0.077706605,0.086520694,0.0043895706,0.029858505,0.044161506,-0.019684251,0.016450746,-0.024864562,-0.057552874,-0.075366974,0.026922746,0.06677404,0.07087001,-0.026472336,-0.062190115,0.09340508,-0.027155723,0.09883641,0.0038473082,0.03689524,-0.03749286,-0.015829025,-0.058524713,0.07288474,0.0027214065,0.055687923,0.04294093,0.06260679,-0.032847673,-0.021354964,-0.057136238,0.059300188,-0.032513015,-0.009337339,0.01929755,-0.095612966,0.050367747,0.00854302,0.015316796,-0.10123579,-0.0052079363,-0.05465971,0.004611249,-0.0725092,0.11870695,0.074062645,-6.917523e-08,0.05508029,-0.016427256,-0.045094337,-0.011542074,-0.10329896,0.030558702,0.010286351,-0.018059349,-0.059591107,0.058480676,-0.077405274,0.048271276,-0.017219914,0.0038827956,-0.03778539,-0.035673466,0.041275278,0.065155074,-0.07789534,0.018553287,-0.013064712,-0.06813363,-0.023246074,-0.116522044,-0.009410911,-0.015796157,0.061357614,0.029893748,0.056344632,-0.021795124,0.027706573,-0.010739658,-0.01787528,-0.05454207,-0.055164307,0.0025682212,-0.0014188107,0.07666606,-0.0013389224,0.13473447,-0.018343622,-0.028158315,-0.018304145,0.052290563,-0.043991864,0.00993516,-0.11106261,0.08691924,-0.0066565545,0.0012972674,0.047871828,0.10331563,0.07541804,0.018831242,-0.088119894,0.043256667,-0.0014745758,0.013382388,0.058993805,-0.06611287,0.02448618,-0.039631,-0.041653145,0.09988315]","Title: Wirkstoff aktuell 2/2009 Amlodipin/Valsartan

URL Source: https://www.kbv.de/documents/infothek/publikationen/wirkstoffaktuell/Amlodipin_Valsartan.pdf

Published Time: Wed, 25 Jun 2025 08:41:50 GMT

Number of Pages: 2

Markdown Content: Behandlung der essentiellen Hypertonie.

Wirkstoff AKTUELL Wirkstoff AKTUELL KBV EINE INFORMATION DER KBV IM RAHMEN DES § 73 (8) SGB V IN ZUSAMMEN-

ARBEIT MIT DER ARZNEIMITTELKOMMISSION DER DEUTSCHEN ÄRZTESCHAFT

ONLINE UNTER: HTTP://AIS.KBV.DE

A u s g a b e 0 2 / 2 0 0 9

Amlodipin/Valsartan (Exforge ®)

Das Kombinationspräparat Amlodipin/Valsartan (Exforge ®) bringt nach derzeitigem Wissensstand für die antihy-

pertensive Behandlung keine Vorteile. Erst bei höherem Ausgangsblutdruck ist in der Regel eine Kombinations-

therapie entweder mit Einzelwirkstoffen oder mit einer Fixkombination indiziert. Diuretika, Betablocker,

ACE-Hemmer und langwirksame Kalziumantagonisten stehen als Therapeutika der ersten Wahl für die Erstbe-","{""source"":""/home/sigillus/Schreibtisch/educx/Projekt_KI/markdowns/Amlodipin_Valsartan.md""}",534d85d2-55e0-4af6-a38c-a44c2994a508,08fbc480-a689-45f1-92a4-09420bc2527a
f39acabc-6b7e-4952-898d-9988b3067daa,"[-0.12991047,-0.044154167,-0.047745302,-0.047771327,-0.035794545,-0.081641436,0.015958952,0.09416173,-0.010942048,-0.002432045,0.025347985,-0.04858424,-0.023618393,0.011096875,-0.07130746,-0.00023554747,-0.005203316,0.010224705,-0.042217832,0.010701618,0.06924345,-0.07121843,-0.031073509,0.017671064,-0.010257871,0.053244535,-0.100236766,-0.029048251,0.0024470116,-0.04439831,-0.027312491,-0.017815055,-0.0520907,-0.06292215,0.108537406,0.08044568,-0.10732833,-0.054731924,-0.07218751,0.033666365,-0.004963436,-0.03269923,-0.08639979,0.01786861,0.007291468,-0.02056003,-0.05865381,0.06482448,-0.109733604,0.039069418,-0.046692275,0.000777594,0.07644736,0.014488879,0.049169388,-0.04718033,-0.13946356,0.007835812,0.054788478,0.031342488,0.061846312,0.044597715,-0.05225557,-0.014451956,0.038492724,0.009961455,0.022540059,-0.032759767,0.08126873,0.022158207,0.07917921,-0.07486023,0.026457967,0.029881852,0.10656284,0.04740281,-0.020725168,0.13455255,-0.04718832,-0.1277951,0.07429684,0.022200542,0.065427504,-0.11026011,-0.055102833,-0.023379885,-0.038675558,0.04233795,-0.026908694,-0.038223438,0.09802918,-0.0032009752,-0.081350535,-0.0635129,0.072142944,0.012971928,0.035589673,-0.027347557,0.06297296,-0.035412397,0.05640932,-0.047373418,-0.07782719,0.04780916,0.051585592,-0.06998359,0.04536998,-0.018811394,-0.0031573826,0.055952054,-0.00021457384,-0.047890954,0.07113357,-0.0018457248,0.0709301,-0.080866046,0.012566266,-0.008075735,0.072900794,0.078768186,-0.05753906,-0.07047586,0.047444876,-0.05732442,0.03751251,0.10770111,-0.03164575,2.0068354e-32,0.056843307,0.021396065,-0.012708713,-0.020494692,0.016836766,-0.059563715,-0.04016917,-0.06557752,-0.049779426,0.024021922,-0.021775294,0.03334862,-0.061383147,-0.025718732,0.015043162,-0.06941632,-0.012791565,-0.023281544,-0.0026396674,-0.00520013,-0.05598055,0.023341583,-0.003842916,0.07073828,-0.028225793,0.06149517,-0.100310646,-0.052382253,-0.052133806,0.060501076,0.058341533,-0.014827003,-0.07545471,0.007272027,-0.15578786,0.017400589,-0.040315263,-0.057164945,0.0073823617,-0.13092348,-0.0667549,0.022573464,-0.0034640261,-0.068542264,-0.0034661752,-0.012772976,-0.0060415477,0.014399238,0.0094663985,-0.026116911,0.014280211,0.007992352,0.006853671,-0.09473127,-0.006635275,0.08499831,0.0011829932,0.03993295,0.033948265,0.090504564,-0.0799837,0.077026255,-0.012536988,0.033059765,0.0053474107,-0.00019634643,-0.06966319,-0.05846579,-0.0012155772,-0.0075846417,-0.072795376,-0.0065513565,0.039395932,-0.0027939125,0.04982978,-0.016141206,0.041370265,0.025925385,-0.09227009,-0.03906903,0.04000805,0.010138802,0.029770743,-0.09647611,-0.028031733,-0.0302116,0.00892733,-0.025142046,0.009565429,0.05353263,0.031845737,0.006666089,-0.016048547,-0.04300955,-0.031179655,-1.9478432e-32,0.04456008,0.009266008,0.025045127,0.033527475,0.01204312,0.070743255,0.023543278,-0.008593882,-0.03052142,-0.1059488,0.10897678,0.08706579,-0.035190936,-0.0053039137,-0.06427394,0.033513732,0.0042231856,-0.026313877,0.07119018,-0.033215296,0.034122977,-0.03354592,-0.07832032,0.045994226,-0.056596197,0.02087481,-0.04907785,-0.0010434614,-0.024509426,-0.04313782,0.022091094,0.119780056,-0.060649216,-0.042935785,0.0051668338,-0.101887055,0.029136514,0.05341126,-0.0030246568,-0.025919503,-0.00049247756,0.09364869,0.007651891,-0.08690873,0.044507828,0.035868242,-0.024882311,-0.054613635,0.024810696,-0.041244045,0.02368779,-0.024542732,0.013629649,0.052216522,-0.021263123,0.08853261,0.008348465,-0.017946023,-0.042888764,0.035245754,0.016305069,-0.017268114,0.008169677,-0.06320109,0.09810573,-0.020853605,0.016145019,0.013955718,-0.007614869,-0.013019902,0.030439846,0.012112636,0.069852546,0.00070326694,0.0604686,-0.004513753,0.019243551,-0.020636408,-0.030652849,-0.07898465,-0.032226145,0.09398251,-0.021658996,-0.03442792,0.02689194,0.026045427,0.06607521,-0.021864688,-0.027159998,-0.04735947,0.04768158,-0.035399012,0.017227938,0.053611167,0.11016075,-8.0797285e-08,0.07436988,-0.020019071,-0.07892986,-0.049317647,0.028746793,0.002191903,0.05014362,0.092564486,-0.014662022,-0.05324425,-0.013684459,0.06503222,-0.04888886,0.026556809,-0.011317484,0.048185565,-0.012402763,-0.03424933,-0.047418315,-0.00835364,0.05842753,-0.02543159,-0.017935522,-0.021255257,-0.01444259,-0.0061412393,0.017605428,-0.07263658,0.0015095539,-0.013496074,-0.039564554,0.046926253,0.07327006,0.035348967,-0.019984087,0.009340885,-0.022014491,0.079258256,-0.07156724,0.0764175,-0.0017600866,-0.026501356,-0.035219356,-0.02889154,-0.068881154,-0.058463886,-0.12648341,0.06280677,-0.015289699,0.05332822,-0.05611579,0.049379587,-0.004405376,0.00028143765,0.014298231,-0.041781627,0.03607717,0.001254821,0.021723133,-0.01100875,0.05121222,0.0001638773,0.01916337,0.04488101]","handlung und Monotherapie einer unkomplizierten Hypertonie zur Verfügung. Die Behandlung der komplizierten

Hypertonie richtet sich nach den Hochdruckfolge- und Begleiterkrankungen.

Indikation

Empfehlungen zur wirtschaftlichen Verordnungsweise

Wirkungsweise

Amlodipin: Amlodipin ist ein Kalziumantagonist vom Dihydropyri-

din-Typ, der vornehmlich die langsamen, spannungsabhängigen

Kalziumkanäle vom L-Typ blockiert und damit den transmembranären

Kalzium-Einwärtsstrom in die Zelle. Daraus resultieren im Bereich

des Gefäßsystems eine Abnahme des peripheren Gefäßwiderstandes

und eine Senkung des Blutdrucks und der Nachlast, die ihrerseits zu

einer Verminderung des myokardialen Sauerstoffverbrauchs führt.

Hieraus ergeben sich antianginöse Wirkungen. Gleichzeitig erhöhen

sich der renale Blutfluss und die glomeruläre Filtration durch die

Abnahme des renalen Gefäßwiderstandes. Die Bioverfügbarkeit von

Amlodipin liegt nach oraler Einnahme zwischen 64 % und 80 %. Am-","{""source"":""/home/sigillus/Schreibtisch/educx/Projekt_KI/markdowns/Amlodipin_Valsartan.md""}",7594b08d-b222-4b30-8bff-1b9102bcbed3,575e422f-f944-4513-a6b0-607134f817e8
f39acabc-6b7e-4952-898d-9988b3067daa,"[0.017688382,-0.055235095,-0.052995052,-0.026400218,-0.0027726262,-0.016123468,-0.010196869,0.14858308,0.0077334056,-0.054066442,-0.008745765,-0.012723918,0.017492818,0.027069597,-0.06361873,0.04316722,-0.031692695,0.023976395,-0.031002622,0.06514051,0.00031769587,0.00031647668,4.4141376e-05,0.050111096,0.032890208,0.058206122,0.0030888699,0.02161998,0.005293388,0.022811953,0.00083591003,-0.015711619,-0.004651544,-0.10547099,-0.084287226,0.051401515,-0.0752597,-0.02254108,-0.066199005,0.1448456,-0.0043347017,-0.010561863,-0.085797854,-0.046010792,0.07631913,-0.022050729,-0.07432705,-0.026459796,-0.02454295,0.116231106,-0.014870906,-0.0308194,-0.041501135,0.046392176,0.019844584,-0.16390263,-0.08828845,0.013202008,0.009513443,0.01853706,0.05227692,0.00273342,0.044660874,-0.05961014,-0.07215642,0.01837178,0.03935699,-0.04377789,0.042178247,-0.092253976,0.043266606,0.010932205,0.00034258037,-0.0035347114,-0.06346969,-0.015927624,0.026464447,0.037232578,-0.08678923,-0.06792293,0.10876578,0.055163085,0.023857921,0.009470541,0.00335826,0.016318247,-0.011197656,0.08749753,0.033764165,0.048717476,0.040364735,0.07114232,-0.09016187,-0.06482659,0.14419091,-0.037106123,-0.07197763,-0.041477907,-0.059306037,-0.0307788,0.00080384547,-0.0120071815,-0.14705797,-0.004696702,0.041202694,0.007589967,0.05676236,-0.02325772,-0.03381087,0.03818992,0.00035139266,-0.010807278,0.019476961,-0.061085835,-0.031446032,0.059713587,0.025168052,-0.05229841,0.01343143,0.06146025,0.01445998,-0.04233719,0.066900656,-0.03806387,0.05611751,0.022145104,-0.012461625,1.04017445e-32,0.02917172,-0.0072764587,0.0015267743,0.027201263,-0.044245344,0.02843278,-0.026552774,0.037278797,0.03992544,-0.14769892,-0.07235198,-0.0042365952,-0.0046906197,0.060095802,0.019530965,-0.023600748,0.07922597,-0.028169475,0.0054556807,-0.080054276,-0.054050688,0.026760396,-0.049340375,0.049185876,-0.08550787,0.03754677,-0.027880821,0.03645444,-0.06570899,-0.01786162,0.0041815136,-0.07746732,-0.0148516,0.01517998,-0.00446198,-0.044973902,0.033711687,0.027804552,0.066242576,-0.008207155,-0.011495734,0.08110525,0.058067657,-0.06180645,0.011671183,-0.06749179,-0.08182038,0.017579932,0.06430975,0.03280246,-0.021955274,0.027181651,0.026521806,0.020637311,-0.0835283,-0.0036520443,-0.14609678,0.0036579769,-0.05812219,0.111151434,-0.041872375,0.032631367,0.06510411,0.02024447,-0.040333837,0.030153396,-0.07616696,-0.028172085,0.007636213,0.012884992,-0.078772224,0.018771341,-0.0031957834,0.0035147024,0.010606519,-0.0056212563,0.09615649,0.08977522,-0.0850183,0.011986195,0.013633927,-0.03449075,-0.0126271155,0.06903743,-0.06455305,0.0016213546,0.08704478,-0.09408097,0.0034065316,0.06583194,-0.011030164,0.0018751845,-0.058882255,-0.018230788,0.017704675,-1.10456414e-32,0.036473583,0.043440115,0.044035293,0.011941314,-0.046101112,0.087899305,0.040418107,-0.059555616,-0.07704169,-0.043437198,0.04316204,0.088722,-0.0111001795,-0.024092562,-0.047672722,0.052356225,-0.03251441,0.00968062,-0.010607643,-0.062201936,-0.0062794425,0.013429098,-0.027155055,-0.00477441,-0.007910068,0.03504547,-0.012532545,-0.0966766,0.016598295,0.03845204,0.054419566,0.016860578,-0.05406532,0.019976627,-0.03140459,0.017861996,0.03242306,-0.05030063,-0.0010697611,0.05454943,0.06338449,0.02901939,-0.023869319,-0.070288695,0.0056756553,-0.011780958,0.070254795,-0.09851486,-0.005487545,-0.08350891,0.07925517,-0.009490413,0.039000463,0.07129929,0.03366037,-0.044178925,0.0042185136,-0.03224541,-0.03617728,-0.010131735,0.06981581,0.048564747,-0.0390237,-0.075539835,0.03376046,0.0078848535,0.08747745,-0.0016967916,0.007852102,0.0017018296,0.0600209,0.0039936993,0.17137128,0.0011948444,-0.007521665,0.06594044,0.057658218,-0.07244968,-0.058332216,-0.07057836,0.004374548,0.018729985,-0.03849036,-0.105518736,-0.13072845,0.04105165,0.0008467413,0.0049360557,-0.06515777,-0.017780205,-0.059735306,-0.018626304,-0.029408494,0.029673157,0.07935226,-5.471505e-08,0.032231223,-0.039536726,-0.0333925,0.04019473,-0.08105672,0.0255325,0.019755607,0.014647409,-0.051439367,0.06794404,-0.0070244838,0.052509777,-0.0136671085,-0.005168053,-0.048824813,-0.027175033,0.024817366,0.055370864,-0.0057910522,0.025739346,0.0007368576,-0.027556444,-0.081469215,-0.14414032,-0.0037942338,-0.08527479,0.0044231615,0.052853204,0.046749257,-0.010741538,0.043539774,-0.039069284,0.028705727,-0.06369873,-0.013991464,-0.028340701,-0.054923065,0.04758301,-0.05830343,0.02805607,0.01651687,-0.02780666,-0.06337496,0.0046736607,-0.028388795,-0.051128455,0.011168048,0.063210554,0.01682898,0.008587267,0.023985624,0.07512076,0.055484384,-0.00621601,-0.04077479,0.0011980567,-0.016501255,-0.0058229994,0.05143125,-0.07031633,-0.016833626,0.0142720025,-0.023325412,0.030027326]","Amlodipin liegt nach oraler Einnahme zwischen 64 % und 80 %. Am-

lodipin wird hauptsächlich in der Leber (90 %) zu inaktiven Metaboliten

abgebaut. Die Eliminationshalbwertszeit beträgt im Mittel 45 Stunden

(6;7).

Valsartan: Valsartan ist ein oraler Antagonist des Angiotensin II. Es

hemmt als kompetitiver Antagonist an den Angiotensin-1-

Rezeptoren die Wirkungen von Angiotensin II, wie Vasokonstriktion,

Natriumretention und Freisetzung von Aldosteron. Valsartan senkt

somit den arteriellen Blutdruck durch Verminderung des

systemischen Gefäßwiderstandes. Die Bioverfügbarkeit von Valsartan

liegt nach oraler Einnahme bei 23 %. Es wird nur zu einem geringen

Teil verstoffwechselt (20 %) und zu 85 % über die Fäzes und zu 13 %

über den Urin eliminiert. Die Eliminationshalbwertszeit liegt im

Mittel bei 6,1 Stunden (7;8).

Wirksamkeit

Für die Kombination Amlodipin/Valsartan fehlt der Nachweis, dass

Komplikationen der Hypertonie (Schlaganfall, Herzinfarkt, periphere","{""source"":""/home/sigillus/Schreibtisch/educx/Projekt_KI/markdowns/Amlodipin_Valsartan.md""}",93b1dd4c-6013-4a04-a62a-fd1062a2815b,b2bb755e-f43b-4261-a870-c1c404c6c299
f39acabc-6b7e-4952-898d-9988b3067daa,"[0.00035498655,-0.04103817,-0.049007025,-0.01403339,-0.026801225,-0.073900856,0.04833762,0.18657191,0.003041122,-0.05068515,0.026860403,0.014407066,0.029430985,0.012422884,-0.0960462,0.040377144,0.061906505,0.037598297,-0.037883762,0.09077341,0.08572001,-0.059851073,-0.006924594,0.086755954,-0.03322065,0.037134316,-0.06721434,0.028390791,0.010974171,0.022363754,0.07816655,0.066453286,-0.0016215568,-0.11083672,0.025570353,0.041003004,-0.08324097,-0.017470244,-0.116512656,0.08091706,0.030681571,-0.011041734,-0.09465727,-0.032493357,0.058240905,-0.039553285,-0.05319845,-0.028607465,-0.030003112,0.0973296,-0.017354416,-0.034476947,-0.033949327,0.079548985,0.034341685,-0.15068893,-0.11103575,0.03295982,-0.0020213672,0.033716135,-0.01249468,0.06602768,-0.019241635,-0.033326082,0.051750265,0.042185437,0.025901882,-0.1253978,0.0772424,0.009029082,0.07204242,0.002452938,0.06394731,0.011091275,-0.080635935,-0.027834436,-0.0069015655,0.033964638,-0.049037535,-0.07022591,0.03561227,-0.015314686,0.08296723,-0.085659675,0.03406579,-0.0029867822,0.01287347,0.088035226,0.015850257,0.0036927739,0.062529214,0.09486666,-0.075058185,-0.08788845,0.10187985,-0.04031201,-0.08020657,-0.024485247,-0.01725128,-0.03122172,0.04051321,-0.017673979,-0.11228956,0.023034481,0.03829658,-0.034167342,0.101363644,-0.028190713,-0.064687386,0.030390808,0.008694023,-0.025112078,0.041684415,-0.0006224576,-0.021408558,0.043114018,0.008506351,-0.0025599431,0.00323768,0.059767798,-0.027072087,-0.07834122,0.068330064,-0.122952074,-0.00056667376,0.052212425,0.0146965915,1.6338215e-32,-0.013913909,0.0017042275,-0.007202318,0.011542612,-0.049773566,0.04684627,-0.031855863,-0.02513141,0.09974757,-0.09966353,-0.05652523,-0.03118053,0.03504581,0.04826677,-0.040696103,-0.100229666,0.07146868,0.058268726,0.0060859625,-0.021202644,-0.040100135,-0.0012384256,-0.03591474,0.04484249,-0.044696074,0.1013999,-0.0625092,0.029326105,-0.028572433,0.033672623,0.019942025,-0.02869903,-0.04794886,-0.016893411,-0.09778987,0.017388659,0.006492011,-0.004027079,0.052526917,-0.050634913,0.017632129,0.03339526,0.016705617,0.06239623,0.058969002,-0.016126178,-0.051152423,-0.016486475,0.012821198,-0.056764513,-0.07012601,0.015096381,-0.021090804,-0.01821379,-0.051324718,0.06488184,-0.028866101,0.023723971,-0.00027609654,0.09128491,-0.064922236,0.048815433,0.019150944,0.0142731415,0.06301453,0.007916547,-0.037275787,-0.045539357,-0.029739205,0.00011962582,-0.06897631,-0.0059520802,0.06789894,0.044239085,0.010858184,4.749891e-05,0.059002195,0.053406395,-0.075813025,-0.06079301,-0.032510336,-0.06614,0.03448044,0.018733343,-0.039904885,-0.0067662653,0.015576267,-0.04820789,-0.065478094,0.039052993,0.053746663,-0.033341322,-0.050444145,-0.070587665,0.010928487,-1.489688e-32,-0.008380575,0.08129634,-0.014441127,0.073756926,-0.0027887349,0.101636626,0.030592026,-0.06510459,-0.013753641,-0.07731504,0.013146883,0.03416497,-0.051157005,-0.02240647,-0.04098772,0.1224036,-0.020874323,0.06498459,0.008184985,-0.06692202,0.05858065,0.03165072,0.01314053,0.053810533,0.013243745,0.032503977,0.030882744,-0.10488806,0.041812837,0.006673405,-0.011540653,0.0072176172,-0.06292915,-0.0055350694,0.027100457,-0.0037426003,0.049477838,-0.063721605,-0.040597957,0.04385748,-0.015006742,0.049322333,0.0039020048,-0.10249958,-0.02678114,-0.04773003,0.0015006858,-0.070962764,0.052958917,-0.08982856,0.03501438,-0.02505494,-0.041419853,0.07694713,0.0013169914,0.015940849,0.012977203,-0.041928086,-0.08401782,-0.032870695,0.039672993,0.038619902,0.0067081028,-0.06399601,0.022173055,0.028788267,0.063188836,-0.03560018,-0.015302837,-0.017259657,-0.0021680305,-0.046137843,0.11881357,-0.0016447274,-0.013673908,0.031981323,0.03434068,-0.04295509,0.008261898,-0.080676906,-0.035149083,-0.016950952,0.011103725,-0.028305963,-0.046603546,0.010542908,0.012623648,-0.03595703,-0.017869813,-0.030679539,0.009742348,-0.01794193,-0.007239915,0.05559141,0.0806353,-6.770461e-08,0.064174555,-0.04775224,-0.03145275,0.038326852,0.000703525,-0.006769456,-0.06666249,0.033263303,-0.028398912,0.03279459,0.0133763775,0.045807853,-0.02592218,0.020145567,-0.06857722,-0.032779403,-0.02752833,0.012711778,-0.051348746,0.040635448,-0.030149812,-0.037959438,0.0048185554,-0.12986347,0.027219418,0.0047431383,0.024852084,0.051459733,0.04324903,-0.00013988209,0.024278944,-0.03283448,0.0020007256,0.0040444424,-0.012144659,0.017195366,-0.016935356,0.11505613,-0.009740808,0.12277365,-0.016136419,-0.12669183,-0.002199249,0.056225836,0.009133897,-0.034220073,-0.117978394,0.06841617,-0.026352728,0.00016042896,-0.029960612,0.07657263,-0.0125255855,-0.019724911,-0.040106647,0.011886751,0.0014615012,-0.012942186,0.019914413,-0.009198532,-0.05627693,0.018077077,-0.04329622,-0.040399462]","Komplikationen der Hypertonie (Schlaganfall, Herzinfarkt, periphere

Durchblutungsstörungen, Niereninsuffizienz) ebenso gut oder besser

verhindert werden als durch andere Zweifachkombinationen. Zur Blut-

druck senkenden Wirkung einer Amlodipin/Valsartan-Kombination

liegen zwei randomisierte, doppelblinde, placebokontrollierte, multi-

zentrische Studien mit 1911 bzw. 1250 Patienten vor. In der ersten Stu-

die erhielten die Patienten 2,5 oder 5 mg Amlodipin, 40 bis 320 mg

Valsartan, die fixe Kombination von 2,5 oder 5 mg Amlodipin mit 40

bis 320 mg Valsartan oder Placebo jeweils einmal täglich. In der zwei-

ten Studie wurden den Patienten entweder 10 mg Amlodipin einmal

täglich, 160 oder 320 mg Valsartan, die fixe Kombination von

10 mg Amlodipin mit 160 oder 320 mg Valsartan oder Placebo

jeweils einmal täglich verabreicht. Primärer Endpunkt in beiden Studien

war die Veränderung des systolischen Blutdrucks. Der durchschnittli-","{""source"":""/home/sigillus/Schreibtisch/educx/Projekt_KI/markdowns/Amlodipin_Valsartan.md""}",83c7d14b-cafc-4992-a677-128fa88a2b40,6ae8e604-bf7d-4a04-9c65-4b7339796d8e
f39acabc-6b7e-4952-898d-9988b3067daa,"[0.040976338,-0.05259634,-0.09168578,-0.028864482,-0.03853237,-0.08607931,0.042773932,0.21589461,0.047875807,-0.039074495,0.005834728,0.036090378,0.043310035,0.030299328,-0.101315096,0.030349996,0.103835166,-0.008660575,0.0038356355,0.06589654,-0.0027413564,-0.03640047,-0.013627994,0.07461271,-0.030483434,0.008950399,-0.034693193,0.04087858,0.0011261534,0.028359473,0.02152555,-0.012687738,0.0017789413,-0.0816876,0.03778296,0.030079173,-0.06687592,-0.00035987448,-0.0975537,0.061127592,0.012910798,-0.019628547,-0.082918234,-0.027811574,0.043142702,-0.041472442,-0.08039612,0.002180941,-0.04199331,0.15106636,-0.012831302,-0.021947015,-0.09181184,0.12999028,-0.0019010537,-0.1556339,-0.085038915,0.04533161,0.010167742,0.040410645,-0.054488994,0.06083747,0.026857661,-0.017361635,-0.016856892,0.051809266,0.022770464,-0.105544634,0.051626377,-0.007439837,0.05523802,-0.018868094,0.03275744,-0.0023779883,-0.068553634,-0.07841992,0.034415677,0.059220195,-0.07497874,-0.05992912,0.048543077,0.04236669,0.038729012,0.0024923028,0.020279158,-0.0009430716,0.021897327,0.12673968,0.024535762,0.04597072,0.08561608,0.10507744,-0.09091981,-0.05592186,0.15132979,-0.04579935,-0.10804528,-0.018022789,-0.014302147,-0.05253377,0.03339842,0.003517887,-0.14141771,-0.0025166103,0.01854436,0.010342062,0.062298633,-0.044721134,-0.04759265,0.032346133,0.0042759012,0.030213388,0.019907305,0.009337446,-0.0011532088,0.03783644,0.040614273,-0.013048888,0.017376129,-0.0017880616,0.022188505,-0.021109257,0.056672145,-0.08881505,0.041643877,0.07809979,0.021991573,1.0530897e-32,0.022331389,-0.04038444,0.031831875,0.01210028,-0.06418267,0.08226822,-0.026060054,0.007989645,0.022399724,-0.06468419,-0.06723521,-0.12508407,0.0410567,0.0015391465,-0.029484745,-0.03472626,0.0923964,0.022322163,-0.03280229,-0.05297331,-0.023573456,0.003393456,-0.047600504,0.03254021,-0.0413139,0.1522691,-0.061142974,0.04865371,-0.03709891,-0.0150328325,-0.0010056428,-0.052871782,-0.013813878,-0.022680238,-0.0571978,-0.017590825,0.0047076535,-0.0064369324,0.08393046,-0.0004741614,0.0017409001,0.06308592,0.004105493,0.03876242,0.086371586,-0.033657752,-0.05758038,-0.024677815,0.009222286,-0.008717843,-0.084601924,-0.042792715,0.016125958,0.011298135,-0.046139274,0.024692353,-0.086122856,0.01752973,-0.0026368645,0.07397422,-0.0011274841,0.028461544,0.035318963,0.019632181,0.049332652,-0.00060564984,-0.04580474,-0.04524907,-0.050224505,0.0145056145,-0.07612868,-0.02782306,0.048848707,0.028766418,-0.018649045,0.004220826,0.047367923,0.07977561,-0.059904736,-0.044841453,-0.020427478,-0.09867156,0.016899642,0.0068012555,-0.038308904,-0.015778929,0.03408829,-0.06735151,-0.06911268,0.032744084,0.065040804,-0.06574992,-0.09116525,-0.00030673196,-0.0030732353,-1.0103378e-32,0.028217975,0.07251815,0.0059358673,0.015808878,-0.029022036,0.05402114,0.04565384,0.018182812,-0.035624195,-0.05363656,0.0074890414,0.061102483,-0.05396472,-0.018721122,-0.092567876,0.085871175,0.0070178583,-0.007181405,-0.0061398703,-0.06878566,0.018462477,0.027288148,-0.011411932,0.026063455,0.027004218,0.034784228,0.05591622,-0.06175054,-0.011521297,0.0239921,0.023810484,0.039139975,-0.049754795,-0.018939268,-0.018951442,-0.010360139,-0.003507436,-0.0634501,-0.03707991,0.046712995,-0.0015147326,0.06592696,-0.008756014,-0.13829738,-0.025130618,0.021593759,0.025545979,-0.03209774,0.048536412,-0.09299771,0.024320062,-0.018306252,0.040236864,0.0815034,0.05544079,-0.008373924,-0.0035959326,-0.02793863,-0.05724766,-0.036702786,0.084397696,0.036939133,0.034740802,-0.10486669,0.02078315,0.062478594,0.09706924,-0.025739733,0.028535645,-0.012697659,-0.011375561,-0.03617644,0.046668366,-0.017739749,-0.028462794,0.04173942,0.033557672,-0.040834904,0.026225505,-0.059925735,-0.048300553,-0.0114547275,-0.011088375,-0.041039556,-0.07812148,-0.019114118,0.0077841636,0.007776129,-0.024171844,-0.01627264,-0.0031838012,-0.022204915,-0.031262077,0.055288117,0.06234036,-5.3480957e-08,0.036221635,-0.03507144,-0.038109757,0.027693843,-0.035567604,-0.008633479,-0.031772383,0.014949762,-0.076834,0.12556621,0.0018893592,0.009759798,0.011656449,-0.024326608,-0.05718907,0.00920433,-0.018119011,0.0023490484,0.0012723007,0.058953524,0.0016224125,-0.037864298,-0.03343812,-0.10090167,0.041489553,0.0009916535,0.02728551,0.049607567,0.043503817,-0.02603817,-0.004570886,-0.031343248,0.045489762,-0.040699426,-0.032273483,0.018138021,-0.02009409,0.09354743,0.040719595,0.076178506,0.0117315175,-0.10541859,-0.00034052756,0.02266259,-0.054068916,-0.016348029,-0.05062612,0.059198752,-0.05354517,0.0021369997,0.024679124,0.0618348,0.00040439062,-0.035896774,-0.02788942,-0.0164028,-0.0058959336,-0.021583356,0.038546693,-0.026579488,-0.09351036,-0.04901877,-0.009410668,0.015103417]","war die Veränderung des systolischen Blutdrucks. Der durchschnittli-

che mittlere Ausgangsblutdruck lag bei 153/99 mmHg in der ersten

Studie und bei 157/99 mmHg in der zweiten Studie. In der ersten Stu-

die senkte die fixe Kombination Amlodipin/Valsartan in Dosen von

5/80 mg, 5/160 mg und 5/320 mg den systolischen Blutdruck um

20–23 mmHg vs. 7 mmHg bei Placebo, in der zweiten Studie in Dosen

von 10/160 mg und 10/320 mg den Blutdruck um 28 mmHg vs.

13 mmHg mit Placebo gegenüber dem systolischen Ausgangswert (9).

Da die Zulassungsstudien für Amlodipin/Valsartan nur eine geringe

Zahl von älteren Patienten eingeschlossen haben (542 Patienten ≥ 65

Jahre und nur 114 Patienten (4 %) ≥ 75 Jahre bei insgesamt 2600

Patienten), wurde der Hersteller von der europäischen Arzneimittel-

agentur (EMEA) verpflichtet, in weiteren Studien die Wirksamkeit

und Sicherheit bei älteren Patienten zu prüfen (10).

Zur Behandlung von Patienten, deren Blutdruck durch eine Amlo-","{""source"":""/home/sigillus/Schreibtisch/educx/Projekt_KI/markdowns/Amlodipin_Valsartan.md""}",ff7d6fbf-f14e-42c7-acb9-299df293fbdc,8e6e18e0-a0ea-486e-8fe8-c89c9b3b7f02
f39acabc-6b7e-4952-898d-9988b3067daa,"[-0.01700599,0.0031670595,-0.008960805,-0.0010902734,-0.046347164,-0.015307739,0.024006728,0.17379978,-0.022588331,-0.00056383363,0.020336183,-0.059788834,-0.014175535,0.03425212,-0.012107807,-0.012272695,-0.030775962,-0.02010842,-0.007884626,0.06394367,0.018471763,-0.014732285,-0.07306541,0.08047282,-0.04347431,0.034170043,-0.06113673,0.0033118508,0.006763742,0.007875512,-0.043636926,-0.021427168,0.010445905,-0.051586032,-0.062038887,0.03202562,-0.09942359,-0.06062459,-0.08461682,0.08312117,0.03107402,-0.033671297,-0.17029692,-0.0074455147,0.028204523,0.027832534,-0.07428397,0.05730214,0.012713659,0.14119832,0.011338388,-0.0033058827,0.008150401,0.045745835,0.009548286,-0.102218926,-0.1744271,0.02437541,-0.007180385,-0.014826191,-0.032661546,0.010123742,0.009080473,0.030454531,-0.017273547,-0.01756612,-0.041592665,-0.028779564,0.051782705,-0.033847466,0.03151435,-0.065733984,0.011401837,0.0071666646,-0.026857555,-0.011793352,-0.03241875,0.018147849,-0.11422985,-0.03391756,0.10364836,0.04807241,0.040041044,0.04230098,0.0167419,0.039781015,-0.005342697,0.024664586,-0.03056909,-0.06638386,0.055148102,0.044305157,-0.16673253,-0.01731543,0.06559202,-0.020794094,-0.044278815,-0.02621118,-0.030243196,0.0016743523,0.008063596,-0.056304093,-0.088682696,0.030844372,0.05447559,-0.082444794,0.07085239,-0.11088551,0.03979844,0.051351417,-0.014164944,-0.020152856,0.013767949,-0.055301607,-0.026357103,0.047509708,-0.015474072,-0.012581817,0.010530583,0.030206835,-0.029527998,-0.07313292,0.10155406,-0.07470071,0.0636063,0.076303065,-0.01571138,1.1538338e-32,0.033903435,-0.05941636,0.012223202,0.013503601,0.06167815,0.018308247,-0.0029976205,0.039948713,0.010302329,-0.076399446,-0.08431617,0.0033213128,-0.00025963262,0.03146923,0.028225506,-0.023800883,0.060284507,-0.034582492,0.011477011,-0.027017992,-0.027821751,-0.0028868057,-0.019743796,0.08571978,-0.07894904,0.034224786,-0.056169137,0.04684633,0.054884996,0.01936984,-0.021499401,-0.040703405,-0.0063236817,-0.03185654,-0.076420434,-0.00607234,-0.026048247,0.027975563,0.035009455,-0.0065058195,-0.0048430394,0.030042619,0.031809364,-0.06065735,0.04905336,-0.06307481,-0.07176853,-0.036716357,0.014591116,-0.028400298,0.009847048,-0.007961716,0.07458098,-0.01986992,-0.00085559464,0.09134956,-0.06717673,0.04843318,-0.037185222,0.09243378,-0.05810635,0.039812077,-0.016923754,-0.021716818,-0.047428884,0.06758476,-0.05907204,-0.033060003,-0.018070484,-0.057551626,-0.023035329,0.0037219843,-0.04454194,0.035425812,0.017658807,0.031142278,0.060689088,0.1225959,-0.05035808,-0.016108776,0.0235272,0.0496693,0.038428634,0.038917962,-0.03952522,-0.046778698,0.033039737,-0.047240842,0.0042582103,0.018391334,0.02371632,0.053155493,-0.09725899,-0.067401126,0.03462394,-1.4023307e-32,0.057393186,0.0034289185,-0.03135877,-0.02644031,0.051089756,0.11438109,0.008365542,-0.04184427,-0.058152247,-0.023315229,0.06628814,0.069612265,-0.08886955,-0.0031863134,-0.06899852,0.13501573,-0.06687292,0.023260059,-0.06774844,-0.030779928,0.019597493,0.0141632445,0.051479794,0.03145171,0.015396267,-0.036553,-0.03654381,-0.026609574,0.010362466,-0.03541881,0.0001482361,0.048420377,-0.040812157,-0.0040784343,0.009040338,-0.0021991045,0.005253153,-0.010540942,-0.029661074,0.048603635,0.046991333,-0.06525885,0.05184752,-0.084084444,0.12564781,-0.040736973,-0.046449486,-0.122466244,-0.07215481,-0.043453746,-0.05931469,-0.017870659,0.010669696,0.109538436,0.01761033,-0.016282095,-0.036937732,-0.0045439005,-0.039638907,-0.009905058,0.10321658,-0.02094731,-0.06461544,-0.051416248,0.015282988,-0.023207339,0.0536672,-0.062152516,0.060539577,0.013428363,-0.029303532,-0.058194786,0.049827132,-0.0031622143,0.02781117,0.050889835,0.04541668,-0.009450005,-0.043264084,-0.047139063,-0.07651265,0.07708997,-0.04733944,-0.03553791,-0.0847372,0.027329082,0.055120423,-0.004544264,-0.084020585,0.010094047,-0.031279765,0.014480867,-0.033576164,0.0650046,0.08682028,-6.745804e-08,0.072267525,-0.047859605,-0.0028134908,0.027574541,-0.09217175,-0.016184688,-0.0007349735,0.0001486437,-0.036728587,0.011369239,-0.056266997,0.064187974,0.009019564,-0.01185902,-0.031659666,-0.00060869986,0.023604805,0.065176696,-0.021263756,0.03453816,-0.009282355,-0.042788185,0.010712635,-0.06470558,0.003010875,-0.10633061,-0.016913788,-0.07378087,-0.014273074,-0.018204609,-0.01827842,0.042760283,0.029600842,-0.03259324,-0.0068244915,0.010401512,0.020554533,0.090862684,-0.060370043,0.13921611,0.042855125,-0.028828422,-0.025290363,-0.030083472,0.047525253,-0.033572976,0.028940203,0.068174586,0.053659726,-0.048292283,-0.04099559,0.0994536,0.01516985,-0.032797944,-0.0789677,0.016383499,-0.086346135,0.05399015,0.007661082,-0.037062623,-0.046387725,-0.01622975,-0.013416991,0.057324257]","Zur Behandlung von Patienten, deren Blutdruck durch eine Amlo-

dipin- oder Valsartan-Monotherapie nicht ausreichend kontrolliert

werden kann.

Die Monotherapie mit Diuretika, Betablockern, ACE-Hemmern

oder langwirksamen Kalziumantagonisten ist bei leicht erhöhtem

Ausgangsblutdruck (Hypertonie Stadium 1) und gering erhöhtem

kardiovaskulären Risiko indiziert. Dabei sind spezielle Indika-

tionen wie Herzinsuffizienz, Angina pectoris, Diabetes mellitus

oder Nierenerkrankungen sowie Unverträglichkeiten zu berück-

sichtigen (1–4).

Bei ungenügendem antihypertensiven Effekt (Blutdruck

140/90 mm Hg) mit einer Monotherapie sollte ein Behand-

lungsversuch mit einem Antihypertensivum einer anderen Wirk-

stoffgruppe oder der Wechsel auf eine Kombinationstherapie mit

zwei, bei ungenügender Wirksamkeit auch drei Antihypertensiva

erfolgen. Eine primäre Kombinationstherapie (z. B. freie Kombi-

nationen von ACE-Hemmern und Betablockern bei Herzin-","{""source"":""/home/sigillus/Schreibtisch/educx/Projekt_KI/markdowns/Amlodipin_Valsartan.md""}",71375867-b543-44a2-ad4f-8a9d61820b27,51bd5a18-d4e6-4e18-b4d1-0f74ada38275
f39acabc-6b7e-4952-898d-9988b3067daa,"[-0.0765341,-0.0007940648,-0.08018324,-0.021933442,-0.016062811,0.013651768,0.003398985,0.16042379,-0.0021757125,0.026483707,0.045360778,-0.062167518,-0.08219003,-0.00710852,-0.021735255,-0.022611206,0.025589732,-0.003956254,-0.016739741,0.03561243,0.0015355081,-0.069494106,-0.044940095,0.06009589,-0.034550466,0.04339124,-0.037071466,0.04696885,0.022182675,-0.06485649,-0.0015794724,0.017221991,0.08934795,-0.039188966,-0.017396608,-0.009673782,-0.1160558,-0.10481168,-0.1060931,0.0882465,0.0028743513,-0.018651277,-0.15264593,-0.021989234,-0.00025127112,-0.01896001,-0.016083267,0.01852713,-0.114358015,0.08705827,0.017211746,-0.021423796,0.061351497,0.0014135655,0.019078126,-0.07446849,-0.14078534,0.034594364,0.05316965,0.0477333,0.049977344,0.01305297,-0.060420487,-0.0018819702,-0.08651686,-0.011851575,0.043526072,-0.055554792,0.071517766,-0.008538319,0.10090725,-0.070345074,0.008108137,0.031631358,0.039579097,0.028579589,-0.014535301,0.021273758,-0.053256813,-0.123949535,0.08300791,-0.019905826,-0.012832281,-0.040842332,0.022228707,0.087352365,-0.07949835,0.057393298,-0.05663639,-0.03975493,0.061375123,0.048846547,-0.10513636,-0.112737544,0.070789814,-0.0014366873,0.034648057,0.017105797,0.044208203,0.014448719,0.04628447,-0.0057086363,-0.11204648,0.03411813,-0.008908531,-0.029368965,0.046902303,-0.02412452,0.014074895,0.04023083,-0.01312466,-0.04993845,0.067433566,-0.07874018,-0.07331977,0.033343635,-0.04229204,-0.018056434,0.11338749,0.06799861,0.023754556,-0.07542947,0.04386219,-0.03823955,0.064452425,0.06254588,-0.05075043,1.291784e-32,0.010791404,0.029996533,0.00083164196,-0.07715274,-0.007334151,-0.07365951,-0.040139005,-0.03293088,0.05821185,-0.022141997,-0.06265142,-0.034145392,0.009729753,-0.058668002,0.07481423,-0.057018742,-0.05032255,-0.067844324,-0.022314994,0.06768468,-0.027635293,-0.05217933,-0.066982076,0.09410473,-0.05645857,0.05769145,-0.035615377,-0.009903213,0.0071015363,0.068083696,0.02653304,-0.016909387,-0.064900234,-0.025674565,-0.14986984,0.017591534,-0.04635086,0.018852076,-0.002613275,-0.1042205,-0.0075230803,0.037867077,-0.034352306,-0.0039332747,0.05338523,-0.091578044,-0.047629517,0.023960106,0.049726427,0.007715777,-0.038378637,-0.015935749,0.12456409,-0.01801159,0.006195156,0.10973553,-0.064610094,0.03031759,0.01859292,0.05709307,-0.0052265646,0.09221542,-0.0017784883,0.0111289285,-0.012146942,0.05758235,0.0038047212,-0.06646341,-0.014714161,-0.093988895,-0.047390077,-0.01911441,0.028598493,0.013752644,-0.0050810343,0.021952484,0.040843047,0.095919296,-0.037786763,-0.054284025,0.012757278,0.04822791,0.064729884,0.022598643,-0.011726783,-0.06478207,0.007292052,-0.02050007,-0.059470166,0.026720397,0.056746013,-0.039966702,-0.034365937,-0.041348077,0.014056415,-1.3373094e-32,0.11167575,0.046202287,0.0019736553,-0.020321611,-0.013485945,0.13230844,0.0033901706,-0.048839435,-0.07199917,-0.07127473,0.09902067,0.10397482,-0.07719208,-0.020452475,-0.031164616,0.029846901,-0.04038922,0.011967625,0.024390427,-0.012770504,0.064270176,-0.016491871,-0.011044999,0.007989849,-0.037369557,0.0011335954,-0.018907212,-0.01954896,-0.011181097,0.011288122,0.0012031198,0.022952348,-0.06746033,-0.017759575,-0.016809145,-0.065149926,0.019760665,0.070867136,-0.033902053,0.027775703,0.022363873,0.021416897,0.096632004,-0.037637517,0.07268397,0.012943971,-0.011608954,-0.104407385,-0.028037583,-0.083279476,-0.012123901,0.026206868,-0.04293576,0.0543017,0.021904022,0.062300276,0.0019949283,-0.009443819,-0.09656682,-0.01416264,0.03221483,0.036996484,-0.010566737,0.01775651,0.051647954,0.041659143,0.0029606323,0.043265436,0.04691712,-0.035211578,-0.08029456,0.01581655,0.0839588,0.03492828,0.049968734,-0.047751337,0.011034907,0.009570672,-0.030250154,-0.0238127,-0.082720086,0.01172007,-0.08154981,0.0075373403,-0.0030673002,0.036731154,0.010162958,0.00993046,-0.0052828444,-0.025310423,-0.006564728,0.0320429,0.017149713,0.002651236,0.046982575,-6.532748e-08,0.051191088,-0.015755737,-0.011365851,-0.03715917,0.014351046,-0.02415167,0.010827903,2.7218488e-05,-0.05426714,0.021942208,-0.04802846,0.08474825,0.005007585,-0.014634074,-0.022431383,0.010147115,-0.03053263,0.07460583,-0.052401453,-0.02353583,0.027763074,0.0064862585,0.01692356,-0.0706832,0.05442561,-0.048559498,-0.037809424,-0.0709012,-0.0019794712,0.004605954,0.0006249154,0.0625046,0.049161255,-0.05874085,0.018979818,-0.018589178,0.024460247,0.076264426,-0.025297342,0.03161938,-0.023971058,-0.0120345885,-0.08660382,0.013709124,0.04975802,-0.045684,0.007205138,0.05687325,-0.007919221,-0.02491169,-0.07087231,0.089215524,-0.048762925,-0.0016469033,-0.040267896,0.008305267,0.01180006,-0.02396668,0.05439122,-0.040379703,0.07318782,-0.024753273,-0.009790711,0.07761458]","nationen von ACE-Hemmern und Betablockern bei Herzin-

suffizienz oder nach Myokardinfarkt oder von ACE-Hemmern

und Kalziumantagonisten bei älteren Hochdruckpatienten mit

hohem kardiovaskulärem Risiko) ist bei höherem Ausgangs-

blutdruck (Hypertonie Stadium 2 und 3) und bei deutlich erhöh-

tem kardiovaskulären Risiko zu erwägen (1–3).

Ein Wechsel von ACE-Hemmern, langwirkenden Kalziumanta-

gonisten oder Diuretika (Monopräparat oder freie bzw. fixe

Kombination der Einzelwirkstoffe) auf das teurere Kombinati-

onspräparat Amlodipin/Valsartan bringt nur Behandlungsvor-

teile, wenn preiswertere ACE-Hemmer-Kombinationen nicht

vertragen werden. Nebenwirkungen, Risiken und Vorsichtsmaßnahmen (7;10)

Nebenwirkungen des Kombinationspräparates

Häufig (≥ 1/100, < 1/10): Kopfschmerzen, Nasopharyngitis,

Grippe, periphere Ödeme, Müdigkeit, Flush,

gelegentlich (≥ 1/1000, < 1/100): Tachykardie, Palpitationen,

Schwindelgefühl, Schläfrigkeit, Schwindel bei Lagewechsel,","{""source"":""/home/sigillus/Schreibtisch/educx/Projekt_KI/markdowns/Amlodipin_Valsartan.md""}",d7d037b9-d566-4a79-8ae0-899c97b9c870,450f75a5-7422-4db0-becf-7dde23c3ca2c
f39acabc-6b7e-4952-898d-9988b3067daa,"[0.074967995,-0.09188521,0.0132799195,0.021192124,-0.039200634,-0.0076272683,0.015632136,0.15580791,0.045051888,-0.009534776,0.032186076,-0.042772498,0.013051689,-0.017692637,-0.010266883,0.04304214,0.045750517,-0.023933027,-0.060075257,0.0249693,0.08438445,0.00031373513,0.013467845,0.0077321143,0.030396264,-0.050663438,-0.082490005,-0.012859135,-0.011362967,0.02692956,-0.025026683,-0.015152223,0.011220939,-0.0737769,0.052972082,0.007859823,-0.030193701,0.022270817,-0.08689352,0.065303005,-0.014935863,-0.0028628148,-0.14814085,-0.049641047,-0.023979796,0.048672326,-0.035660066,0.037958827,-0.05547424,0.09262535,-0.05693088,-0.042751275,-0.010935749,0.075857684,-0.02999795,-0.09240269,-0.039886963,0.010465259,-0.017464122,0.023082478,-0.06277359,0.0132990265,-0.0028699322,-0.034529272,0.018168185,0.041433506,0.0017686824,-0.07448694,0.03078509,0.049854495,0.032134023,-0.11420462,0.011363592,0.06292672,-0.06381368,-0.07585255,0.039457534,-0.043424066,-0.058724683,-0.050341368,0.03503027,0.07052425,0.033697058,-0.020521568,0.08903706,0.04088054,-0.01741752,0.07383987,-0.06061081,-0.010641865,-0.012121167,-0.029760007,-0.14856645,-0.03333542,0.1192457,-0.051362317,-0.016460283,-0.020122096,-0.024747504,-0.045617595,-0.05275816,-0.063057296,0.028608842,-0.009162225,-0.016897142,-0.007588474,-0.009282181,-0.06957523,-0.0027434882,-0.008274205,-0.042595122,-0.012644439,0.06757749,-0.0108625805,0.058046646,0.0010402133,-0.05971649,0.02045867,0.101428345,0.05851896,0.023259329,-0.054085206,0.07351464,-0.035098817,0.017720813,0.012733181,-0.044530347,1.4543923e-32,0.04135789,-0.0277354,-0.027996242,0.01998026,0.01856056,0.020963265,-0.025768645,-0.02736474,0.07376847,-0.013982735,-0.03525193,-0.06870336,-0.007326735,-0.006260244,0.014983555,-0.0637086,-0.005527014,-0.013076601,-0.024296366,-0.049853764,-0.004695832,0.01161686,-0.060431976,0.025642604,-0.056719925,-0.007688761,-0.048172463,0.019413907,-0.04002264,-0.007555224,0.014717142,0.011904253,0.017106207,-0.10451243,-0.09337785,-0.0052564773,0.011129745,0.018903065,-0.002249689,-0.048669726,-0.05102671,0.03350739,-0.01182222,0.037494734,0.1042901,-0.019552758,-0.106916666,0.00827437,0.03600822,0.024445701,0.012604018,-0.020622829,0.066985354,-0.0495427,-0.04116949,0.046927936,-0.034536563,-0.011767011,-0.05490238,0.09155275,-0.08039394,0.015787268,-0.017675418,-0.059298962,0.034540534,0.0013493607,-0.10599775,-0.0692269,-0.056920078,-0.022627605,-0.087877415,0.030131532,0.058678467,0.0033887113,0.022074975,-0.06885558,-0.016428042,0.08942473,-0.030795245,-0.07459198,0.050421733,-0.004272777,-0.004314113,-0.007653645,-0.010261233,-0.032842282,-0.0052988706,-0.036862943,-0.06717154,-0.010922741,-0.005237034,0.037127025,0.02255086,0.029916164,-0.06481337,-1.5081206e-32,-0.013292415,0.034765724,-0.01823451,0.05188646,0.038949095,0.2034759,0.052056793,0.0515977,-0.03124296,-0.10576035,0.13270688,0.027936948,-0.04805104,-0.052963678,-0.025326487,0.066293046,-0.055534605,0.07184537,-0.009332843,-0.018145747,0.04964038,-0.012179186,-0.0046271426,0.033308785,0.07673388,0.027033335,0.03967823,-0.049353193,0.064372726,-0.009062109,0.00085951533,0.078820296,-0.078286156,-0.029722754,0.023400217,0.0046831365,-0.03967308,-0.018712373,-0.13467805,0.027390646,0.0647829,0.023890253,0.14195444,-0.034245793,0.057257798,0.054349378,-0.025134504,-0.122266166,-0.061612617,-0.018512553,0.02230566,0.002135554,-0.05518689,0.10256991,0.07358538,0.054096166,-0.04101309,-0.08737504,-0.15744767,-0.013213225,0.00073412975,0.06900622,0.019118605,-0.017512951,0.06892162,-0.0451131,-0.062117305,-0.0025466909,0.07721656,0.014481742,-0.014341024,-0.014461103,-9.457153e-05,-0.050934855,-0.027744044,-0.0016200528,-0.006323195,-0.057886884,-0.063066304,-0.017539103,-0.028390646,0.1149252,0.01676534,0.0065101697,-0.060334187,-0.020329297,-0.035679944,-0.02416252,0.007876946,0.006685772,-0.035304524,0.010110009,0.03129651,0.01971444,0.1149603,-6.833799e-08,0.038387835,0.006707862,0.003403496,-0.013666734,0.0008913293,-0.06658253,0.058865517,0.014657722,-0.11376207,0.027255343,-0.0030102704,0.07595552,-0.011848683,-0.017820945,0.012020917,-0.05960841,0.02651264,0.0659822,0.03800085,-0.04617684,0.016099049,-0.03537855,-0.02752196,-0.033459585,-0.00750572,0.0017667154,0.009550037,0.0050068554,0.03588552,0.01455136,-0.020378819,0.019263547,0.033705786,-0.03381752,-0.013440909,0.0020049333,-0.057902012,0.07757765,-0.052044705,0.1208521,0.027466608,-0.04700934,0.026918584,0.03241174,0.08476085,-0.037086967,-0.0007121364,0.05108751,0.061484795,-0.0028541426,0.010797935,0.07216804,0.035255495,-0.017118992,-0.09106246,0.08357308,-0.033752397,0.017805183,-0.008562044,-0.07675663,0.051951695,0.028541036,-0.00084645284,0.040247392]","Schwindelgefühl, Schläfrigkeit, Schwindel bei Lagewechsel,

Parästhesie, Drehschwindel, Husten, Schmerzen im Hals- und

Rachenraum, Durchfall, Übelkeit, abdominale Schmerzen, Ver-

stopfung, Mundtrockenheit, Hautausschlag, Erythem, Schwel-

lungen der Gelenke, Rückenschmerzen, Arthralgie, orthostatische

Hypotonie,

selten (≥ 1/10.000, < 1/1000): Synkope, Sehstörungen, Tinnitus,

Pollakisurie, Polyurie, verstärktes Schwitzen, Exanthem, Juck-

reiz, Muskelspasmen, Schweregefühl, Hypotonie, Überempfind-

lichkeit, erektile Dysfunktion, Angst.

Weitere bekannte Nebenwirkungen bei Amlodipin

Erbrechen, Alopezie, Dyspepsie, Dyspnoe, Gingivahyperplasie,

Gynäkomastie, Hyperglykämie, Leukopenie, Impotenz, Angio-

ödem, Vaskulitis, Thrombozytopenie, Erythema multiforme, pec-

tanginöse Schmerzen, cholestatischer Ikterus, erhöhte

Transaminasen.

Kosten

Stand Lauertaxe: 01.01.2009","{""source"":""/home/sigillus/Schreibtisch/educx/Projekt_KI/markdowns/Amlodipin_Valsartan.md""}",f08b0b64-26f2-456a-9456-ad9e2636648c,c9fc250f-9a8b-44b6-aa54-b8dd8492cac8
f39acabc-6b7e-4952-898d-9988b3067daa,"[-0.07179502,-0.026006632,-0.024233107,0.021473965,-0.059891313,-0.035362992,0.039241586,0.11251528,-0.08634234,0.029974924,-0.018809289,-0.034169886,-0.025462473,0.056430068,-0.03443525,0.0135476,0.013923167,0.013256839,-0.015507227,0.07982732,0.029712273,-0.058927543,-0.017005363,0.024649074,0.007234448,0.05830778,-0.0733288,-0.01606778,0.0027149213,0.027873483,-0.085302964,-0.046378214,-0.0023451797,-0.04403411,0.034125376,0.036821987,-0.065598726,-0.07807081,-0.07976107,0.08801329,0.04610914,-0.058675397,-0.19607449,-0.051337183,0.04655947,-0.0017526196,-0.016880978,-0.011758997,-0.022100793,0.15020676,-0.057324786,-0.06762326,0.011225519,0.0060039335,-0.008471686,-0.07385115,-0.12260774,-0.0052144127,-0.020537442,-0.0060651023,-0.011240613,0.04302976,-0.014289951,-0.035086237,-0.05485371,-0.01085561,-0.026297672,-0.047665596,0.108782016,-0.058874864,0.0052312156,-0.046797153,-0.027059823,0.031186946,-0.014942742,-0.06723215,-0.014888206,0.017762957,-0.055297315,-0.10927767,0.12991066,0.017601414,-0.00048209087,0.035594758,0.01099376,0.025129236,-0.011832507,0.045353387,-0.011329623,-0.0031105601,0.08555809,0.035133425,-0.100202024,-0.092005916,0.13709207,-0.04382041,-0.08080573,-0.028250255,0.0035550217,-0.033095244,0.03411663,-0.020444108,-0.011266818,0.023829153,0.0123339165,-0.06288004,0.016914856,-0.018300582,-0.005082016,0.08747453,-0.017127883,0.028047953,0.022063848,-0.054272387,0.005159845,0.057502825,-0.07379518,-0.069491066,0.06298976,0.04310235,0.0026195825,-0.033711366,0.097702205,-0.03222967,0.08563593,0.0940798,0.016124748,1.4841263e-32,-0.016967915,0.024472814,0.017661948,0.06304422,0.025085652,0.04549416,-0.061189435,-0.014659154,0.07299959,-0.088511355,-0.12623875,0.050007254,0.0115416655,0.078962676,0.015777573,-0.013162084,0.01766409,0.017694447,0.065948896,-0.0061257137,-0.0013357146,0.006999032,-0.037955083,0.091548726,-0.1106142,0.10200476,-0.08645653,0.050846726,0.0004389205,0.024341717,-0.015543188,-0.058797978,-0.02431993,-0.07009994,-0.06654454,0.06323742,0.020355951,-0.012690996,0.0040985793,0.02769199,0.029637743,0.0037929513,0.048065115,-0.024679892,0.06889914,-0.012947533,-0.06707735,0.03809063,0.041126546,-0.022427043,-0.0047539193,0.04877437,0.06187105,-0.016516473,-0.075283065,0.07908672,-0.074497215,0.010831694,-0.060947888,0.029669553,0.02428295,0.06968788,0.04553461,0.015261656,-0.07710728,0.020663192,-0.09513311,-0.038458996,-0.017969131,0.011200543,-0.08045341,0.0010959145,0.04371122,0.018218935,0.053986877,0.03991006,0.03797391,0.07904287,-0.056202315,-0.043632478,-0.041420672,-0.00514403,0.051977076,0.06848736,-0.0042917477,-0.04222198,0.05388347,-0.061099343,-0.016243003,-0.0275438,0.028464321,0.019483397,-0.13612501,0.025253477,-0.014780738,-1.7316752e-32,0.10088374,-0.015972028,0.0016006152,0.008511341,0.029358167,0.05511578,0.0070847645,0.051140856,-0.0146842655,-0.014011116,0.15740614,0.011551693,-0.097557865,-0.07001613,0.025859127,0.025011657,-0.0618531,0.06953893,-0.0010467453,0.0010428224,0.02611728,-0.028054485,0.013904879,0.034343343,0.02804352,-0.0037741163,0.01639831,-0.11595584,0.03050701,0.0020661296,-0.012744915,0.05148617,-0.06392153,-0.05311239,-0.012775829,0.02244316,0.044786826,0.021190679,-0.06608397,0.03212532,0.0792899,0.010104721,0.02545379,-0.012005645,0.07822248,0.018184353,-0.071548335,-0.10615912,-0.05639442,-0.034522846,0.040130734,-0.004944594,0.06326957,-0.0015677465,0.001690403,-0.0282891,-0.03660679,0.010756439,-0.046740737,0.017798131,0.003135767,-0.0035229858,-0.02214451,-0.07686916,0.057956576,0.013896443,0.036684833,0.035105236,-0.02430602,-0.022561377,-0.0013523395,-0.006908137,0.038952243,0.023275208,-0.0024848678,-0.008745115,0.046049744,-0.028190777,0.003715518,-0.08615864,-0.0457923,-0.000906494,-0.0305709,0.010596486,-0.10074504,0.07694728,-0.017395418,-0.014309791,-0.07519103,-0.032529067,-0.023911908,-0.047624998,-0.10706694,0.042293385,0.03830724,-7.870667e-08,0.04273033,0.020925786,-0.0035276855,-0.008301773,-0.03818113,0.027325727,-0.044724084,0.029999934,0.0042273146,-0.020444447,-0.074163795,0.07089199,0.04402903,0.0049886596,-0.050687592,0.020864056,-0.0041151037,0.023643551,-0.045262154,-0.059263863,-0.06302258,-0.040938385,-0.0287138,-0.08053667,0.025285952,-0.07820488,-0.039225828,-0.027848935,-0.009853192,-0.013466176,-0.0084491335,0.032125447,0.0175158,0.0073186276,-0.012186384,-0.021940382,0.006899356,0.036106274,-0.11303841,0.03461414,-0.063184574,-0.06760755,0.002522688,-0.03538007,0.06763181,-0.04380202,0.02430641,0.051175483,0.025100004,-0.0047676214,0.0010511746,0.09208798,0.02737052,-0.053746335,-0.13821076,0.00043418485,-0.055827696,-0.013240945,-0.02521903,-0.022589108,0.042247467,-0.020348202,-0.030126553,0.062565975]","Transaminasen.

Kosten

Stand Lauertaxe: 01.01.2009

Zu den Antihypertensiva sind nur einzelne Wirkstoffe aufgeführt; weitere finden Sie in den Empfehlungen der Arzneimittelkommission der deutschen Ärzteschaft zur

Therapie der arteriellen Hypertonie (1). 2nach (5), 3Dosierung gemäß Fachinformation, 4Kostenberechnung anhand des kostengünstigsten Präparates einschließlich Import;

gesetzliche Pflichtrabatte der Apotheken und pharmazeutischen Unternehmen wurden berücksichtigt, 5bezogen auf Bisoprololhemifumarat.

Literatur

Arzneimittelkommission der deutschen Ärzteschaft: Auf einen Blick:

Arterielle Hypertonie. Handlungsleitlinie Hypertonie aus Empfehlungen zur The-

rapie der arteriellen Hypertonie (2. Auflage): http://www.akdae.de/35/

75_Hypertonie_2004_2Auflage_K.pdf. Arzneiverordnung in der Praxis, Band 31,

Sonderheft 2. April 2004.

Mancia G, De BG, Dominiczak A et al.: 2007 ESH-ESC Practice guidelines for the","{""source"":""/home/sigillus/Schreibtisch/educx/Projekt_KI/markdowns/Amlodipin_Valsartan.md""}",e54b2a9e-d169-430f-bdcb-3ca6b9ed056e,99d296d7-5a33-4cf4-8048-b818b694b0b7
f39acabc-6b7e-4952-898d-9988b3067daa,"[-0.033785228,0.0061799334,0.009974012,0.007976986,-0.048217773,-0.030364135,-0.059335675,0.045890953,-0.07900032,-0.057557326,0.00976269,-0.00327367,-0.050362904,0.036361165,-0.019852605,-0.04728031,0.038239438,-0.046443764,0.011822606,0.0776856,0.06987817,-0.016200539,-0.026348064,0.043601643,0.0059809275,-0.013850164,-0.014619391,-0.053477075,-0.0229479,0.026316265,-0.019502029,-0.0118129635,0.026357716,0.04169592,-0.012072129,0.061895605,0.0072804764,-0.085859634,-0.1534315,0.059584543,-0.0063951397,-0.08694064,-0.117437914,-0.02583571,0.006931505,0.056898236,-0.05628475,-0.01717947,-0.06952874,0.120996185,-0.060272932,-0.013216339,-0.010295656,-0.012508151,0.02246261,-0.0708746,-0.060157284,0.0022583804,0.014683911,-0.04970787,-0.01332409,0.016602244,-0.06762923,-0.018937588,-0.10683714,0.00044029817,0.009459614,0.026711607,0.048180964,-0.037919886,0.0440576,-0.011751021,0.019418739,0.08154647,-0.052436236,-0.024718208,-0.04207214,-0.02151849,-0.0022921206,-0.049187772,0.09273426,0.038011443,-0.06656011,0.015653685,-0.006215866,0.027636416,-0.134085,0.029454904,-0.020669471,-0.0062147086,0.087640524,0.043162253,0.0369847,-0.00017100363,0.10727366,-0.047750838,-0.045799524,-0.02069758,-0.058278933,-0.04049303,0.032615677,0.06639926,-0.0011775214,0.05681414,-0.046701863,-0.09407631,0.018280616,-0.016653186,-0.0037795436,0.028632643,0.02326472,0.046046346,0.04319863,-0.06937944,0.002631362,0.075082816,-0.028728573,0.04888261,0.035104573,0.01934897,0.024718167,-0.005531218,0.026254935,-0.019039981,0.15603417,0.08949842,-0.025356552,8.205856e-33,0.11528129,0.055152327,0.02674143,0.0764015,0.014506089,0.024406916,-0.012784389,0.033621393,-0.0076401792,-0.080060765,0.024647344,-0.036529526,0.059832804,0.07197101,-0.09649192,0.05241369,0.0520045,0.048200995,0.038750615,0.053340893,-0.06547684,-0.013264792,-0.027135795,0.0531777,-0.10519101,0.0022641888,-0.050820816,0.06271847,0.030800795,0.02366219,-0.018015813,-0.06263261,0.03808274,-0.07251871,-0.085001886,0.019476201,-0.030846592,0.0027743978,0.037139077,-0.023174757,-0.004184179,0.074925415,-0.04379393,0.049727313,0.03181671,-0.0580516,-0.0093032615,-0.040483262,-0.016514605,-0.017535057,-0.08764306,-0.044983078,0.042738374,0.0101671815,-0.02199884,0.07544541,-0.047977295,0.021551926,-0.06424112,0.0117539335,0.026201053,0.03929965,-0.027311852,0.08893738,-0.0057070665,0.019044848,-0.07065715,-0.026203854,-0.031671483,0.050923675,-0.08177482,-0.02015433,-0.018481372,0.044179596,0.025273105,-0.016454175,0.024040727,0.051405605,-0.041268192,-0.012738889,-0.021755157,0.012954402,0.10192617,0.04936469,0.04614416,-0.017560495,0.014314575,0.0016376195,0.0056740325,-0.047329426,0.040296964,-0.053295817,-0.08322879,0.03888466,-0.010143842,-1.1085833e-32,0.025130162,0.082297854,-0.03832121,-0.013898413,0.07525713,0.017932372,-0.031630225,-0.09214865,0.04602809,-0.111248024,0.05585721,0.015476186,0.017379738,-0.04480141,0.014959575,0.05227874,-0.099256724,-0.071473554,-0.04475217,-0.029004965,0.02494824,-0.17284605,0.048700977,0.041225836,0.031875487,-0.06365915,-0.03891175,-0.065704495,0.00065516506,-0.01886398,0.005367289,-0.04049583,-0.05316483,-0.082690865,0.007841738,0.00061619806,-0.04922833,0.105723694,-0.017938145,0.12041956,-0.0025493677,0.009454706,0.047640838,-0.07205861,0.0009014894,0.04758284,0.04284087,-0.06556052,-0.031130414,-0.0032861358,-0.063863374,0.0030481573,0.022014033,0.06846666,0.025244202,-0.07183043,0.00073381787,0.032900363,-0.049720544,0.0049706474,0.019675735,0.046540108,-0.070045955,-0.04638398,-0.01518095,-0.022260653,0.049627498,-0.0125208255,0.028416123,-0.023017706,-0.052101362,-0.0846515,-0.007935688,0.029641343,0.023628756,-0.08178248,-0.021818066,-0.011341899,-0.08526012,-0.06591529,0.042514708,0.03179156,-0.04763601,0.026472203,-0.07873759,0.096558325,0.05713273,-0.02848616,-0.023477403,0.0709229,-0.09493599,-0.01772768,-0.12859917,0.05700178,0.045771446,-6.5492415e-08,-0.0038474016,0.0038975396,-0.0031477262,-0.033284128,-0.015596744,0.0152608305,-0.0005600854,0.07887013,-0.042743083,0.054116778,0.0431346,0.057834107,0.04993274,-0.028980484,0.0002862619,-0.08222978,0.11076984,0.039386112,-0.023286734,0.05732758,0.060062043,-0.06418247,0.030821277,-0.068383254,0.00533369,-0.08074023,0.032560848,0.042526174,-0.0048422883,-0.05775292,0.006381417,0.051203497,0.061537597,-0.024337552,0.0038113194,-0.031549003,-0.022851368,0.09863579,-0.016899554,0.09851177,-0.075125694,-0.01416558,0.062487807,0.047849055,0.017959626,-0.016622728,0.043915447,0.0067878272,0.053389322,-0.044584695,0.026454236,0.040296767,0.029134933,-0.05189781,-0.039801925,0.016070096,-0.07012404,0.040701177,0.016852664,-0.05497138,0.03915669,-0.0058029117,-0.10733246,0.010659992]","Mancia G, De BG, Dominiczak A et al.: 2007 ESH-ESC Practice guidelines for the

management of arterial hypertension: ESH-ESC Task Force on the Management

of Arterial Hypertension. J Hypertens 2007; 25: 1751-1762.

Deutsche Hochdruckliga e.V. DHL ® - Deutsche Hypertonie Gesellschaft: Leitlinien

zur Behandlung der arteriellen Hypertonie: http://www.hochdruckliga.de/

Leitlinien-Therapie2007.pdf. Zuletzt geprüft: 18. Dezember 2008.

National Institute for Clinical Excellence: National Collaborating Centre for

Chronic Conditions. Hypertension: Management of hypertension in adults in

primary care: pharmacological update: http://www.nice.org.uk/nicemedia/pdf/

HypertensionGuide.pdf. Royal College of Physicians. London: 2006. Zuletzt

geprüft: 18. Dezember 2008.

GKV-Arzneimittelindex im Wissenschaftlichen Institut der AOK (WIdO): Deutsches

Institut für Medizinische Dokumentation und Information (DIMDI) (Hrsg.):

Anatomisch-therapeutisch-chemische Klassifikation mit Tagesdosen. Amtli-","{""source"":""/home/sigillus/Schreibtisch/educx/Projekt_KI/markdowns/Amlodipin_Valsartan.md""}",eb994c25-48e3-4deb-8904-1e3d77d6b97a,0900f39d-ec5a-4efb-911d-9c07050be833
f39acabc-6b7e-4952-898d-9988b3067daa,"[-0.054917198,-0.08021154,-0.11512422,0.014742744,-0.03373549,-0.0118552735,0.025714964,0.18903373,0.04251757,0.051701102,-0.034443475,0.063863724,-0.0011826437,0.07184691,-0.13299237,0.037671544,0.045710605,0.0019393906,-0.051471975,0.044905704,0.0228799,-0.026171435,0.010861276,-0.011049311,-0.025803298,-0.025096104,-0.12530254,-0.015397889,-0.024970466,-0.024606412,0.027896427,0.045555145,0.021128265,-0.063046575,0.029897291,0.02477746,-0.047347613,-0.023859946,-0.0625326,0.024241123,-0.026319258,-0.013625885,-0.14399315,-0.055406805,0.055534627,-0.023104388,-0.0156474,-0.006490032,-0.10373748,0.1425253,-0.060349595,-0.08159943,-0.034906078,0.022942357,0.013302919,-0.07175214,-0.13372326,-0.017841889,-0.023543322,0.07950524,-0.009727745,0.028028183,-0.028492153,-0.001241547,-0.025771035,0.045604568,0.026495812,-0.09935818,0.06150786,-0.022610137,0.005544911,-0.06934027,-0.005828998,0.043712314,-0.047039747,-0.0051812334,0.010440133,0.002403185,-0.0053721685,-0.0919017,0.065282494,0.026845654,0.027728215,-0.045062292,0.035550512,0.020544657,-0.060941774,0.0466401,0.06516829,0.078860015,0.1011532,0.06600174,-0.10451865,0.009290408,0.05759183,-0.041395556,-0.055454303,-0.025874428,-0.0038930913,0.007145181,0.019767899,-0.018071719,-0.0324002,-0.059138414,-0.013473225,-0.13154241,0.10474303,-0.0442721,-0.062114373,0.025562963,-0.04445305,0.054149725,0.05902077,-0.027303398,-0.061552107,0.02330845,0.037469134,-0.04451447,0.08310698,0.008092052,-0.045166045,0.04357799,0.083757915,-0.05370899,0.07745486,0.064055644,-0.02813407,1.2541188e-32,-0.049277626,0.023468511,0.048536964,0.04785326,-0.011162405,0.06695191,-0.022526437,-0.049974132,0.065057985,-0.0445727,-0.01766852,-0.02624154,0.06436469,0.090753555,0.044145145,0.028326957,0.013436448,0.011322212,-0.003372804,-0.047802,0.026345663,0.0015472353,-0.0633703,0.026644412,-0.11526367,0.07664566,-0.07042174,0.082942374,-0.025231984,0.02705511,0.040093277,-0.018210338,-0.042246208,-0.013472224,-0.08380245,0.029414888,-0.0049339435,0.011248524,0.027967773,-0.043013,0.0026067481,0.04507516,0.023206469,0.0053418498,0.038294148,-0.061329897,-0.11438741,0.045970604,0.0572951,-0.016475007,0.021348376,-0.009672369,0.06899368,-0.0019593015,-0.07124724,0.12724212,-0.119202785,0.009652152,0.008017848,0.022756921,-0.035878584,0.058094148,0.0039322656,0.013900094,-0.009164665,0.003237613,-0.045712344,-0.056082584,-0.046014965,0.034428887,-0.009225831,-0.013103355,0.08705813,0.013125698,0.082621194,-0.042125408,0.033853192,0.09674044,-0.07889912,-0.042585023,-0.030638628,-0.024814438,-0.021073649,0.036533438,-0.04275093,0.0025681106,0.02181866,0.0015265538,0.060705274,0.038699936,0.086784735,-0.07479137,-0.1081346,0.05528189,0.016160583,-1.4521443e-32,0.075632446,0.05152019,0.025856957,-0.022998448,0.038601156,0.068067476,0.008378921,-0.037043758,0.021919798,-0.14105551,0.0067199874,0.05036487,0.009541894,-0.0073893964,-0.046152525,-0.0013527342,-0.04783005,-0.004801849,0.013968122,-0.06313835,-0.014376879,-0.065032184,0.009250296,0.029891005,0.0556095,-0.0077066817,-0.026943801,-0.050535996,-0.02721047,-0.024808217,0.011513046,0.013803467,-0.106243476,-0.011796681,-0.03125099,-0.0004166696,-0.015132767,-0.04234954,-0.06531074,-0.031834368,-0.025475163,0.05873587,-0.03333608,-0.002815543,0.05057551,0.054349467,0.029508172,-0.13150142,0.015548329,-0.023352683,-0.00927951,0.039198484,-0.015293765,-0.030751755,0.04632838,-0.008210178,-0.0023361435,-0.097081676,-0.12088825,0.024243519,0.036526024,0.04023177,0.008301089,-0.04369052,0.08433053,0.03822219,0.011267211,0.054079313,0.081178084,-0.014496303,0.031042421,-0.0041398513,-0.04952123,-0.007259674,0.030380502,0.019617032,0.050375883,-0.059296373,-0.080345236,-0.080294155,-0.048033625,-0.013868527,-0.05894307,0.076734096,-0.09931531,0.033263646,-0.008466679,-0.04771766,-0.027169188,-0.0031950858,-0.044153217,0.0093307765,-0.023330485,0.04937288,0.05286493,-7.948457e-08,0.03103339,-0.003181661,-0.043818664,0.0050937473,-0.031244587,-0.00013357797,-0.063571,0.007539797,-0.07047633,0.011978163,0.011085892,0.061798267,0.05667523,0.020330738,-0.086481236,-0.033451576,0.008015046,0.028231226,-0.04085395,-0.0062344233,-0.06286505,0.011216264,-0.023616869,-0.048564274,0.030685652,-0.026060041,0.033233877,0.011449075,-0.007434565,-0.006174664,-0.0035077748,0.018836245,0.04608622,0.039119795,-0.040614903,-0.04539308,0.03910238,0.07511959,-0.054762915,0.044763226,0.004443775,-0.006604424,0.029935068,0.03494831,-0.057559855,0.0040915906,-0.044084474,0.019439274,0.065184765,-0.030759078,0.0019635102,0.07217486,-0.0055461875,-0.025463298,-0.08629037,0.052339405,-0.037728697,-0.025188236,0.07178245,-0.053272977,-0.011687993,-0.029412005,0.00031215724,0.04735657]","Anatomisch-therapeutisch-chemische Klassifikation mit Tagesdosen. Amtli-

che Fassung des ATC-Index mit DDD-Angaben für Deutschland im Jahre 2008.

Köln: Wissenschaftliches Institut der AOK (WIdO), 2008.

Fricke U, Klaus W: Neue Arzneimittel 1995 - Fortschritte für die Arzneimittel-

therapie? Stuttgart: Wissenschaftliche Verlagsgesellschaft mbH, 1997.

Novartis Pharma GmbH: Fachinformation ""Exforge ®"". Stand: Juni 2008.

Fricke U, Klaus W: Neue Arzneimittel: Fakten und Bewertungen von 1997 bis

2000 zugelassenen Arzneimitteln. Band 12, Stuttgart: Wissenschaftliche

Verlagsgesellschaft mbH, 2002.

Philipp T, Smith TR, Glazer R et al.: Two multicenter, 8-week, randomized,

double-blind, placebo-controlled, parallel-group studies evaluating the efficacy

and tolerability of amlodipine and valsartan in combination and as monotherapy

in adult patients with mild to moderate essential hypertension. Clin Ther 2007;

29: 563-580.","{""source"":""/home/sigillus/Schreibtisch/educx/Projekt_KI/markdowns/Amlodipin_Valsartan.md""}",278d6d0d-0ea2-4524-9559-1c2d56a0177b,edd3a1e5-804d-4695-a238-8c945b83d533
f39acabc-6b7e-4952-898d-9988b3067daa,"[-0.0072478065,0.010938983,-0.099351875,0.043011468,0.054798298,0.017381819,0.035708837,0.08830931,-0.016433932,-0.020476675,0.022884872,-0.021479031,0.041458137,0.030473901,-0.014605597,0.0071592364,0.05238427,0.004770828,-0.03871941,0.09878254,0.04759691,-0.020791115,-0.048156876,-0.005539754,0.03453005,0.055942595,-0.049678158,-0.022012617,-0.010935303,0.03457579,-0.026020117,0.030427573,-0.010973412,0.041309096,0.012704349,0.045619395,-0.02317316,-0.039775796,-0.12862489,0.05303391,0.049120687,0.02710848,-0.11203347,-0.0026883027,-0.00091821357,0.023697495,-0.012410962,-0.08380116,-0.07625208,0.15739366,-0.0020219916,-0.010352783,0.03096969,0.021667924,-0.03405906,-0.0752147,-0.09174679,0.022398748,0.039133117,-0.021015894,-0.14344156,0.021693012,-0.001610423,-0.048078656,-0.024442188,-0.04446422,0.024276352,-0.05359303,0.046585876,-0.026902625,0.10750111,-0.0041519417,-0.02581395,0.032376777,-0.020497937,-0.049629353,0.035674278,0.020743867,-0.024322517,-0.04830578,0.04765544,0.02493509,0.020693474,0.09015726,-0.0053642746,0.0060040625,-0.04763375,0.057280403,-0.032260336,0.062309172,0.03928258,0.064775296,-0.0113699,-0.023421613,0.09208668,-0.018146174,0.0036975013,-0.03902777,-0.025387045,0.021951396,0.00020727498,0.01307792,-0.07517472,-0.03936366,0.0325567,-0.09424075,0.025196783,-0.029752191,-0.006601862,0.055432446,0.048075244,0.020577537,0.029214576,-0.044814475,0.016492622,0.06281174,-0.008110737,-0.028979367,0.063317224,0.034525152,0.058438774,-0.02496968,0.03957232,0.040056154,0.13187778,0.11898838,0.033724573,8.8021245e-33,0.059694998,-0.02815427,0.032288298,0.06414906,-0.014794631,0.04330781,0.05109467,-0.00057276577,0.03567338,-0.09634818,-0.014797065,-0.025858695,0.0077079795,0.07552101,-0.06103057,0.023206785,0.10393285,-0.041939072,0.04940124,0.009347983,-0.008804138,-0.011147148,0.03136879,0.06369871,-0.0793555,0.03630071,0.051556263,0.008787325,0.019008672,-0.021807916,-0.011313718,-0.070761494,0.009915159,-0.020408845,-0.064229324,0.06168619,-0.0066125905,0.04174084,-0.015088535,-0.0039052747,0.098368436,0.05266193,-0.06367057,-0.011639025,0.049325913,-0.03875756,-0.08027242,-0.094968185,-0.062090088,0.0028303182,-0.09132514,-0.012853486,0.08770158,-0.010825258,-0.08537311,0.028230881,-0.06984861,-0.021683399,-0.0389803,0.006425408,0.0152490875,0.022736527,0.026236739,0.08446835,0.036885224,-0.04970258,-0.026495041,-0.08971283,-0.0021060468,-0.05640578,-0.052756093,-0.10870933,0.053059064,-0.022721414,-0.028006658,-0.00077380164,-0.09441068,0.01983987,-0.07184069,-0.0802067,0.00867608,-0.0094522685,0.120188355,0.064328685,-0.009500886,-0.059041187,-0.0046976623,-0.015915973,-0.07072516,-0.060363084,0.0054580173,-0.003252191,-0.03452199,-0.03031526,-0.05597214,-1.0995884e-32,-0.015609476,-0.0073525626,-0.017698854,-0.045455117,0.014401718,0.0939152,-0.036348607,-0.072373055,-0.0065726433,-0.050800763,0.0881985,-0.015959429,-0.052153256,-0.028599067,-0.02780526,0.10037745,-0.0809674,0.031291742,0.002786796,0.0006731279,-0.033044662,-0.09845213,0.05927672,0.096073955,0.082533464,-0.053777184,0.01969332,-0.049926236,0.005327543,-0.024159996,0.03989118,0.041126613,-0.020956067,-0.017361281,-0.00051867234,-0.0057708533,-0.048866186,-0.037608266,0.008225883,0.070641145,-0.036474437,-0.015418973,0.06570402,-0.1429239,0.050563663,-0.026924867,0.008065471,-0.09739651,-0.00044236597,0.01267069,-0.044395868,-0.003634601,-0.0438762,0.08149935,-0.005268618,-0.049323868,-0.03700628,0.04556302,-0.055705864,-0.025704874,0.050587807,0.06890923,-0.041776862,-0.05445297,-0.011324616,0.0058883447,0.08927016,-0.0064031044,0.05845557,-0.08289041,0.003006734,-0.026477344,0.056012347,0.028725393,0.015153756,-0.08724074,0.06093463,0.023073971,-0.004602894,-0.116208024,-0.034097727,0.022630822,-0.035354882,-0.002229214,-0.07286302,0.036348723,0.07093777,0.006473242,-0.029399263,-0.023464674,-0.06734868,-0.07949438,-0.10981351,0.021812648,-0.012398584,-6.2223265e-08,0.07659567,-0.013536926,-0.092365354,-0.027604714,-0.08104229,0.010297941,0.027393656,0.03731018,-0.044937287,0.049067162,0.048077304,-0.04593468,0.036646318,-0.01735143,-0.03403644,0.005105694,0.04034962,0.09560521,-0.018232435,0.05317856,0.028448926,-0.020659603,-0.006096666,-0.024730003,0.029963769,-0.008645152,-0.04222507,-0.014821995,0.09767794,-0.01597843,-0.05541379,0.006565672,0.0021848509,-0.062794104,-0.001585723,-0.023404708,0.075654805,0.0070051136,0.0044187373,0.100654855,-0.023810133,-0.061675936,-0.002514204,-0.009624186,0.013486245,-0.051161252,0.048780426,-0.017503075,0.04776844,0.04037852,0.035768315,0.094651856,-0.012118737,-0.08783065,-0.09290415,0.064568855,-0.055549774,-0.052951403,-0.0037830041,-0.09851257,0.053219754,-0.04539741,-0.05600196,0.03261691]","in adult patients with mild to moderate essential hypertension. Clin Ther 2007;

29: 563-580.

EMEA: Exforge ®: European Public Assessment Report (scientific discussion):

http://www.emea.europa.eu/humandocs/PDFs/EPAR/exforge/H-716-en6.pdf.

Stand: 20. Mai 2008. Zuletzt geprüft: 18. Dezember 2008.

© Wirkstoff AKTUELL ist eine Information der KBV in Kooperation mit der ARZNEIMITTELKOMMISSION DER DEUTSCHEN ÄRZTESCHAFT .

Stand: 27. November 2008

Weitere bekannte Nebenwirkungen bei Valsartan

Virusinfektionen oberer Atemwege, Neutropenie, Nierenfunkti-

onsstörungen, Angioödeme, Vaskulitis, Serumkrankheit.

Interaktionen

Zunahme der Serum-Lithium-Konzentrationen und der Toxizität

von Lithium bei gleichzeitiger Gabe von ACE-Hemmern.

Kontraindikationen

Schwere Leberinsuffizienz, biliäre Leberzirrhose, Cholestase,

schwere Niereninsuffizienz (GFR < 30 ml/min/1,73 m2).

Vorsichtsmaßnahmen

Amlodipin/V alsartan darf nicht während der ersten drei Monate","{""source"":""/home/sigillus/Schreibtisch/educx/Projekt_KI/markdowns/Amlodipin_Valsartan.md""}",fb50decc-8cd1-462f-8215-52e639fc20a3,e9f6407b-2cbe-4899-bfc6-5dc9675b2dad
f39acabc-6b7e-4952-898d-9988b3067daa,"[-0.063174054,-0.045126334,-0.026792144,-0.006515066,0.0031697627,-0.035723634,0.0012783939,0.12153665,-0.013879608,-0.03736452,0.049690086,0.0068647363,-0.0063351435,0.024091557,-0.086214796,-0.03228061,0.021653205,0.05670683,-0.0023939498,0.07421538,0.030698506,0.0045644427,0.04262033,0.03410419,0.023448346,0.10187504,-0.012215335,-0.015090419,0.02442594,0.011752401,0.058309402,0.01531205,-0.0068588275,-0.09403404,0.0754755,0.039674852,-0.066850506,0.048710402,-0.038749117,0.07837177,0.041210547,-0.06335466,-0.11891555,-0.037132896,0.03240858,-0.06083947,-0.07476225,0.06620918,-0.026095549,0.15522063,-0.02164116,-0.063699774,0.009818766,0.011709803,-0.0012646978,-0.16635132,-0.0744386,0.0096412925,-0.0013307986,0.02907556,-0.04254717,-0.024926066,0.0501405,-0.021803599,-0.024753053,-0.03029708,0.00742565,-0.06519251,0.066091515,-0.005325242,0.039799683,-0.060407076,0.076687396,0.07048765,-0.004508858,-0.0053985585,-0.009800098,0.032908443,0.017507609,-0.049071733,0.10324517,0.043482974,0.04839996,0.04001839,0.014987115,0.0076539586,-0.05822216,0.085462674,0.09255388,-0.03187658,0.0660649,0.05575871,-0.12975915,-0.13199863,0.0428782,-0.06318038,-0.11955324,-0.014390665,-0.071981974,-0.010718391,-0.026965441,-0.05069084,-0.087267175,-0.010068317,0.020852337,-0.032532495,0.008069246,-0.08090166,-0.032445993,0.06988864,-0.0031360947,0.008629883,0.016005741,-0.081671245,-0.028138742,0.024864864,-0.020501276,-0.021748744,0.008558384,-0.015112583,-0.06637702,-0.07530247,0.079451784,-0.064191416,0.043117024,0.020630667,-0.038018633,1.487808e-32,0.052259378,-0.017705377,0.006408349,0.012414419,-0.0065331715,0.045043208,-0.014284401,-0.045642816,0.027407795,-0.1251877,-0.02726135,-0.031828795,-0.0020106998,0.04405068,0.014763256,-0.02389828,0.04689696,0.019195165,-0.012763983,-0.07343499,0.010251871,0.032775804,-0.035847776,0.10746714,-0.010230999,0.07044863,-0.049436994,0.03275205,0.062366527,0.030629225,0.07315598,-0.07209529,0.031261697,-0.056976784,-0.14725137,0.040298644,-0.017433437,-0.040924765,0.045540273,-0.059796575,-0.044168193,0.04443215,0.02675549,0.01535411,-0.0029799107,-0.06923944,-0.04074607,-0.0113003375,0.08122677,-0.0050104223,-0.02336322,-0.05658043,0.09592139,-0.008629041,-0.04467349,0.07848349,-0.09360673,0.018625531,0.024151016,0.029015196,-0.05319123,0.0074394387,-0.00572508,-0.021355024,0.040376183,-0.02590491,-0.0384338,-0.026335305,0.020801317,-0.042565737,-0.07018516,-0.0032143255,-0.007759976,0.029902492,-0.017465519,-0.006273676,0.09531388,0.11203129,-0.050079867,-0.001725502,-0.03552248,-0.016325662,-0.0007757829,0.038521294,0.04369746,-0.00670164,0.0020435879,-0.060472317,-0.0121547645,0.06921604,0.033229675,0.013183957,-0.12790607,0.039876807,-0.008562807,-1.4930453e-32,0.047160108,0.067772195,0.0109235905,0.04662145,-0.0428234,0.023977555,0.015303448,0.03277956,0.018321645,-0.088047914,0.0033001774,0.031247973,-0.060514253,-0.0036737744,-0.07672399,0.09385788,-0.009698986,0.049457263,-0.015068125,-0.029413726,0.012715738,0.10093278,0.052119434,0.026368165,0.009773824,0.012743733,0.015253296,-0.09659482,-0.0039033536,0.06384948,0.02943701,0.033427633,-0.107867576,-0.049441576,-0.0059117046,-0.049180105,0.009958779,-0.014988682,-0.047858085,0.070047066,0.04515925,0.011808967,0.017165698,-0.077289045,0.023197223,-0.038542025,0.035613768,-0.027448624,0.031574164,-0.09436045,-0.0050017308,0.0048319735,0.029193547,0.08578196,0.019340701,-0.035281118,0.0124547435,-0.06469242,-0.08998108,-0.0076026833,0.07744519,0.016487347,0.006118593,-0.08014372,0.03431089,0.067763284,0.06149235,-0.0253126,0.07881383,-0.051401027,-0.06983878,-0.066418,0.05062305,0.028334217,0.07120899,0.023323413,-0.018846527,-0.0010907688,0.012483878,-0.06148124,-0.04347194,0.031623963,-0.046499588,-0.06680639,-0.056528945,0.0780718,0.01516467,-0.010824246,-0.004777789,-0.0015181543,-0.0656803,-0.009634042,0.026106952,0.085813485,0.060784962,-6.358484e-08,0.042023163,-0.000845027,-0.0003362007,-0.046672605,-0.00526495,-0.058472216,-0.02005684,-0.027702538,0.020584641,0.07218568,-0.023766786,0.10847261,-0.028691066,-0.06273834,-0.040461943,-0.038133144,0.030621747,0.016832469,-0.06114568,-0.07822399,0.020735271,-0.039472904,0.007067958,-0.078909926,0.043605912,-0.0057525765,0.044067558,-0.050291806,-0.018996181,0.0243952,0.015128254,0.006397575,0.0052431636,-0.04880453,-0.020492109,-0.025779469,-0.01483235,0.07284464,0.046737954,0.06781708,-0.018247211,-0.07214216,0.019508459,0.015424248,-0.035844106,0.033425774,-0.00069652236,0.099908434,-0.016737742,-0.05349431,-0.07230703,0.03603727,0.013304556,-0.07357079,-0.09372138,-0.031524774,0.037156433,-0.006816805,0.059372004,-0.097081244,0.023354294,-0.05603763,0.019555379,0.041311495]","Vorsichtsmaßnahmen

Amlodipin/V alsartan darf nicht während der ersten drei Monate

einer Schwangerschaft angewendet werden. Vor einer Schwan-

gerschaft muss auf eine andere geeignete Therapie umgestellt

werden. Wenn eine Schwangerschaft festgestellt wird, muss Am-

lodipin/V alsartan sofort abgesetzt werden.

Regelmäßige Kontrolle des Kaliumspiegels bei gleichzeitiger

Anwendung mit Kaliumpräparaten, kaliumsparenden Diuretika,

kaliumhaltigen Salzersatzmitteln oder anderen Arzneimitteln, die

den Kaliumspiegel erhöhen (z. B. Heparin).

Antihypertensiva 1

Wirkstoff Präparat DDD-Angaben (mg) 2 Dosis (mg/Tag) 3 Kosten pro Jahr [€] 4

Kombinationspräparate

Amlodipin/Valsartan Exforge ® –

5 / 80

5 / 160

10 / 160

365,60

435,24

442,25

Enalapril/Nitrendipin Eneas ®, 10/20 mg – 10 / 20 299,96

Enalapril/

Hydrochlorothiazid Generikum –

10 / 25

20 / 6

20 / 12,5

73,51

78,77

80,96

Bisoprolol/

Hydrochlorothiazid Generikum – 5 / 12,5

10 / 25

72,09

96,69

Einzelwirkstoffe","{""source"":""/home/sigillus/Schreibtisch/educx/Projekt_KI/markdowns/Amlodipin_Valsartan.md""}",252eb09d-aff1-4d49-bc3f-7ffd33ac8fda,1164c881-f5cc-48d7-b8b9-f2c33161e34e
f39acabc-6b7e-4952-898d-9988b3067daa,"[-0.07757659,-0.024166437,-0.09705922,0.012117118,0.06768495,0.014251853,0.017350826,0.13116288,0.057156663,-0.049870152,-0.009741931,-0.00041867053,0.05366832,-0.031776,-0.09802088,0.09532079,0.025004953,0.021483183,-0.009707374,-0.074088,-0.018331999,0.05116674,0.011485647,0.08947043,-0.087084025,0.09778964,0.007075212,0.053954326,-0.036326244,-0.09145723,0.045827568,0.020691605,0.07133589,-0.045384184,-0.05529628,0.026381597,-0.1560483,-0.009444092,-0.02778137,0.015180425,0.07492748,-0.0020376362,-0.05147932,-0.046113897,0.03128796,-0.060455874,-0.06712694,0.04095372,0.0197611,0.15254216,0.023581175,0.018015493,-0.010231506,0.025837127,-0.0067328056,-0.10713044,-0.11731185,-0.016582025,0.045264967,0.0647562,-0.008947912,0.011448637,-0.045395926,-0.058558315,-0.08640486,0.0015169464,-0.021445151,-0.054260902,0.02554603,-0.031715076,-0.0051569277,-0.010389555,0.047134522,0.10843724,-0.022334395,-0.014264159,0.07889049,0.019763025,0.014053849,-0.063479,-0.04647639,0.023382569,0.050339576,0.07942662,0.021923391,0.06981036,0.0016078021,0.04852831,0.061575804,0.054324042,0.09290597,0.064691775,-0.011676707,-0.007765685,0.017628523,-0.0006836705,-0.06292599,-0.04050666,-0.09730744,-0.024225978,0.0020443897,-0.006495834,-0.122409254,-0.06562722,-0.038356993,-0.05725756,0.08320477,-0.016854623,0.015617229,-0.033091813,-0.054853756,-0.018330634,0.06736307,0.027290482,-0.01422434,-0.008080929,-0.0070787016,-0.0071244678,0.023764506,0.01012866,0.04870041,-0.006929696,-0.009054941,-0.03839425,-0.00063517183,0.0636731,-0.023509705,1.1346903e-32,0.029927893,0.0039959094,-0.0001735625,0.15147036,-0.044157937,0.00014332945,-0.0651272,-0.034489598,-0.04386535,-0.049643185,-0.05007964,-0.07981283,-0.033111643,0.06899519,0.038148414,-0.012655032,0.04336744,-0.0055026594,0.022447823,-0.04670621,-0.035731196,0.073187985,-0.11186343,-0.012131663,-0.06499568,0.109897226,-0.001822767,0.029919129,0.057196066,-0.00584537,0.0055062305,-0.02377109,-0.069893286,0.0027565127,-0.057717763,0.04741753,0.013359063,-0.027095221,-0.033292126,0.08680784,-0.042504802,0.070475385,-0.08906601,-0.009553242,0.08563214,-0.054415572,-0.040970676,0.05286111,0.043408815,0.05237081,-0.034666453,0.035446428,0.12542742,0.053109355,-0.06712556,0.04707056,-0.09591941,0.015519689,0.04033165,0.06179215,-0.019915668,0.08906756,-0.018697955,-0.007235742,0.08122866,-0.041099373,-0.05468703,-0.052447665,-0.004546655,-0.025343563,0.004751437,-0.036186766,0.0819887,0.020306103,0.0062161232,-0.010380258,0.020188116,0.05182582,-0.03552535,0.0038375533,-0.015881827,0.015553627,0.06935621,0.0553013,-0.03570464,0.001872214,0.023435853,-0.04079318,-0.048373044,-0.01470943,0.042197265,-0.09253944,-0.05943041,-0.00990136,-0.04713279,-1.01937474e-32,0.03102826,-0.007551924,0.043630224,0.0145745855,-0.00080331037,0.028454531,0.0015550415,-0.055236388,0.021123674,-0.051243372,0.1251282,0.025032261,-0.011155743,-0.014856058,0.025078971,0.039259914,0.004190717,0.050080277,-0.068983376,-0.023735695,-0.034451414,0.05775113,0.072869785,0.07826095,0.007677469,0.03502691,0.07399157,-0.065742455,0.016138764,0.078904435,0.037805274,0.032463882,-0.071755745,-0.015203729,0.0044485377,-0.015629645,-0.0026367465,-0.025071226,-0.06532213,-0.025512923,-0.05148782,0.00081638736,0.021888167,-0.029030304,0.057173226,0.004359394,-0.0012630018,-0.020506477,-0.010899213,0.042194366,-0.022996677,0.02900386,-0.05884562,0.06480329,0.07819844,-0.07005285,-0.028930793,-0.010843335,-0.008316763,-0.0030923088,-0.007382137,0.07941799,-0.029873336,-0.05826335,0.048677895,0.06931446,0.032817215,0.05658819,0.059024636,-0.056955654,-0.013189517,-0.037408333,0.04867816,-0.030232212,0.03698353,0.015136272,0.017085122,-0.01986197,-0.047442846,-0.04216932,-0.002026943,0.015285317,-0.012231405,-0.019622447,-0.050021913,0.0012949549,-0.045059104,0.06620576,0.014488466,-0.0015234962,-0.0026810137,-0.06961536,-0.0135716535,0.05362498,0.054936703,-6.173545e-08,0.0137341935,-0.028135078,-0.008527512,-0.06890233,-0.030046556,0.036248907,-0.016736723,-0.04177179,-0.025836634,-0.029017389,-0.007113793,0.089185335,-0.0048632156,0.027492981,0.030428275,-0.015985819,0.033831503,0.009224532,0.018855024,-0.010556992,-0.03201777,-0.030654132,0.013556759,-0.06378989,0.02730433,-0.13464606,0.010645785,-0.077753425,0.08241772,0.0746938,-0.004042785,-0.0045821657,0.035441212,-0.06920506,0.12644176,0.057427645,-0.03176418,0.069463,0.03438136,0.04100476,-0.026324164,-0.06874314,-0.034989417,0.013449192,-0.028233802,-0.07790769,0.041608386,0.048690602,-0.027922882,-0.12351736,-0.027598592,0.028231867,0.04191492,-0.09149174,-0.09403934,-0.0043147854,-0.024199624,-0.07643065,0.051236417,-0.08698148,-0.026410319,-0.094580464,0.0038317055,0.028286442]","Bisoprolol/

Hydrochlorothiazid Generikum – 5 / 12,5

10 / 25

72,09

96,69

Einzelwirkstoffe

AT 1- Antagonist

Valsartan Cordinate ®, Diovan ®, Provas ® 80 80 – 160 283,81 – 351,89

Candesarten Atacand ®, Blopress ® 8 8 – 32 265,71 – 432,12

Diuretikum

Hydrochlorothiazid Generikum 25 12,5 – 25 43,47 – 48,62

Betablocker

Bisoprolol Generikum 10 5 5 – 20 38,54 – 98,26

ACE-Hemmer

Enalapril Generikum 10 5 – 40 34,60 – 81,76

Ramipril Generikum 2,5 2,5 – 10 37,74 – 48,25

Kalziumantagonisten

Amlodipin Generikum 5 5 – 10 36,61 – 38,22

Nitrendipin Generikum 20 20 – 40 43,22 – 86,43

Renininhibitor

Aliskiren Rasilez ® 150 150 – 300 383,96 – 469,84

Im Vergleich zu Antihypertensiva der ersten Wahl als Monotherapie oder in Kombination der Einzelwirkstoffe erhöht eine Umstellung auf das

Kombinationspräparat Amlodipin/V alsartan die Kosten für eine antihypertensive Therapie.","{""source"":""/home/sigillus/Schreibtisch/educx/Projekt_KI/markdowns/Amlodipin_Valsartan.md""}",2f82464d-7e0d-4149-bf24-5aa5a335160f,7d53be4f-a207-4d55-a782-6a5ab3e64522
f39acabc-6b7e-4952-898d-9988b3067daa,"[-0.050752718,-0.03593558,-0.09555284,-0.019560907,0.035171375,0.018116636,0.006190052,0.06380165,0.0183591,0.022346556,0.01011177,-0.012025089,0.053120993,0.047249634,-0.08092614,-0.005213193,-0.00059838797,0.009527606,-0.04741578,0.0080411695,-0.039855678,0.044805374,0.016074525,0.012453191,-0.038062457,0.049307097,-0.034489505,0.0010385928,-0.02580167,-0.07590691,0.02520645,-0.0010101313,0.11026786,-0.041808948,0.052631646,0.014578751,-0.1251464,-0.031373784,0.114498116,0.04717122,-0.03058447,-0.052211832,-0.037620448,0.05031048,0.006321172,0.014999865,-0.11322183,0.006811097,0.07787234,0.08434261,-0.0803247,-0.047732443,-0.0032769004,0.11708842,0.0044707037,-0.060364563,-0.10989662,-0.046864867,0.01743826,0.054185186,-0.028803784,-0.07982743,0.06772805,0.0051519023,-0.07158397,0.05944341,-0.022730704,-0.085222274,0.06604486,0.01279697,-0.08231718,-0.0024691357,0.042324673,0.02553087,0.024274433,-0.02002559,0.08441841,0.02472773,-0.04886925,-0.10430579,0.039761603,0.0025663273,0.09449109,0.114045694,0.006540667,-0.057763577,-0.047572304,0.021154894,0.0012080822,0.078521706,0.1345258,0.06408006,0.02636841,-0.06389504,0.08015404,-0.045220252,-0.08552831,0.015850294,-0.026967263,0.03105139,-0.05721097,-0.053328495,0.0023772651,-0.100607105,-0.04677663,-0.033299718,0.03609499,-0.031201817,0.048225205,-0.0061452733,-0.052418794,-0.017139258,-0.03275889,-0.049031883,-0.0022476385,0.00024854203,0.14208159,-0.032948803,0.050358403,0.020732498,0.04899185,-0.013165163,0.054830335,-0.067257054,-0.04781988,0.07783506,-0.020415433,1.8142716e-32,-0.023160586,0.050965957,-0.00083605555,0.01576736,0.047938447,-0.019324405,0.03522805,-0.022461062,0.03498672,-0.05028656,-0.038311332,-0.030811839,-0.04147252,-0.0110023515,0.018802928,-0.008089245,-0.016310412,-0.018793194,-0.050735444,0.02969423,0.055773914,0.0033615588,-0.071820416,0.012946883,-0.023412174,0.03556434,-0.07222184,0.048157535,-0.005911263,-0.028490022,-0.031378616,-0.024851955,-0.03756884,-0.06106023,-0.046587512,0.029184338,0.00547457,-0.03792018,-0.018232543,-0.07381091,0.00077380944,0.014389959,-0.07052245,0.015668225,0.05659751,-0.03087424,-0.08918111,0.030506792,0.08783969,0.10782668,0.012505248,-0.0244775,0.018864801,-0.037693236,-0.0545019,0.018655786,-0.043808438,0.0064865635,0.046190258,0.0042294962,0.023952775,-0.015404069,-0.0009688758,-0.035676315,-0.024387555,-0.04317285,-0.06084433,-0.062848344,-0.047725532,-0.0022375435,-0.034412697,0.018499816,0.0051147486,0.021536998,0.015207533,-0.0076286136,-0.026197968,-0.04190495,0.026397623,0.0080964975,-0.013571656,-0.0014411903,0.07926726,-0.0148219755,-0.033234153,0.042812053,-0.018372903,-0.03651015,0.032021422,-0.00019108155,-0.025468078,-0.05895287,-0.10710358,0.034438107,-0.033686824,-1.9037607e-32,0.06328372,0.012346322,-0.018195149,0.008108919,-0.012411528,0.09271536,-0.050800715,0.04728141,0.11215566,-0.024801325,0.13261287,-0.021388862,-0.03671484,-0.020683259,-0.024000013,0.010091354,0.036241814,0.013023121,-0.024706416,0.04707692,-0.03624609,-0.020140262,-0.023086455,0.04400728,0.026726097,0.07060218,0.057286523,0.01839527,0.05698109,0.10487999,-0.019723156,-0.01663455,-0.045856554,0.005784391,0.010366424,-0.011244302,-0.0051938626,-0.069052376,-0.04669163,-0.03648006,0.07678947,-0.0071940534,0.0043820953,0.020747246,-0.036212474,0.07916387,-0.026466325,0.016408011,0.015719902,0.02809045,0.042933676,0.03978699,-0.07749105,0.044460747,-0.035201233,0.084959984,-0.03040958,-0.017683364,-0.034513813,-0.056305565,-0.047669746,-0.005051967,-0.047478285,-0.036580343,0.061052933,-0.00017781851,-0.0045967964,0.061111767,0.077174366,-0.07916847,-0.081004634,0.0077747446,-0.0012970634,-0.044375036,0.051285263,0.05924792,-0.018523792,-0.066206016,0.022865761,0.0099009015,0.06539512,-0.0072832573,-0.0629343,0.010871701,-0.05196726,-0.025558712,-0.0047678426,0.083899915,-0.012952973,-0.030262308,0.015843194,0.02724799,-0.057117265,0.060966264,-0.004028071,-6.398892e-08,0.09494394,-0.058339868,-0.040989794,-0.0055291513,0.0032724289,-0.048140317,0.0128096575,-0.047428276,-0.050125152,0.0073658014,-0.029800689,0.15577903,-0.12104706,-0.061214894,-0.041961964,-0.02774213,-0.12357042,0.041135225,0.029122882,-0.023755215,-0.06114964,-0.040001042,-0.021630373,-0.014478179,0.023221895,-0.016963322,-0.000509514,-0.0004934422,0.0241119,0.01903966,0.03207018,0.0034731985,-0.014106747,-0.059074163,-0.020297032,0.007042301,-0.07111622,-0.045306135,0.0803728,0.06683715,-0.057445142,-0.025292434,-0.0870022,0.010354199,-0.07277148,-0.021447267,-0.048665673,0.013711661,-0.032297384,-0.17113036,-0.017894294,0.029230643,0.033695716,0.0008776621,-0.08114943,0.11484804,0.07695572,-0.049927305,0.01403837,-0.078222334,-0.035160042,-0.100852154,0.12429678,0.099636436]","Title: Wirkstoff AKTUELL 3/2017 Rationale Antibiotikatherapie bei unkomplizierten Harnwegsinfektionen

URL Source: https://www.kbv.de/documents/infothek/publikationen/wirkstoffaktuell/Antibiotika_Harnwege.pdf

Published Time: Wed, 25 Jun 2025 08:42:59 GMT

Number of Pages: 16

Markdown Content: Wirkstoff AKTUELL Wirkstoff AKTUELL Ausgabe 3/2017

Folsäureantagonisten

Trimethoprim

Fluorchinolone

Ciprofloxacin

Levofloxacin

Norfloxacin

Phosphonsäurederivat

Fosfomycin-Trometamol

Indikation

Orale Antibiotika

Rationale Antibiotikatherapie

bei unkomplizierten Harnwegsinfektionen

Nitrofuran

Nitrofurantoin

Hydroxychinolin-Derivat

Nitroxolin

Betalaktamantibiotika

Aminopenicilline +

Betalaktamaseinhibitor

Cephalosporine

Pivmecillinam

Unkomplizierte Harnwegsinfektionen (HWI) werden vorwiegend durch gramnegative bakterielle Erreger, vor allem durch

Escherichia coli (E. coli ) verursacht. Bei unkomplizierter Zystitis bei Frauen in der Prämenopause sollten Fosfomycin-","{""source"":""/home/sigillus/Schreibtisch/educx/Projekt_KI/markdowns/Antibiotika_Harnwege.md""}",c1f2deac-bc58-4602-8aba-32f0794e17e7,cb48520c-d3ee-49a0-aa4b-12a001965793
f39acabc-6b7e-4952-898d-9988b3067daa,"[-0.022277199,-0.09653087,-0.06706946,-0.010643576,-0.024111401,-0.0379444,0.060445316,0.2104741,0.0015895107,-0.019521689,0.06405282,-0.03559649,0.06741124,-0.0068425788,-0.13254923,-0.037080925,0.02892037,0.003065465,-0.023489714,0.0062024347,0.08752452,-0.0100465985,-0.008803624,0.04082478,-0.02586313,0.05775368,-0.052828133,0.01035004,0.013081031,-0.050575387,-0.0006141919,-0.0072083455,0.0073993998,-0.102269396,0.01933167,0.013006133,-0.087138124,0.053877324,-0.039204016,0.0028997834,0.045338728,0.0038130977,-0.0172852,-0.08263521,-0.017209848,-0.05355031,-0.0486505,0.04689052,-0.02227128,0.12111393,0.023949467,-0.00068626244,0.016395077,0.06857103,-0.06920767,-0.098416895,-0.077390775,-0.048369262,0.00044617563,0.047289077,-0.110137515,-0.033028364,-0.023812493,-0.09141982,-0.009494611,0.008748296,-0.04167529,-0.0989925,0.052517526,0.027188016,-2.5661842e-05,-0.009246757,0.055839717,0.073229626,-0.08989391,0.06032202,0.051045466,-0.027332667,-0.026401227,0.016962435,-0.009620822,0.064407386,0.108041644,0.022667682,0.04260056,0.03912257,0.012389819,0.102536984,-0.007969842,0.053652223,0.15419246,0.12577443,-0.037202254,0.035329893,-0.040681448,0.02530391,-0.037376687,-0.041305766,0.0028888998,-0.0015713272,-0.011169478,-0.014123567,0.010873758,-0.04693147,-0.047990255,0.0072918194,0.06750356,-0.05984739,0.032274343,0.019299546,-0.037938207,0.024704905,-0.014594709,0.003380087,-0.054342385,0.04450684,0.05589467,-0.07077994,-0.0046444368,-0.08918439,-0.014884498,-0.03456906,0.10645325,-0.092605025,-0.0155975735,0.015307356,0.047747545,1.5959925e-32,-0.06475659,-0.026816417,-0.04363467,0.03776541,-0.012906551,0.023087228,-0.0019161233,0.027580766,0.015235739,-0.032159317,-0.11530644,-0.012565734,-0.018638933,0.026222749,-0.02146769,-0.040231112,0.09130039,-0.037254974,0.04616609,-0.08829924,0.016155604,0.025036043,-0.030404763,0.0147955455,-0.027845824,0.12330467,-0.03009295,0.014669597,-0.0023123648,-0.01482005,0.04113568,-0.0196663,0.024782555,-0.073498905,-0.063685924,0.013172259,-0.0139371045,-0.036000386,-0.008314053,0.029888209,0.007713836,0.04553891,0.031712603,0.040500507,-0.011590438,-0.08756018,-0.058903825,0.0018631141,0.022647684,0.032361113,0.02178258,-0.009669878,0.041304674,0.03634068,-0.038557027,0.06337976,-0.1028706,0.027023235,0.08906383,0.048848465,-0.013517481,0.042882945,0.033337984,0.029447809,0.07070456,-0.0024592418,-0.08042917,-0.012198619,-0.066378206,-0.031057343,-0.009528721,-0.03610833,0.037334103,0.009464803,0.065791,0.026537605,0.05028757,0.060106236,-0.031682108,0.025837999,-0.040965863,-0.028922498,-0.042392556,0.07681502,-0.04411679,0.044980235,-0.021091765,0.0058469656,0.013050052,0.054743208,0.01306729,-0.07822312,-0.112455934,0.03227115,-0.049908873,-1.4360212e-32,0.055366088,0.072254725,-0.008528086,0.01917764,0.013859637,0.08544568,0.06084562,0.049108926,0.017638616,-0.06473437,0.019527057,0.022128569,-0.06436863,-0.0010644575,-0.027538486,0.10289301,0.00036141046,0.06311508,-0.0617296,-0.014123533,-0.04887445,0.03872866,-0.0036403735,0.050931178,0.019503836,0.033682268,0.0793698,-0.0756879,0.022599563,0.0677747,0.070464104,-0.014523921,-0.023967596,0.03719019,-0.041476063,-0.08672447,0.07004503,-0.08053027,-0.007333252,0.0082181245,-0.0156037435,0.026889823,0.043323647,-0.006811696,0.07916767,-0.0030844,0.004973875,-0.05115828,0.06536617,-0.016155493,-0.00364152,0.074043736,0.014725089,0.057388857,0.07375211,-0.074278705,0.069313996,-0.034837063,-0.07423495,-0.026520899,0.00850146,0.036887426,-0.057463866,-0.06419973,0.08410636,0.04422856,-0.037902437,-0.0368026,0.0148525005,-0.037838195,-0.035327595,-0.05759005,0.05088864,-0.09123999,0.03353041,0.03762674,0.058468737,-0.039975736,0.059087466,-0.055941835,0.016826991,0.029993454,-0.013685995,-0.053967953,-0.0447026,0.0066013006,-0.005737294,0.0013553252,0.035198916,0.027690617,-0.024166118,-0.042248026,-0.0062785572,0.038592555,0.09093383,-6.3465215e-08,0.036273617,0.018497754,-0.008498055,-0.024243068,-0.026310736,0.08139327,-0.0194701,-0.06515142,-0.03141995,-0.023540046,0.023305304,0.09865691,-0.06234971,-0.011694115,-0.05899991,-0.036397427,-0.052883573,0.07032694,-0.0012001543,0.000935974,-0.0577367,-0.021006245,-0.00538829,-0.027851457,-0.008646452,-0.049523327,0.07697995,-0.01642951,-0.008281695,0.035842586,-0.02463538,-0.013511295,-0.0063859457,-0.058022022,0.083035566,0.035950743,-0.0664789,0.05698725,0.06440162,0.044762146,-0.0027652057,-0.12019547,0.0019584137,0.0014936413,-0.008175289,0.016698437,-0.12656972,0.026625028,0.02647526,-0.031274546,-0.04347774,-0.031998117,-0.01975874,-0.07772491,-0.116669714,0.0059909704,-0.003501517,-0.054788113,-0.023556052,-0.08421642,-0.031064998,-0.10618201,0.019741256,0.0012776845]","Suspension zum Einnehmen

1,5 g 50 mg/kg 138,45

CEPHALOSPORINE

Gruppe 112

Cefaclor

Generikum 250 mg/5 ml,

Infectocef ® 500 mg/5 ml Saft 8

Granulat zur Herstellung einer

Suspension zum Einnehmen

0,75 g 30–50 mg/kg 13 21,19 –37 ,96

Cefadroxil

Grüncef ® 500 mg/5 ml

Trockensaft 14

Pulver zur Herstellung einer

Suspension zum Einnehmen

1 g 30–100 mg/kg 31,84–87 ,84

Gruppe 2

Cefuroxim

Generikum 125 mg/5 ml

Granulat zur Herstellung einer

Suspension zum Einnehmen

0,5 g 20–30 mg/kg 9,15 27 ,38 16

Fortsetzung nächste Seite

Wirkstoff 1 Präparat DDD-Angaben

(mg) 2

Dosis

(mg/Tag) 3,4

Kosten für 7 Tage

(Euro) 5,6,7

Gruppe 3

Cefixim

Generikum 100 mg/5 ml

Pulver zur Herstellung einer

Suspension zum Einnehmen

0,2 g 8–12 mg/kg 17 18,60–37 ,20

Cefpodoxim

Generikum 40 mg/5 ml

Pulver zur Herstellung einer

Suspension zum Einnehmen

0,2 g 8–10 mg/kg 50,54–50,54

MAKROLIDE 18

Erythromycin

(-estolat)

Infectomycin ® 200, 400 Saft

Pulver zur Herstellung einer","{""source"":""/home/sigillus/Schreibtisch/educx/Projekt_KI/markdowns/Antibiotika_obere_Atemwege.md""}",b33decd4-72f3-4fe3-883e-49e51e93ff89,8cc80858-aa5a-4fa2-8dad-a80873e492c5
f39acabc-6b7e-4952-898d-9988b3067daa,"[-0.03598651,-0.089918345,-0.04963743,-0.031512566,-0.053888228,-0.041935958,0.042245235,0.2217725,0.018930048,-0.040811677,0.0039642197,0.034046218,0.07742768,0.15743586,-0.05547814,-0.03423927,0.0069600474,0.032138597,0.012677079,0.041405614,0.017823415,-0.0069838865,0.045182716,-0.07201502,-0.11246298,0.030150734,0.0020796335,0.0058256215,-0.0042713736,-0.00799971,-0.029385947,0.023722418,-0.023902409,-0.07421658,0.08490087,-0.021841858,-0.06785656,-0.05467898,0.066250294,-0.010285541,-0.010963968,0.028326625,-0.07137908,-0.01318419,0.016671637,0.029681612,0.026150258,0.021286398,-0.0637981,0.051896498,-0.05931731,-0.08633412,0.03241056,0.044469897,-0.021336857,-0.11551285,-0.0850801,-0.070524655,-0.026962928,0.014594959,-0.051400308,-0.019873114,0.121719375,-0.02991192,-0.04538559,0.012412958,0.067676134,-0.08577116,0.05319735,0.0384649,-0.018984802,0.012566135,-0.010905692,0.07089274,0.0006646031,0.032033324,0.08442832,-0.012384031,-0.0956194,0.0011983882,0.044306472,-0.015219129,0.08312819,0.09339027,0.04828935,-0.0365916,0.0010848574,0.061317902,0.016061766,0.08289905,0.06052063,0.09301979,-0.034208655,-0.025741944,0.048268728,-0.1018697,-0.1307778,-0.0057197525,-0.009682898,-0.06294242,-0.04890793,-0.06565949,-0.054673187,0.0061048167,0.031544223,-0.03560965,0.1072962,-0.089946255,-0.039508846,0.044350877,-0.040017195,0.024758626,-0.043315243,-0.028521108,-0.024331113,0.0023684509,0.10774345,-0.018904373,-0.00038803846,0.034318298,-0.006858823,-0.08469521,0.013035009,-0.019344231,-0.0254363,0.06503505,0.059890155,9.9054075e-33,-0.092259824,0.004407991,0.010014996,-0.023695884,0.046623316,0.10136818,0.041927148,-0.037326865,0.089585364,-0.12258327,-0.08700028,0.004194301,-0.017353049,0.044765852,-0.0057176324,0.017447958,0.022590281,0.0029435353,-0.021373969,0.016288137,0.080337875,-0.012235715,-0.016424002,0.0310922,-0.019562315,0.031503536,-0.12933685,0.048772812,0.026782146,-0.060141534,0.05375485,-0.11340709,-0.0037176344,-0.0037765375,0.03731681,-0.02596141,0.040890228,0.040661413,-0.0008357883,-0.007611443,-0.070722036,0.031649325,-0.034875963,0.012561592,0.023300359,0.029173506,-0.18342511,-0.011308662,0.0054297904,-0.028108137,0.034324527,-0.025292119,-0.017327141,-0.092186905,-0.06510393,-0.012510687,-0.025219813,-4.9768907e-05,-0.00162401,-0.014910509,0.0041832393,0.06158928,0.029688258,-0.03941333,0.014118284,-0.0065948702,0.018677868,-0.048549276,-0.059322506,0.08495058,-0.10818382,0.0030118502,-0.015811218,0.024511624,0.020078061,-0.06071059,-0.016839454,0.019966185,0.04074021,-0.020119397,0.025849491,-0.046368092,-0.0011727267,-0.014898049,-0.03712281,0.006249974,0.0009577315,0.054250035,0.0399262,0.065911435,0.06905302,-0.033997525,-0.047770932,0.046136096,-0.04888751,-1.1940738e-32,-0.0045240936,0.06485534,-0.019481663,0.037209384,-0.03515934,0.12007725,-0.0034164386,0.018969113,0.071815975,-0.051096458,-0.02039076,-0.03662507,0.00380452,0.035304457,-0.06706944,0.070271984,-0.068367496,0.044838507,-0.012366848,-0.054418672,-0.028186573,-0.027349025,0.018703656,0.033302706,-0.005022245,0.054590527,0.0084087355,-0.015290485,-0.031057265,-0.006403751,-0.014283655,0.046006735,-0.0012657886,-0.051923417,-0.021917455,0.055694852,0.030092549,-0.06864967,0.014900148,-0.05893719,0.0038301607,-0.0058978554,-0.013408472,0.01493652,-0.078897126,0.08129539,0.022856606,-0.092453666,-0.033217598,-0.017153887,0.034645237,0.050675318,0.012094565,0.013408353,0.014945565,0.025827082,-0.03219636,-0.058176197,-0.058985237,0.044383455,0.016594144,-0.03129586,-0.055955406,-0.072392836,0.025537878,-0.006760498,0.024677906,0.02683134,0.08807298,-0.058226172,-0.0021688538,0.06416805,0.044457413,-0.016749784,-0.052872255,0.02811057,0.007873105,-0.060239464,0.033101153,-0.032693107,-0.026503073,0.040392045,-0.066927895,-0.025853498,-0.04359461,-0.0345157,0.050369304,0.012124986,0.037696052,-0.035981923,0.040668137,-0.027175892,-0.00035887078,-0.007922856,0.016782166,-6.222933e-08,0.09649725,-0.056062803,-0.04899626,0.061869625,0.016542196,-0.04100862,-0.004975562,0.01752084,0.013459976,0.06678762,0.02981811,0.12645951,-0.04616121,-0.015586964,-0.045143362,0.022849828,-0.086958535,-0.016286425,0.02537734,0.048789915,-0.012870727,-0.034150288,-0.11050721,-0.054088857,0.057574794,-0.0053070993,0.053669825,-0.036372066,-0.070675135,-0.040379345,-0.038738474,-0.061583657,0.0024880525,-0.03258625,-0.093590856,-0.025212368,-0.008180411,0.007882472,0.0054157972,0.0628593,0.03997082,-0.021150095,-0.038712606,1.407578e-06,-0.028277231,-0.01542728,-0.04395907,-0.03351012,0.0073996717,-0.017313594,-0.005268276,0.02384572,0.033925243,0.030561142,-0.1267476,0.059382018,0.018255496,-0.03958,0.00632471,-0.072126105,-0.061441064,-0.0026654813,0.09797859,0.06496985]","Trometamol, Nitroxolin (bisher geringe Erfahrungen) und das seit 2016 auch in Deutschland zur Verfügung stehende

Penicillinderivat Pivmecillinam eingesetzt werden. Die Erregerempfindlichkeit von E. coli ist für alle Wirkstoffe hoch

(> 90 %), sie verursachen nur geringe mikrobiologische Begleitschäden.

Mittel der Wahl für die Therapie der akuten unkomplizierten Zystitis bei jüngeren Männern ohne sonstige relevante

Begleiterkrankungen ist Pivmecillinam.

Bei der empirischen Behandlung der unkomplizierten Pyelonephritis sind Fluorchinolone bei Frauen in der Prämenopause

und bei Männern Mittel der ersten Wahl, es sei denn, die lokale Resistenzrate von E. coli liegt über 10 %. Bei Kindern und

Jugendlichen sind für die orale Antibiotikatherapie der akuten unkomplizierten Zystitis und der akuten unkomplizierten

Pyelonephritis Cephalosporine der Gruppe 2/3 bzw. der Gruppe 3 Mittel der ersten Wahl.","{""source"":""/home/sigillus/Schreibtisch/educx/Projekt_KI/markdowns/Antibiotika_Harnwege.md""}",09c7dfe9-11b4-4f86-bf2c-7e34342667f0,f3b4a531-c7d3-42e1-9d88-0078f8784f21
f39acabc-6b7e-4952-898d-9988b3067daa,"[-0.08803476,0.0062602744,-0.05830461,-0.08136497,-0.06999877,0.005088049,0.03161864,0.1710139,0.0017302084,0.0023853022,0.00534617,0.013664233,0.102100715,0.11421813,-0.05206115,-0.08409826,-0.014130144,-0.016011182,0.014275912,0.073787004,0.045702625,0.01792349,0.022861421,-0.051060557,-0.043642487,0.01279974,0.042357236,0.05199793,0.0022424927,0.01760538,-0.06655751,0.03829738,0.007210298,-0.02539738,0.04355597,0.043432146,-0.0724422,0.013428683,0.052470036,0.027557705,0.0005349201,-0.019013437,-0.10869296,0.03127063,0.027629197,0.09287053,0.01889608,-0.006822359,-0.07708438,0.023043372,-0.07580899,-0.05546547,0.052353837,0.13709626,-0.012848352,-0.11068392,-0.11145215,-0.019238101,-0.043535467,-0.027611386,-0.03660058,-0.02433871,0.09246352,-0.030942176,0.005798622,0.059599195,0.03984873,-0.11278404,0.032563217,-0.028892875,-0.0907272,-0.0004310415,-0.0031142521,0.07626342,-0.05883314,-0.0040861135,0.007646968,-0.028707495,-0.059940945,-0.07787093,0.06198007,-0.0145123685,0.034598824,0.12069631,0.08467327,-0.038215697,-0.022967871,0.018061195,-0.074864104,0.04030085,0.09645115,0.03362293,0.021312585,-0.03993122,0.06804828,-0.08552941,-0.08183853,-0.01246552,-0.013011418,-0.018830974,-0.028847495,-0.036712263,0.0039456515,0.01534205,0.021355255,-0.024192905,0.033285856,-0.12548639,-0.022549447,0.041202635,-0.044162713,0.054883186,-0.059029713,-0.06813966,-0.019482639,0.037533514,0.11379215,0.003203879,0.03301527,-0.00808719,-0.007326504,-0.08464131,0.04142451,-0.058132805,0.012447196,0.08712826,-0.034745112,1.2195697e-32,-0.05251932,-0.00019349882,0.021213517,-0.05407279,0.0073035215,0.044146717,0.058351997,-0.01793853,0.09142854,-0.10504966,-0.094657324,0.0068434062,0.026287528,0.0059065903,-0.018093616,0.016465738,-0.017816165,-0.043471806,-0.03427515,-0.033574007,0.04371835,0.0004771225,0.024976965,-0.0027250482,-0.017052127,0.0147845065,-0.06681129,0.05947271,-0.017842615,-0.016834829,0.027064012,-0.037303787,-0.03846113,-0.03252669,-0.030149926,-0.065935545,0.004325657,-0.007410286,0.015556395,-0.10284787,-0.055192836,-0.019922625,-0.012269251,-0.024432005,0.11451607,-0.05785705,-0.16198865,-0.07360568,0.059535887,0.015454892,0.042407546,-0.061138194,-0.025744995,-0.0574085,-0.07584676,-0.0041801184,-0.061218016,-0.0067563285,-0.029060656,0.017798133,0.094128765,0.024295732,0.03021814,0.013314055,-0.02023905,0.009797236,-0.03621956,-0.073727086,-0.12338499,0.015413966,-0.0715865,-0.03113029,0.0032419497,-0.006231462,-0.052413393,0.019491207,-0.007691068,0.057084434,0.014945808,-0.0033342354,-0.03938021,-0.039753947,0.008148883,-0.0014940872,-0.0228646,-0.015985847,0.057925068,-0.062405873,-0.032679416,-0.0037501385,0.05119683,0.005861786,-0.11114329,0.0952206,-0.016062655,-1.4769732e-32,0.08659704,0.022635393,0.0040647695,0.0008405489,-0.006908512,0.064473115,0.03696053,-0.0058501107,0.023051245,-0.009248169,0.022272246,-0.005676938,-0.04983998,-0.010579813,0.0022865285,0.02916945,-0.052236896,0.03564664,-0.033497546,0.003150601,0.04353775,0.031778324,0.029673945,0.051604226,0.031022491,0.031773403,0.08750274,0.028622624,-0.07983305,-0.009734561,-0.01429752,0.0685753,-0.050068986,-0.06338337,-0.07501824,-0.030335402,0.0021561545,-0.037188265,-0.011524893,-0.02120286,0.057386972,-0.0131509425,-0.029543161,0.011510494,0.022950046,0.04781704,0.01989657,-0.07101325,0.04640199,-0.059789322,0.08557354,0.07266699,0.056241967,0.029490791,0.035172235,0.023366967,-0.07757345,-0.019611495,-0.048049428,-0.0043676584,0.028946832,-0.016951632,-0.018340407,-0.069965556,0.07605072,0.00898532,0.03621513,0.025507005,0.108783685,-0.025192369,-0.025438355,0.008713149,-0.035656843,-0.029475672,-0.06465682,0.00039497597,-0.095125645,-0.03814843,-0.002845649,-0.015403326,-0.025591157,-0.02160952,-0.06665372,0.041935112,-0.08482049,-0.08140645,0.046271924,0.012763369,0.023920322,-0.06467104,-0.010585772,0.016952869,-0.06343709,0.05229488,0.023017174,-6.74256e-08,0.103794485,-0.04198528,-0.014258167,-0.022881981,0.0030696199,-0.0753301,-0.06406101,-0.0038374455,0.049258012,0.040023096,0.016972087,0.08248116,0.040289227,-0.018368501,-0.0078805145,0.0143262725,-0.0695143,-0.015273205,-0.0029278966,-0.020877494,0.04959965,-0.07932492,-0.08940942,-0.0044191014,0.11714925,0.0032932742,0.0045204153,0.01338573,-0.06041894,-0.04886344,-0.019375183,-0.0048173796,0.07771804,-0.016461018,-0.040924087,0.05560402,0.05735996,-0.05689708,0.017062921,0.019280672,-0.004819768,-0.036397133,-0.011211446,0.022804521,-0.031019993,0.013188257,-0.00902528,0.044468373,-0.01746503,-0.11271091,0.049849354,0.04663264,-0.00058892026,0.050084114,-0.12651995,0.091648966,-0.024815504,-0.032907862,0.033565704,-0.012772197,0.06376979,-0.014624925,0.028550066,0.047231544]","Pyelonephritis Cephalosporine der Gruppe 2/3 bzw. der Gruppe 3 Mittel der ersten Wahl.

Grundlage für eine rationale Antibiotikatherapie sind die korrekte Diagnosestellung, die kritische Indikation zum Einsatz

von Antibiotika, die Wahl des geeigneten Antibiotikums sowie die Verlaufskontrolle mit Festlegung der Behandlungsdau -

er. Eine kritische Indikationsstellung dient dem Patienten, verringert den Selektionsdruck zugunsten resistenter Erreger

und senkt die Kosten.

Harnwegsinfektionen

unkomplizierte Zystitis

unkomplizierte Pyelonephritis

EINE INFORMATION DER KBV IM RAHMEN DES § 73 (8) SGB V IN ZUSAMMEN-

ARBEIT MIT DER ARZNEIMITTELKOMMISSION DER DEUTSCHEN ÄRZTESCHAFT

ONLINE UNTER: HTTP://AIS.KBV.DE 1. Empfehlungen zur rationalen Antibiotikatherapie bei Harnwegsinfektionen (1-6)

HWI lassen sich nach Lokalisation, Symptomen und

nach dem Vorliegen oder Fehlen komplizierender Fak -

toren einteilen. Bei einer Zystitis sind Infektion und Ent -","{""source"":""/home/sigillus/Schreibtisch/educx/Projekt_KI/markdowns/Antibiotika_Harnwege.md""}",69693d32-2745-4da0-945d-838d784256d1,9d59028b-5a73-4c97-aaf7-dc1d92b0a5dc
f39acabc-6b7e-4952-898d-9988b3067daa,"[-0.05993618,0.0027080139,-0.006413695,0.0100338105,-0.05366458,-0.06612558,0.035395578,0.14826602,-0.07038921,0.01049046,-0.02113134,-0.0068063787,0.11808127,0.15085626,-0.02493439,-0.03530613,-0.011541081,-0.052057806,0.011534618,0.07055862,0.04387775,-0.030052844,0.021878585,-0.046041396,-0.07908829,-0.018593743,0.027680498,0.06322967,-0.045284323,0.07170655,-0.101605155,0.057948645,0.005739824,-0.0356061,0.07459883,0.0032731195,-0.074838616,-0.03147483,0.029914882,0.0690404,0.040630873,0.00051142793,-0.14709778,0.01893947,0.0066839196,0.06215382,0.048399683,0.009910452,-0.0855468,0.06207828,-0.031591643,-0.0508635,0.04922486,0.123458676,-0.034507588,-0.15428814,-0.1399492,-0.007820219,-0.027205763,0.009057557,-0.07766057,-0.022196198,0.111849956,-0.03546215,0.023022778,0.007292016,-0.021554692,-0.07034014,0.047158297,-0.032652684,0.012162786,-0.019595262,0.010939643,0.053366166,-0.04035714,-0.032390542,0.037713967,-0.05132679,-0.11555688,-0.046755545,0.029731315,0.010912092,0.03061132,0.11312314,0.047853056,-0.01149964,0.025624301,0.0148857115,-0.09089908,0.065051705,0.044233594,0.01643701,-0.07347811,-0.046965398,0.08177386,-0.06596364,-0.034675244,-0.029032268,-0.020395508,-0.029540397,-0.05496461,-0.089807875,-0.0013180275,0.013555526,0.068872035,-0.010726274,0.036735162,-0.1470643,-0.020244034,0.051907457,-0.032612424,0.0027951426,-0.033741515,-0.032843348,0.0034707612,0.025017599,0.040149897,0.061879266,-0.0043199165,0.0047244504,0.0030718313,-0.10696196,0.061776523,-0.04514437,0.011854245,0.12012557,-0.042004824,1.075338e-32,-0.045076944,0.026689349,0.02345892,-0.030542588,0.01786558,0.09933191,0.041464284,0.027536204,0.14318818,-0.1168995,-0.087235965,0.04005366,0.01190605,-0.03566668,-0.02178725,-0.010672918,-0.016515525,-0.045687165,-0.012336524,-0.0009803612,0.048089795,0.01162966,-0.038531877,0.007629073,-0.059558295,-0.0026896428,-0.06312365,-0.020980177,-0.0020305014,-0.0051191174,0.053585466,-0.050112423,-0.0195411,-0.022437554,-0.030961573,-0.06519874,0.013641886,0.041629333,-0.022755584,-0.10536095,-0.07216465,-0.019035684,-0.02386892,-0.012729496,0.07630406,0.0140305795,-0.18204138,-0.060855452,0.033743292,-0.06622207,0.022911565,0.0061430307,0.019383328,-0.10294656,-0.08288079,0.03211039,-0.0030515958,-0.039300997,-0.027357435,0.015823442,0.061111104,0.037087858,0.065686636,-0.005741076,-0.040018365,-0.012570186,-0.038779005,-0.07620423,-0.14266683,0.02520759,-0.08421935,-0.013101215,0.05726139,0.014911101,-0.008574511,0.02663995,0.010363417,0.08374509,-0.06073225,-0.072133034,-0.012654736,-0.032857638,0.07639756,0.011912595,0.0052983183,-0.0009964629,0.014207363,-0.042740084,0.014541127,0.03425668,0.035688695,-0.0014674072,-0.0773433,0.03574757,-0.025107179,-1.2472766e-32,0.03943833,0.0065560704,0.0073612262,0.005701788,0.008734826,0.07925335,0.058765814,0.039415933,0.0024686602,-0.016151171,0.007654743,0.02231695,-0.06513586,-0.007093775,-0.030380694,0.06355945,-0.038212765,0.075345345,-0.008544421,-0.015568838,-0.0075253844,0.024206327,0.028851133,-0.009881035,0.044025235,0.040988043,0.08362278,0.022933636,-0.023997134,-0.024465745,0.004119501,0.06828662,-0.032341957,-0.07388412,0.017278587,0.017545136,0.0033197617,-0.08754401,-0.02043516,-0.0015321148,0.012598579,-0.07641854,-0.0012923277,0.006865936,0.028762132,0.047223207,-0.021294845,-0.0743991,0.02294055,0.00030616042,0.07040763,0.03288376,-0.012271286,0.040859666,0.03578525,0.04728807,-0.041254092,-0.009578246,-0.075993,0.033219956,0.04948263,-0.009227372,0.00832941,-0.06095508,-0.0071014683,0.004552888,0.04641082,-0.0075331265,0.123051316,0.0075915135,-0.009516429,-0.029414829,-0.012132433,0.0073042605,-0.024242133,-0.0040704906,-0.06468984,-0.0675738,-0.028560152,-0.0578972,-0.07495528,0.023681518,-0.03248377,0.06270488,-0.05119405,-0.06733599,0.050572168,0.054566417,-0.033438765,-0.07134301,0.03997078,0.009710271,-0.042379964,0.0063014445,0.034321938,-5.996606e-08,0.023066498,-0.05041193,0.01242142,0.029275209,0.04971913,-0.09447262,-0.014587306,0.003324509,0.059135318,-0.012212672,-0.026736507,0.05768354,0.05042483,-0.032374572,-0.0205352,-0.010911827,-0.010744887,-0.025107149,0.00032782307,-0.005621612,0.009446437,-0.075791694,-0.13124289,-0.029162025,0.036306113,-0.0073075565,-0.019103065,-0.033429958,-0.053626586,-0.020641388,0.024188241,-0.0236801,0.07226897,0.022784721,-0.06348516,0.04704205,0.03171988,-0.021108327,-0.008903604,-0.03161458,0.039598867,-0.08603703,0.025055211,0.011650927,-0.015142788,-0.03989755,0.010148128,0.0133678205,0.069143735,0.023073398,0.017887324,0.045089636,0.025151553,0.042532798,-0.05837744,0.011487084,0.025932806,-0.05957097,0.0711889,-0.011914066,0.025853673,0.0016715757,0.03891708,0.062275648]","toren einteilen. Bei einer Zystitis sind Infektion und Ent -

zündungsreaktion auf die Blase begrenzt. Bei einer Py -

elonephritis ist das Nierenparenchym betroffen. Zystitis

und Pyelonephritis verursachen in der Regel klinische

Symptome. Von einer asymptomatischen Bakteriurie

wird gesprochen, wenn bei mikrobiologischem Nach -

weis einer Harntraktbesiedelung keinerlei Symptome

und keine Leukozyturie bestehen.

Das wesentliche Ziel bei der Therapie von HWI ist, die

klinischen Symptome schneller zum Abklingen zu brin -

gen. In der Regel erfordert eine Pyelonephritis eine an -

tibakterielle Therapie, bevor der Erreger bekannt ist und

das Ergebnis der mikrobiologischen Resistenztestung

vorliegt. Die Antibiotikaauswahl erfolgt daher nach der

größten Erregerwahrscheinlichkeit, der erwarteten Re -

sistenzsituation und den geringsten Kollateralschäden.

Die Behandlung einer Zystitis erfolgt in der Regel em -

pirisch, d. h. ohne Erregersicherung, da eine mikrobio -","{""source"":""/home/sigillus/Schreibtisch/educx/Projekt_KI/markdowns/Antibiotika_Harnwege.md""}",99b56811-a375-433c-9b41-84d6520b45e0,db57017e-87ef-4353-bc85-902bc5af841f
f39acabc-6b7e-4952-898d-9988b3067daa,"[-0.097522534,0.0139727965,-0.027502814,-0.0032895464,0.001875466,-0.026373021,-0.02236902,0.194777,0.0005200138,0.02890488,0.022013808,-0.0128742475,0.10016061,0.05355804,-0.09639295,-0.022382291,-0.029918423,0.025197713,-0.00036401334,0.13722833,0.009727255,-0.020263938,0.037608404,-0.02795807,-0.098564126,0.026896397,-0.018026778,-0.0310272,-0.023472222,0.01634882,0.012337637,0.0054402007,0.043316446,-0.059669346,0.09310877,-0.001150789,-0.04430031,-0.00681561,0.06261121,0.055063598,0.013475152,-0.0064123664,-0.18611634,0.026924571,0.051565543,-0.000110023764,0.0070330063,0.003890591,-0.037004534,0.07745979,-0.038508046,-0.03078056,-0.0023176018,0.09520519,-0.029762296,-0.13755383,-0.099614926,-0.0066408487,-0.0919191,0.009499655,-0.016526025,-0.045748353,0.08491546,-0.029383749,-0.029866135,-0.03668543,-0.029671218,-0.11372544,0.045852896,0.027649118,-0.052127305,-0.039304648,0.085142896,0.020299688,-0.04358732,0.019703243,0.07938829,0.0021298605,-0.060564704,-0.082914256,0.08702158,0.020669173,0.032340027,0.06971399,0.03217406,-0.053983986,-0.0008388845,-0.0052888836,0.025934577,0.020726163,0.049251687,0.010801253,-0.07752434,-0.06309511,0.13746537,-0.07530317,-0.03376451,0.005290414,0.044130627,-0.031251617,-0.06612719,-0.084048696,-0.040887147,-0.031001043,0.05789989,-0.03235829,-0.017364172,-0.14445397,-0.013832501,0.024764143,-0.026508445,-0.05548157,-0.03924837,-0.0298962,0.0054887403,0.009682688,0.09711672,-0.04299536,0.03135944,0.0011033196,0.026268728,-0.11133091,0.1005051,2.9546634e-05,0.04986891,0.06498315,0.020222928,1.3511651e-32,-0.04967119,-0.012876365,-0.040690698,-0.024238804,-0.019056138,0.06334139,-0.015032552,-0.027487235,0.05740293,-0.052538164,-0.10185744,0.07617473,0.008037698,0.038182426,-0.024941694,0.010490185,-0.011338995,-0.032872733,-0.057384096,-0.04242962,0.0069616404,0.010951334,-0.0004942695,0.006137013,-0.0026335944,0.012530947,-0.03160069,-0.05502685,0.048747696,-0.011814243,0.014400275,-0.08168682,-0.027821533,-0.009936616,-0.053593878,0.0207271,-0.01755982,0.04545596,0.028505467,-0.044234596,-0.0664357,-0.018323982,0.018431049,-0.010277346,0.0958625,0.018529804,-0.14662887,0.015826512,0.050635368,-0.055144366,0.03928852,-0.02730241,0.011658682,-0.06123691,-0.09425765,0.016395584,-0.035298858,0.035693794,-0.015960291,0.0068199346,0.032217994,-0.050019287,0.032049432,-0.05314841,0.020014564,-0.012628159,-0.045614358,-0.022422032,-0.06909162,0.013525109,-0.115757965,-0.0055811326,0.055400822,0.1027085,-0.010120961,0.012186103,0.025930045,0.14214925,-0.08580473,-0.015689502,-0.050360426,-0.03032048,-0.010004284,0.011839973,0.013601409,0.017394325,-0.023822471,0.047905292,-0.035520468,0.0009869733,0.05639224,0.057893544,-0.08793118,0.09760374,0.0058087995,-1.6144507e-32,0.03398242,0.030097,-0.016852757,0.021441635,-0.013229573,0.10144397,-0.0352982,0.040487897,-0.030516492,0.0033535042,0.043277863,0.00023220471,-0.046797413,-0.0011079743,-0.08621557,0.06783806,-0.08913535,0.10008254,-0.021088604,-0.01034907,0.018087503,0.02857237,-0.035725463,-0.013083718,0.037644688,0.052516982,0.07364216,-0.0086909905,-0.073332764,-0.024393639,-0.020757515,0.047858927,-0.040452115,-0.089394376,0.022820398,0.029812163,0.0066293892,-0.101983786,-0.058334786,-0.010301882,0.034736034,-0.030422842,-0.025084225,-0.042396277,0.02984122,0.017954456,-0.038445648,-0.06245306,0.038375553,-0.011080406,0.095438495,0.0019464588,0.017737364,0.052050225,0.046228126,0.09734849,-0.04511378,-0.040008616,-0.06400666,0.0327902,0.029213633,-0.033701405,0.055557527,-0.08894958,0.0047537163,0.018546341,0.07251334,0.005899597,0.058263857,-0.0277968,-0.011030697,0.034422144,-0.037441157,-0.040414266,0.01918988,0.08519159,-0.02024052,-0.078900926,-0.020977763,-0.020214902,-0.08876071,-0.029053224,0.0010783769,0.0276352,-0.07968816,-0.022715673,0.025845489,0.022426648,-0.010394091,-0.07235321,0.01856046,0.002149377,-0.024580993,0.025089378,0.0015800735,-6.8946854e-08,0.049275115,-0.032035436,-0.031441696,-0.05370483,0.0375972,-0.06921724,-0.07919603,0.05404266,-0.014487464,0.015463994,-0.012057027,0.08106742,-0.022650344,-0.015623393,-0.032180652,-0.0120830815,-0.04716846,0.03471193,-0.014428043,-0.00056843023,-0.009778109,-0.08986042,-0.06959782,-0.04500915,0.06681622,-0.01777457,0.015722208,-0.022323415,-0.059422754,-0.047850598,-0.003834456,0.013011383,0.030997302,0.026701558,-0.093780935,0.024152417,0.037066314,-0.05540603,-0.013196455,0.04699683,0.07568599,-0.017362332,0.009802634,-0.008665546,-0.018175213,-0.038967736,-0.0006395262,0.0323451,-0.009423263,-0.013703725,-0.03740331,0.06598514,0.018414866,0.044945072,-0.09764645,-0.020124735,0.016800864,-0.029706715,0.06161593,-0.02443915,-0.031439878,-0.005796134,0.08456184,0.05808538]","pirisch, d. h. ohne Erregersicherung, da eine mikrobio -

logische Diagnostik in dieser Situation als nicht kosten -

effektiv gilt.

Eine asymptomatische Bakteriurie bei nicht schwange -

ren Frauen sollte nicht antibiotisch behandelt werden.

Bei der unkomplizierten Zystitis sollte eine Antibiotika -

therapie empfohlen werden. In Einzelfällen kann bei Pa -

tientinnen mit leichten/mittelgradigen Beschwerden die

alleinige symptomatische Therapie eine vertretbare Al -

ternative darstellen. Eine partizipative Entscheidungs -

findung mit den Patienteninnen ist sinnvoll.

Für die Therapie der akuten unkomplizierten Zystitis

soll eine kurzzeitige Antibiotikatherapie mit einem da -

für geeigneten Antibiotikum eingeleitet werden.

Bei der unkomplizierten Pyelonephritis sollte so früh

wie möglich mit einer Antibiotikatherapie begonnen

werden. Eine orale Antibiotikatherapie sollte bevorzugt

werden bei Kindern ab dem ersten Lebensjahr in Ab -

hängigkeit von der Compliance.","{""source"":""/home/sigillus/Schreibtisch/educx/Projekt_KI/markdowns/Antibiotika_Harnwege.md""}",60dbf1ad-306d-48b8-a8e3-c60121205112,a1e261fd-8bf6-4f38-9edf-c8eead1ddde6
f39acabc-6b7e-4952-898d-9988b3067daa,"[-0.087972805,-0.037233777,-0.098745026,-0.043756347,0.006254458,-0.08359437,-0.016001834,0.1900666,-0.004535414,-0.017520782,0.03165481,0.0059425957,0.10994192,0.13896786,-0.05042973,-0.06505463,-0.028604828,0.020821717,-0.039736062,0.085952036,0.057065677,0.0037105202,0.015961614,-0.025686715,-0.06459286,-0.029114584,-0.025430774,0.036342613,0.002995504,0.014691048,-0.0068464116,-0.0071951095,-0.021872034,-0.09260273,0.09041962,-0.0088861175,-0.055185378,-0.038615216,0.07692384,0.022229336,0.011140672,0.024062658,-0.103228405,-0.042056505,-0.015503977,0.08011323,0.0010666898,-0.008069129,-0.060264867,0.055229116,-0.04687487,-0.05873998,0.058754273,0.11409737,-0.005520673,-0.07939998,-0.08307248,-0.041381184,-0.036571868,0.038194582,-0.07366158,-0.069819085,0.09901149,0.00096113194,-0.056811154,0.014312021,-0.02134533,-0.10085755,0.013879447,-0.004251891,-0.019118192,-0.0052582487,0.07771629,0.040463284,0.016679583,0.0038977237,0.07097125,-0.028223298,-0.1319572,-0.026828434,0.039780725,0.017451173,0.068180494,0.04183735,0.0698628,-0.03997883,0.014176363,0.035888273,0.0036584581,0.069158286,0.12382324,0.11882985,-0.040790785,-0.046133347,0.019984907,-0.079193555,-0.0364139,0.016282158,0.016418403,-0.007580101,-0.036033936,-0.094806395,0.010628914,-0.019472785,0.03360029,-0.022992913,0.05876251,-0.09568154,-0.09957873,0.045692116,-0.05811726,-0.008940203,0.0233922,6.657971e-05,-0.016209405,-0.007947997,0.073155455,0.007073992,0.006969042,0.0029857343,0.003338562,-0.067347445,0.00858915,-0.050159305,-0.008261452,0.15427074,0.037989337,1.2715863e-32,-0.11666888,0.024146834,-0.05308425,-0.06181127,0.017728414,0.07482541,-0.022067206,0.04425082,0.10936159,-0.083541684,-0.04456827,-0.0010392689,-0.038699158,-0.020700991,-0.055985212,-0.020654893,0.040678587,0.0058305166,-0.047596302,0.04485676,0.0925607,-0.020736163,-0.03901347,-0.0064133103,0.00036211507,0.024561033,-0.097263455,-0.044916242,0.043787163,-0.032604516,0.060952853,-0.06270816,-0.018061431,-0.064622365,0.031226225,-0.015983392,0.006280824,0.012818787,-0.033736344,-0.07582656,-0.065781154,0.0011032164,-0.039024293,0.027031682,0.011104234,0.029596904,-0.124111675,0.051254876,0.040470064,-0.09612634,0.052857824,-0.024923366,-0.023643615,-0.08991659,-0.04791555,0.011682232,-0.038007572,-0.04247221,0.0080960775,-0.015073219,-0.00861636,0.042717896,-0.0048501855,-0.05681567,0.028461969,-0.010310299,-0.026821332,-0.045425937,-0.009616162,-0.0025905098,-0.08061295,-0.008104947,0.0054126233,0.058164027,-0.0011446947,-0.0052576377,0.026484063,0.00028118197,0.05026728,-0.038794596,0.019213993,-0.020495087,-0.012728911,-0.017919946,0.00019835282,-0.04126265,-0.075237304,0.0340353,0.03413829,0.015052723,0.07420647,-0.043160982,-0.056764204,-0.0006322878,-0.036131524,-1.4360649e-32,0.04905467,0.027763559,0.017828071,0.02017104,0.034435697,0.13549787,-0.06961934,-0.024943618,0.042870585,-0.075600706,0.0057766265,-0.0046345084,-0.038544983,0.010060648,-0.008070044,0.049891748,-0.099585444,0.086673364,1.7549813e-05,-0.030696435,0.019808104,-0.006311872,0.038677342,0.008695383,0.014361183,0.0810472,0.007249787,0.016545396,0.03530049,0.0639704,-0.018252641,0.028717704,-0.0019606696,-0.10116596,0.011768209,0.015415961,-0.043316495,-0.07112703,-0.0032134429,-0.03676349,0.022097131,-1.2021134e-05,0.011829043,0.011620898,-0.009102488,0.035161305,-0.045628734,-0.040314678,0.023415104,-0.0020086265,-0.009036655,0.06843319,-0.04863227,0.01031769,-0.0005879775,0.030659854,-0.0028551747,-0.063916914,-0.040151764,-0.06600049,0.006011797,-0.02222684,-0.040160447,-0.0493712,0.027195306,-0.003675901,0.03177392,0.008234707,0.05976423,-0.017217245,-0.06259583,0.037154958,0.043915495,-0.07862517,-0.03654092,0.07836804,-0.04345396,-0.11504271,0.020760268,0.00593149,-0.07121902,0.062283814,-0.014999297,0.012751534,-0.07549222,-0.051704865,0.02977447,-0.008301815,0.0050495514,-0.08155894,0.060229395,0.0034175755,0.039838262,0.077472515,0.011848229,-6.6590246e-08,0.1344736,-0.023224272,-0.012233097,0.048101228,0.0023061691,-0.074319474,-0.037053645,-0.04915425,8.74961e-05,0.04490115,-0.004290818,0.15583143,-0.022974042,-0.021755826,-0.027788494,0.0152258715,-0.06651165,0.008885185,0.0072937887,0.08441966,-0.010775404,-0.059429966,-0.101468146,-0.0028513407,0.046214562,0.00016598294,0.00804531,-0.001753387,-0.026636975,-0.006218258,0.044750977,0.009028357,0.05887601,-0.004680536,-0.0882185,-0.005613443,-0.03224497,-0.008407913,-0.014523877,0.035025276,0.068758965,-0.03477675,-0.019658977,0.003978887,-0.023709605,-0.034741852,-0.010082676,0.03033318,0.002947434,0.017376479,-0.059237927,0.027820684,-0.0068897125,0.047226083,-0.054962005,0.053856194,0.00029771807,-0.02817047,-0.010654531,-0.02685932,-0.05234096,-0.043964528,0.15819088,0.06295572]","werden bei Kindern ab dem ersten Lebensjahr in Ab -

hängigkeit von der Compliance.

Aus der Gruppe der für die Therapie der unkomplizier -

ten HWI eingesetzten oralen Antibiotika – Aminopeni -

cilline in Kombination mit einem Betalaktamaseinhibi -

tor, Cephalosporine der Gruppe 2 und 3, Fluorchinolone,

Fosfomycin-Trometamol, Nitrofurantoin, Nitroxolin,

Pivmecillinam oder Trimethoprim – wird bei Fluorchi -

nolonen und Cephalosporinen die Gefahr der Selektion

multiresistenter Erreger oder das Risiko einer Clostridi -

um-difficile -assoziierten Kolitis als derzeit am höchsten

betrachtet.

Unkomplizierte Zystitis (Kinder und Jugendliche)

Die unkomplizierte Zystitis im Kindes- und Jugendalter ist

vorwiegend Folge einer Infektion durch E. coli , selten Pro -

teus mirabilis . Zystitiden, die z. B. mit Dysurie, Algurie,

Unterbauchschmerzen und/oder neu auftretender Inkonti -

nenz einhergehen, bedürfen zur raschen Symptombeseiti -

gung einer antibakteriellen Therapie.","{""source"":""/home/sigillus/Schreibtisch/educx/Projekt_KI/markdowns/Antibiotika_Harnwege.md""}",0dde2ce3-bec3-4b73-80dc-0a8595a0f75e,83554c26-c7e9-40eb-9645-713b9e5b6486
f39acabc-6b7e-4952-898d-9988b3067daa,"[-0.006172259,-0.030559212,-0.052314974,-0.0017030747,0.012162124,0.011721493,0.01741381,0.11512715,0.020670092,0.05187169,0.0743902,-0.003361054,-0.012116581,0.07908916,-0.020963598,0.022762876,-0.021811318,0.069334716,-0.066251084,0.07147438,0.052380424,0.0048433943,-0.00522566,0.025830096,-0.09755653,0.028827997,0.01430421,0.01736707,-0.07307607,-0.02562299,0.04408388,0.07643228,0.06345566,-0.04033759,0.10891971,0.0133918645,-0.058286946,-0.08159757,0.03395731,-0.016132018,-0.035433397,0.034329634,-0.16342886,-0.015063085,-0.05622746,-0.030518284,0.01781162,0.014025768,-0.05543809,0.03370668,-0.019699102,-0.038355757,-0.013735196,-0.00894755,-0.0031742048,-0.12392003,-0.09398119,-0.01563151,-0.019898562,0.014566147,-0.111297555,-0.013061223,0.0103741605,-0.035884548,0.001751293,0.06007924,0.08885082,-0.109261185,0.061286237,0.026086818,-0.019196542,-0.04867048,0.040852048,0.0853743,-0.015344002,0.038272414,0.060934324,-0.0110232765,-0.06369594,-0.09306197,0.005948194,0.043831512,0.064999744,0.08966594,0.024666714,-0.009605898,-0.042042207,0.08258395,0.07030211,0.016025148,0.074405245,0.048046485,-0.06335387,-0.045022417,0.0741582,-0.0075389454,-0.0045228046,-0.023491582,-0.033096235,-0.053510513,0.06879906,-0.09444815,-0.06608564,-0.029888373,0.03068031,-0.0073171835,0.07457381,-0.067409374,-0.08319561,0.020597007,-0.07635098,-0.02780463,0.04834763,0.010656314,-0.06332565,-0.042307574,0.086586125,-0.03355319,0.03851321,0.029991591,0.027871696,-0.083886914,0.048222117,0.036332823,0.055828635,0.10168693,-0.05538568,1.5420438e-32,0.01771189,0.03539845,0.013464348,-0.07424427,-0.02195175,0.04442958,0.006913712,-0.000677729,0.036448035,-0.031106092,-0.11676635,0.014305385,0.016285254,0.0057921596,0.019280283,0.020311888,-0.040520098,0.013712777,-0.013876596,-0.0065848003,-0.03188024,0.0392239,-0.03566844,0.031007,-0.064196855,0.03319829,-0.06783806,-0.031720415,-0.010220186,0.017730294,0.06726269,-0.083895996,-0.026714379,0.05737052,-0.019140199,0.07807007,-0.019570155,0.05459494,0.0007647532,-0.025766226,-0.07475949,0.027316514,0.019759588,0.02149873,0.043095022,-0.036146473,-0.16218606,0.0028499663,-0.0023397116,0.07134309,0.044106748,-0.030001262,0.04419287,-0.01641883,-0.108920135,0.01739315,-0.07947228,0.011764707,0.041047797,0.028466512,-0.06799773,0.06249015,0.0049093515,-0.07963618,0.024449414,-0.047320545,-0.0630363,-0.06351264,-0.036514197,-0.0011913509,-0.046897043,-0.050437048,0.052193213,0.05862782,0.044769604,-0.012133288,0.043114774,0.07503448,-0.00544475,-0.035879124,-0.042331908,-0.02272121,-0.007185327,-0.035013795,-0.061064668,-0.052790087,-0.01215107,0.017428009,-0.06452474,-0.013652393,0.11199727,-0.058428075,-0.046807047,0.0021484825,-0.027732039,-1.510156e-32,0.029542418,0.012178538,0.03942065,0.022774108,-0.05508882,0.033758383,-0.015020815,-0.04291324,-0.041003436,-0.06356486,0.10711409,0.055147056,-0.03443388,-0.0032848387,-0.08487964,0.07900655,-0.00570784,0.006664592,0.0029885639,-0.052680783,-0.0076675722,0.010338466,-0.011186943,0.0031200023,0.025233824,0.04767248,0.068340406,-0.040200476,0.083333895,0.015779361,0.050556928,0.10039479,-0.07275589,-0.10549805,0.064835496,-0.043144263,-0.041075632,0.0076102973,-0.033701338,-0.017219974,-0.066518605,-0.019862417,0.004254143,-0.04448495,0.08560098,0.03420209,-0.014011641,-0.09856281,0.01847163,-0.023093997,0.026506893,0.059240643,0.008275028,0.09794721,0.03595171,0.03291405,0.026061645,-0.05680127,-0.08074338,0.030820938,-0.017705197,0.03399737,-0.009776145,-0.09486543,0.008790856,0.033941783,0.045937702,-0.0041340864,0.09049926,-0.026373353,-0.06428796,0.0284527,0.03540195,-0.038180355,-0.057119746,-0.006727718,-0.025175152,-0.009354574,-0.033420004,0.042053234,-0.0128677,0.032057688,0.005351073,0.026665006,-0.089164644,-0.10765419,-0.044573814,0.10042312,0.0029556528,-0.038735185,0.028819636,-0.034600757,0.026156837,0.0822961,0.06541752,-6.446065e-08,0.039433528,-0.021030864,-0.05610459,-0.039218258,0.0318905,-0.0038080867,-0.03248151,0.036747213,0.015001582,0.014911772,0.022903869,0.08055875,-0.08039102,0.02413257,-0.01139148,0.023495246,-0.009829768,0.0027691736,-0.032638945,-0.028065503,0.0013755306,-0.030016951,-0.12993123,-0.038294412,0.10489193,-0.056359626,-0.017851096,-0.11840117,-0.00015239813,-0.011370814,-0.016754957,0.038103458,0.020704309,-0.021148803,-0.025130518,0.025030214,0.047798533,-0.015122684,-0.010210467,0.061723497,0.041969657,-0.04368948,-0.03498855,0.0016783484,0.042982414,-0.09632941,0.059849035,0.026034767,-0.002220331,0.025625983,-0.006556052,0.11151888,-0.023211483,0.01642945,-0.08627088,0.046866857,0.0007452713,-0.06523284,0.05425316,-0.053201683,0.0666574,-0.022559658,0.02750893,0.06667953]","nenz einhergehen, bedürfen zur raschen Symptombeseiti -

gung einer antibakteriellen Therapie.

Trimethoprim galt lange Zeit als Mittel der ersten Wahl.

Der Sulfonamid-Anteil der Trimethoprim-Sulfonamid-

Kombinationen ist verzichtbar. Eine wesentliche Ver -

besserung der klinischen Effektivität bei der Zystitis

durch das Kombinationspräparat Cotrimoxazol wurde

nicht gezeigt. Zudem ist das Risiko unerwünschter Arz -

neimittelwirkungen unter der Kombination größer als

unter Trimethoprim allein. In seltenen Fällen wurden

auch schwerwiegende Nebenwirkungen mit z. T. erheb -

lichen Folgen (Lyell-Syndrom) beobachtet. Mit steigen -

den Resistenzraten von E. coli nicht nur gegen Sulfame -

thoxazol, sondern auch gegen Trimethoprim rückt auch

Trimethoprim als Mittel der ersten Wahl zunehmend

in den Hintergrund. In Regionen mit bekannt hohen

(> 20 %) Resistenzquoten von E. coli -Harnwegsisolaten

gegen Trimethoprim ist eine kalkulierte Therapie mit","{""source"":""/home/sigillus/Schreibtisch/educx/Projekt_KI/markdowns/Antibiotika_Harnwege.md""}",4f2258e7-1255-4a36-ba33-49f86553bfbc,19bdaa90-ce76-4b33-a814-caa58af48911
f39acabc-6b7e-4952-898d-9988b3067daa,"[-0.07804972,-0.03860172,-0.09280487,-0.03188486,-0.008595852,-0.00412513,-0.026196571,0.21081765,0.009274662,0.039408747,0.002672605,-0.0265115,0.101797365,0.10954503,-0.064038396,-0.066902936,-0.04383454,0.03356859,0.0074415724,0.043024343,0.03129665,0.0590082,-0.00721535,-0.028454179,-0.06206285,-0.015385688,0.0038596361,0.021381745,-0.0026401577,0.056803286,0.009273112,0.0430636,0.049321633,-0.046954107,0.085452475,0.032595087,-0.07421302,-0.051912364,0.14589609,-0.008173645,-0.015379913,0.055198126,-0.11286046,0.0037493482,-0.03345393,0.06578821,0.01821325,0.022701232,-0.030122042,0.03078086,-0.0330563,-0.03114181,-0.008149171,0.07546322,-0.036964234,-0.05971045,-0.07324673,-0.07629359,-0.013423711,0.058125474,-0.09733797,-0.07291303,0.117726006,-0.029177153,-0.071922876,0.010229788,0.020390043,-0.050264407,0.045806043,-0.02259551,-0.02381434,0.0035693524,0.022887921,0.07071405,-0.029135225,-0.007058837,0.082861714,-0.0011115118,-0.09801256,-0.046651162,0.014299977,-0.07035741,0.017485313,0.07799812,0.072700776,-0.09008787,0.018573109,0.03683481,0.030726267,0.08987216,0.124009006,0.08397309,0.0048819375,-0.055808388,0.038894225,-0.08221675,-0.044028573,-0.048816778,0.02533714,-0.034063917,-0.048621673,-0.08448749,-0.04590309,-0.0085615525,0.03581786,-0.040314578,0.077540144,-0.09094921,-0.045323517,0.028958946,-0.06631316,-0.038132977,0.009815849,-0.052929655,0.004179265,-0.024367128,0.14957108,-0.04265383,0.004269716,0.006697,-0.0030828225,-0.058010958,0.0076305764,-0.021949245,-0.0014716692,0.10544324,0.026851298,1.10578504e-32,-0.105007336,0.035197645,-0.020143755,-0.037772927,0.04005377,0.07151935,0.005196462,0.007825344,0.06827908,-0.14710487,-0.079952404,-0.0600926,-0.004255131,0.0046746247,-0.03823743,0.035523713,0.03344668,-0.02001698,-0.034102935,0.026106339,0.047526438,-0.0034271234,-0.033431314,0.046678055,0.041646738,0.03248807,-0.10069074,-0.047091283,0.014752871,-0.05553049,0.03279607,-0.08229223,-0.034667052,-0.014158096,0.007818701,0.046351045,-0.0077141495,0.04588299,-0.051202297,-0.0046270657,-0.06034056,0.005541259,-0.028040469,0.0107187815,0.028498242,-0.0067442334,-0.14696294,0.046202663,0.040837526,-0.011111573,0.050079953,-0.024571095,-0.023982067,-0.060238406,-0.07021238,0.027598819,-0.017323304,-0.012333906,0.06408053,-0.013352138,0.023843251,0.0345356,0.032561753,-0.02667218,0.042877328,-0.030197095,-0.04082599,-0.011396251,-0.034976613,0.077315174,-0.10285471,0.018913161,0.002684288,0.061893415,0.024762291,0.012959409,0.0056748893,-0.015052808,-0.0072032306,-0.058469072,0.0037266156,-0.0045980117,0.06257381,-0.0059639155,-0.007310522,-0.06464168,-0.016373286,0.056406096,0.029249443,0.017264055,0.081047244,-0.07888617,-0.05243995,0.08893928,-0.060719296,-1.2622999e-32,0.04308842,0.05313097,-0.0023695698,0.0083371615,-0.000633755,0.12553489,-0.014268261,0.02522156,-0.019927748,-0.0459748,0.05806227,-0.017796187,-0.025791543,0.034910027,-0.08425665,0.0550034,-0.032440335,0.0793472,-0.0014872497,-0.04839538,-0.03114613,0.01747631,0.03776364,-0.01559279,0.0065824427,0.032443665,0.041899044,0.02329354,-0.033222146,0.06905741,-0.02463744,0.04763532,-0.024539666,-0.05711895,-0.013743288,0.03291174,-0.019717108,-0.058113705,-0.02463324,-0.0031582823,0.021716854,0.011321795,0.036001053,0.016533969,-0.06868803,0.031930633,0.048097298,-0.07034574,-0.004460371,-0.015993396,0.027397452,0.012620524,-0.009472981,0.032730013,0.002611095,0.029160442,0.0063121263,-0.019383635,-0.038809717,-0.012615155,0.015017221,-0.024459459,-0.021249523,-0.074657716,0.027401729,-0.019862214,0.042476993,0.05737755,0.09944724,-0.09444365,-0.016626263,0.056210175,0.034823526,-0.07412759,-0.01566976,0.016146174,-0.045239974,-0.050520085,0.018201102,-0.0281922,-0.017109426,-0.0048743463,-0.041497737,-0.012920725,-0.09119665,-0.060811784,-0.004435672,0.04544697,0.017235423,-0.066773765,-0.024009649,0.017557645,0.009074543,0.01717801,0.028485326,-5.9344313e-08,0.08132797,0.004896175,-0.033742283,0.048132055,0.055362154,-0.07624337,-0.06109002,-0.039096408,-0.0066661662,0.014065359,-0.01481765,0.095701195,-0.051491123,-0.023345113,-0.027549649,0.020014113,-0.15634328,-0.018200949,0.027599419,0.0686726,-0.04170022,-0.041247707,-0.11948238,-0.017736785,0.10842678,-0.03173097,0.020124365,0.0036595152,-0.02995538,-0.034072816,-0.0011430371,0.036684312,0.0064057647,-0.033018302,-0.06411117,-0.02813525,-0.00085133436,-0.0069646863,-0.009000003,0.044173416,0.050068118,-0.040498774,-0.052450273,-0.011193222,-0.07057779,-0.0071750763,0.025246253,0.03786058,0.012499682,-0.05385333,0.008830947,0.04662772,0.019990943,0.055879887,-0.03771725,0.0593631,0.027433284,-0.058294058,0.016254196,-0.050003912,-0.06336305,-0.036161043,0.14066282,0.059839293]","gegen Trimethoprim ist eine kalkulierte Therapie mit

einem Oralcephalosporin, alternativ mit Amoxicillin +

Betalaktamaseinhibitor zu bevorzugen. Prinzipiell soll -

ten bei der kalkulierten Therapie einer Zystitis zur Ver -

meidung weiterer Resistenzentwicklungen Reserveanti -

biotika vermieden werden.

Bei (rezidivierenden) HWI älterer Mädchen (> 12 Jah -

re) mit eindeutigen klinischen Symptomen einer Zystitis

kann auch Fosfomycin-Trometamol eingesetzt werden.

Pivmecillinam kann bei Kindern ab einem Alter von 6

Jahren zur Behandlung einer akuten, unkomplizierten

Zystitis durch gramnegative Erreger (z. B. bei Infekti -

onen durch E. coli, Citrobacter spp., Enterobacter spp.,

Klebsiella spp., Proteus mirabilis) eingesetzt werden.

Grampositive Erreger sowie Pseudomonas spp. und

Serratia spp. gehören nicht zum Wirkspektrum.

Die Resistenzraten sind niedrig. Pivmecillinam ist auch

gegenüber den meisten ESBL-positiven Erregern wirksam.","{""source"":""/home/sigillus/Schreibtisch/educx/Projekt_KI/markdowns/Antibiotika_Harnwege.md""}",296cb0e8-84d6-46d1-b929-addfee3ce215,8b672c1d-7056-4a7e-804e-d7d763e34b72
f39acabc-6b7e-4952-898d-9988b3067daa,"[-0.07477783,-0.01745833,-0.0743013,-0.038822252,0.0073459363,0.037042897,0.031633988,0.14597873,0.00080410944,0.059392463,0.04460994,-0.018365152,0.053150572,0.0704456,-0.06915547,-0.049000233,-0.03626499,0.0089218365,-0.05106719,0.0966514,0.0355131,-0.020309584,0.042088665,0.0067566247,-0.036502805,-0.024406863,0.018141696,-0.02087242,-0.041675895,-0.012998803,-0.018137949,0.008500909,0.03395011,-0.057748772,0.09688796,-0.03170067,-0.05233168,-0.074987315,0.06946085,0.07343281,-0.0069503044,-0.012015096,-0.16389596,0.0026912026,-0.017174553,0.024020711,0.010877152,0.014601633,-0.0632074,0.009325264,-0.033655,-0.04988454,-0.025674848,0.08607237,0.050312854,-0.14279759,-0.09284787,-0.10048827,0.018205957,0.09311838,0.026192002,-0.014514301,0.13922289,-0.03276825,-0.077582054,-0.0061374065,-0.019430827,0.00527881,0.07009093,-0.042051762,0.0034498682,-0.03559899,-0.065493,0.061713982,-0.024429541,-0.01893394,0.034548096,0.03847744,-0.06917597,-0.07185222,0.04410854,-0.03324544,0.074333586,0.051064897,0.05355917,-0.03510228,-0.013585416,0.03891923,0.006620593,0.07354294,0.019649556,0.01853795,-0.036978245,-0.05367096,0.086099416,-0.09462551,-0.042274173,-0.05196958,0.0086272,0.008572471,-0.00619323,-0.04415476,0.0028559333,0.0020760754,0.010580211,-0.080545746,0.016119024,-0.08396303,-0.027933871,0.032960195,-0.015864974,0.008788801,0.016532779,-0.015977941,-0.047567237,0.029442318,0.11614929,-0.052168127,0.041377537,0.030875156,0.029176958,-0.076817974,0.044414707,0.039467894,0.012034205,0.10928209,0.010588478,1.3155298e-32,-0.064836346,-0.027505303,0.015454121,-0.025896786,0.033307523,0.07681028,-0.040922865,-0.0588866,0.04920358,-0.13136864,-0.06527403,0.0075675496,-0.0162739,0.019363262,0.00958236,-0.03168624,-0.017564373,-0.05904185,-0.05817853,-0.04128159,0.011686981,-0.009256343,-0.016377054,-0.02038723,-0.017339556,0.023744166,-0.10624376,-0.031442877,0.032382146,0.032596752,0.07020426,-0.08169782,-0.051482484,0.048969552,-0.0070354543,-0.026583444,-0.04292629,0.0076322304,0.032547656,-0.07277783,-0.09646399,0.009596183,-0.024935279,-0.08869448,0.15081267,-0.0453016,-0.07830542,0.042787503,0.07531327,0.01634151,0.023606855,-0.015958007,0.031437777,-0.06504398,-0.06639768,0.02904096,-0.009926739,0.012020692,-0.07261483,-0.027304158,0.009654531,0.03422891,0.012581496,-0.06966994,0.03978289,0.02402717,-0.036067944,-0.043701284,-0.008859109,-0.008008176,-0.053931322,-0.04684013,0.02573982,-0.0052720527,-0.010920243,-0.0047911424,-0.02982594,0.15869325,-0.035715334,0.015546037,0.03319755,0.021692814,-0.009570017,-0.03405071,-0.038040858,-0.0053275567,0.029422356,-0.0029244102,0.010289259,0.080216706,0.12590231,0.022686265,-0.071098,0.060855564,-0.030449362,-1.4654628e-32,0.06739235,0.0037136225,-0.024155157,0.005596766,-0.00025974298,0.03966161,-0.003093846,0.005810861,-0.06545234,-0.0749657,0.0265083,-0.012364093,-0.0322782,-0.0033863077,-0.00074456714,0.006362681,0.02198389,0.091100045,-0.025855567,-0.07603017,-0.0044099228,-0.020515034,0.050321624,0.009847525,0.002982606,0.07761279,0.07231672,0.020126842,-0.037693746,-0.042155493,-0.03314626,0.058376174,-0.04809091,-0.067707345,-0.006309401,-0.033974767,-0.005510688,0.01452607,0.010931665,-0.026644234,0.05086029,0.052245196,-0.021107066,-0.034253504,-0.00061274436,0.049935393,-0.011314068,-0.005693858,0.030286936,-0.06201646,0.021364627,0.031755187,-0.017924951,-0.009895629,-0.014516183,-0.001106813,-0.020937875,-0.01622004,-0.086925715,0.029722122,0.009605887,0.020255193,-0.010343725,-0.08383555,0.054832473,-0.043348208,0.002790523,0.01947772,0.08817436,-0.09218881,0.03405035,0.0192628,-0.009871711,-0.08245208,0.0005102785,-0.01891624,-0.06608634,-0.017725538,-0.019151196,-0.013020719,-0.130821,0.03283266,-0.085377686,0.043201298,-0.05906419,-0.056684863,0.013939696,0.06548602,-0.016747208,-0.04407178,-0.00153697,0.029609924,-0.052614912,0.049372174,0.13410835,-6.9182356e-08,0.15967566,-0.045297734,-0.027156936,-0.032461505,0.039810956,-0.09221041,-0.07000414,0.047885086,0.012584926,0.08097486,0.056554172,0.10746073,-0.02182172,-0.017251078,-0.023297133,-0.015844295,0.017660476,-0.029910685,-0.02487241,-0.027107127,0.06698095,-0.06860558,-0.09596418,-0.048997346,0.0019057944,-0.022918167,-0.006034463,-0.07972232,-0.049216397,-0.086780064,0.025459737,0.025331395,0.00044180482,0.033004686,-0.10907477,0.026364207,-0.00297898,-0.032381352,-0.029783906,-0.008658298,0.067171305,-0.0014714561,-0.008697709,-0.00854385,-0.0077043036,0.030697944,0.03414301,0.073493145,0.0071541723,0.0068826233,-0.042449884,0.03093683,0.04114825,0.052274965,-0.10066731,-0.0027992995,0.007404038,-0.012911821,0.046552666,0.026167,0.08130433,-0.024561465,0.04416797,0.06346935]","gegenüber den meisten ESBL-positiven Erregern wirksam.

Es besteht nur eine geringe Kreuzresistenz mit anderen

Betalaktam-Antibiotika. (6)

Unkomplizierte Pyelonephritis (Kinder und Jugend-

liche)

Häufigster Erreger ist E. coli , seltener Proteus mirabilis .

Eine Antibiotikatherapie soll umgehend eingeleitet werden,

um Nierenparenchymschäden und eine Sepsis zu vermei -

den. Die Dauer der Therapie orientiert sich am klinischen

Verlauf. Meist sind 7(–10) Tage ausreichend:

Empfehlungen zur wirtschaftlichen Verordnungsweise Entscheidend ist die rasche Einleitung einer wirksamen

antibakteriellen Behandlung. Jede Verzögerung erhöht

das Risiko segmentaler Nierennarben.

Bei schwerem Verlauf und im Säuglingsalter kann in -

itial eine parenterale Therapie indiziert sein, um rasch

hohe Plasma-, Urin- und Parenchymkonzentrationen

des Antibiotikums zu gewährleisten. Nach Ansprechen

der Therapie und Kenntnis des Resistogramms soll auf","{""source"":""/home/sigillus/Schreibtisch/educx/Projekt_KI/markdowns/Antibiotika_Harnwege.md""}",70236972-2509-46c1-b3eb-49275f8bb12d,69ca832d-ee38-4c26-87f9-cb2c2c1b9816
f39acabc-6b7e-4952-898d-9988b3067daa,"[-0.093055636,-0.0492256,-0.118748695,0.01477728,-0.07495634,-0.016305486,-0.027555881,0.19098178,-0.038418315,0.04328771,-0.008320008,-0.031743623,0.0617841,0.12326226,-0.02231477,-0.049758356,-0.024599172,0.047100123,0.02664164,0.06869379,0.04934866,0.05683082,0.056681685,-0.030700253,-0.05005002,-0.0087925745,-0.02192971,0.008471048,-0.023171138,0.042999215,-0.068664275,-0.015528419,0.058867022,-0.063800566,0.07743918,-0.0034997913,-0.05018197,-0.06499694,0.078492686,0.08740814,-0.014631558,0.048041634,-0.15149629,-0.036855403,-0.013860046,0.049434632,0.02330674,-0.0003817381,-0.052815396,0.005733129,-0.016085882,-0.072445534,0.021386543,0.08857173,-0.080436036,-0.11207508,-0.078884624,0.0009724994,0.018264046,0.033689216,-0.018090956,-0.040054113,0.08726915,0.0020775849,-0.08411238,0.035130426,0.02041444,-0.069220416,0.023556795,-0.018114192,-0.07607387,-0.014527721,0.05513833,0.024841823,0.008544506,-0.004266421,0.08405262,0.012839526,-0.100777335,-0.06298397,0.09562311,-0.038056627,0.031632405,0.0748304,0.083928406,-0.053386617,-0.014304141,0.06551001,0.020863129,0.020607604,0.07061616,0.035508104,-0.08112178,-0.084058166,0.05064773,-0.11227393,-0.06412636,-0.029481737,0.061376043,-0.023097394,-0.03958989,-0.08999436,-0.01502784,-0.004056537,0.0632338,-0.020978997,0.015140665,-0.099069625,-0.011056278,0.055767275,-0.069068626,0.0032097227,-0.02322049,-0.045404635,-0.00025743095,-0.022456285,0.05475032,-0.020191412,0.0041593355,0.04068168,0.004887287,-0.13137884,0.037690517,-0.04695006,0.041765496,0.0684025,-0.046309512,1.3742747e-32,-0.06320181,0.05403928,-0.030241502,-0.059603408,-0.014875167,0.062407903,0.004803664,-0.0109888045,0.11077418,-0.097670995,-0.060961545,0.043130606,0.022852335,-0.007994424,-0.008414503,0.055313595,0.0119808335,-0.061482217,-0.005069091,0.033021808,0.03824439,-0.050263178,-0.01492097,0.033452947,-0.0015856584,-0.0015472211,-0.09840076,-0.043599382,-0.013631476,-0.023263736,0.070680074,-0.13725388,-0.019396462,0.008752299,0.007003667,-0.03676555,-0.0331774,-0.007438326,-0.010148161,-0.12601243,-0.07488978,0.0005546223,-0.04163633,0.03874961,0.06332511,0.0013075103,-0.13334389,0.01295256,0.10622497,-0.03946641,0.041275896,0.0054509398,-0.037768275,-0.05099612,-0.06456891,0.017792882,-0.011080969,0.044519648,0.03366024,0.050663605,-0.0043986887,0.030623581,0.0017121712,-0.02966329,0.02680773,0.027992986,-0.061209895,-0.003382523,-0.08114697,-0.034532093,-0.07523229,-0.054807793,0.0031813069,0.042097725,-0.05890046,0.03782664,0.063169815,0.09359763,0.020633299,-0.04238205,0.024478996,0.00631351,0.022689274,-0.0031016069,-0.051221654,-0.004801222,0.029468684,0.0055178865,0.05334229,0.06759653,0.08946501,-0.054466933,-0.055119433,0.02444646,0.0031822214,-1.4718332e-32,0.049466833,0.053839102,-0.022474008,-0.022072578,0.018512508,0.09339351,0.039138034,0.05717597,-0.0028556339,-0.02853029,0.08805097,0.006920613,-0.0073597115,0.0103895385,-0.0024930805,0.01884136,-0.057387464,0.06702935,0.017279686,-0.020738516,0.05450282,0.044362307,0.027550554,0.009090842,0.01291901,0.046439294,-0.006939347,0.0033181931,-0.023139304,0.003960503,-0.042833243,0.08184122,-0.0152794905,-0.08605618,0.010950073,-0.004331104,-0.01764277,-0.045253802,-0.030020218,-0.0028681674,0.04960559,-0.002718334,-0.030585656,-0.00730812,-0.013545156,0.06666727,-0.010506103,-0.045790266,0.0065146736,-0.006721065,-0.010042202,0.046541773,-0.0036366878,-0.016170949,0.017054288,0.06069871,-0.010937462,-0.065788366,-0.031418554,-0.0105937915,0.048867784,-0.02448136,0.008999034,-0.061943118,0.029246828,-0.038687173,0.035858404,-0.013003239,0.10131251,-0.006089446,-0.037245017,0.06319816,0.011576343,-0.086178355,-0.041370925,0.023318887,-0.060337003,-0.100978814,0.0014251468,-0.04298243,-0.019624513,0.04155792,-0.02372358,0.05575151,-0.02580828,-0.04620656,0.012394014,-0.010206754,0.005144073,-0.09885414,0.034104954,-0.021035781,0.0074454513,0.074233435,0.085007995,-6.419132e-08,0.098206155,-0.009509363,0.007300584,0.019001707,0.045464266,-0.14359328,-0.043907724,-0.028541477,-0.02480633,0.04133916,0.019348348,0.09394354,0.030119047,-0.06384277,-0.055912808,0.027275456,-0.082696974,-0.0080663515,-0.006159975,0.01851698,0.037542768,-0.08814021,-0.061048385,-0.006829556,0.06606985,-0.036248744,0.012903651,-0.027215658,-0.044193503,-0.063417375,-0.0083411615,0.0051096305,0.03194461,-1.417807e-05,-0.06797939,-0.029773952,0.009583042,0.020076158,-0.07082246,0.037399523,0.04556692,-0.05335279,0.0107702,0.056536287,-0.05391594,0.021497536,-0.010627209,0.043961834,0.04696547,-0.040947206,-0.01974253,0.009893156,-0.01799407,0.0073516886,-0.08362358,0.043424685,0.014037144,0.00035565838,-0.001675267,0.015111346,-0.051328406,-0.023974158,0.12828675,0.008587409]","der Therapie und Kenntnis des Resistogramms soll auf

eine gezielte orale Behandlung umgestellt werden.

Bei Pyelonephritis jenseits des Säuglingsalters kann

die antibakterielle Behandlung mit einem Oralcephalo -

sporin der Gruppe 3, alternativ mit Amoxicillin + Beta -

laktamaseinhibitor ambulant erfolgen, sofern eine gute

Compliance zu erwarten und die ärztliche Überwachung

der Therapie gewährleistet ist.

Unkomplizierte Zystitis (Erwachsene)

Die am häufigsten vorkommende HWI ist die unkompli -

zierte Zystitis. Sie tritt besonders bei jüngeren Frauen im

geschlechtsaktiven Alter als Folge einer Infektion durch

E. coli , seltener durch Klebsiella, Proteus spp. oder Sta -

phylococcus saprophyticus auf. Eine rasche Beseitigung

der Symptome ist Ziel einer kurzfristigen oralen Antibio -

tikatherapie:

Bei unkomplizierter Zystitis bei Frauen in der Prämeno -

pause können Fosfomycin-Trometamol, Nitroxolin oder

Pivmecillinam eingesetzt werden.","{""source"":""/home/sigillus/Schreibtisch/educx/Projekt_KI/markdowns/Antibiotika_Harnwege.md""}",c2b1fbe0-b6f8-4a9d-9b17-ce26c68490d1,14788a16-882d-4cd0-b969-371aa3c0695a
f39acabc-6b7e-4952-898d-9988b3067daa,"[-0.05377407,-0.03437492,-0.034905896,-0.07456575,0.0028154473,0.05367199,-0.02015723,0.12589538,0.016380861,-0.042808045,0.012263814,0.02018571,0.037386972,0.050712254,-0.05571945,-0.062554,-0.013583047,0.0214874,-0.018844293,0.022401055,0.01807908,-0.02845352,0.047103815,0.0076049124,-0.07081652,0.0032627587,-0.06501987,-0.0011814651,-0.011509637,-0.031476427,0.08388748,0.06794672,-0.0046158093,-0.087998144,0.10038624,-0.033468127,-0.08683562,-0.05466648,0.017046783,0.06004264,-0.090948395,-0.046374433,-0.068496384,-0.0023941274,-0.0048100995,0.022580838,0.053970225,0.014387483,-0.043898918,0.04099485,-0.019572841,-0.0362517,0.024659073,-0.02620171,0.06309471,-0.05381591,-0.11476321,-0.037208192,0.001753701,0.042586237,-0.014196417,-0.030689696,-0.013088936,0.00014017835,-0.06953564,0.082882546,0.04866985,-0.10149151,0.09095714,0.030008813,-0.019544616,0.049038988,-0.0016423921,0.060277637,0.011373962,0.06996109,0.045932677,0.006733127,-0.038917013,-0.16423081,0.08272396,-0.047181223,0.08383324,0.02066242,0.07818794,-0.042628944,0.011501258,0.040641807,0.088148914,0.0529107,0.040345836,0.06065446,-0.069243155,-0.027378568,0.027339337,-0.035720907,-0.07115823,-0.00083926984,0.012564176,-0.03830467,0.05941649,-0.09499193,-0.06497872,0.0035799379,0.0047493097,0.033718776,0.054390654,-0.0617397,-0.026758688,0.07559538,-0.034530137,-0.008077357,0.006808465,-0.04488676,-0.061101142,0.031281166,0.07897585,-0.049843106,-0.030321112,-0.013993279,-0.022333864,0.015215703,0.0342477,-0.059277482,-0.017741047,0.10575329,0.103940375,1.2794546e-32,-0.060711395,-0.010541343,-0.037219997,-0.040364113,0.05806307,-6.343e-05,-0.012699464,0.01328985,0.10496838,-0.10952796,-0.10358211,-0.013707565,-0.10694997,-0.046031196,0.034875218,-0.0712582,0.042266227,-0.015916027,0.0039922064,-0.0058640707,0.058686756,-0.046377968,-0.001522254,0.025052143,0.01786404,0.047632016,-0.039930306,-0.005188941,0.03908853,0.010386179,0.025256101,-0.11272597,-0.018094752,-0.016538087,0.016716404,-0.048258327,-0.018759001,0.017520128,0.020980112,-0.008513641,-0.038306136,0.07162892,0.0007996787,-0.045617234,0.05225017,-0.0040087486,-0.13118592,0.07752783,0.070422724,-0.005270144,0.018183231,-0.0051774574,-0.017267598,-0.09250234,-0.04407444,0.068594635,-0.007850427,0.031144029,0.0041628224,-0.02439394,-0.059768528,0.098736025,0.06283591,-0.08696605,0.041892383,0.054005172,-0.028033223,-0.044909038,-0.0143669695,0.065056,-0.03684203,0.031752113,0.06289305,-0.0017518315,0.08565019,-0.0044263867,0.023140283,-0.0381376,0.012707037,-0.0077667446,0.046799142,-0.013063934,-0.03907511,0.010764192,-0.052594583,-0.026506186,-0.01700523,0.038735706,0.04334995,0.04422482,0.014216151,-0.097543165,-0.0033270698,-0.017714616,0.01114065,-1.3243275e-32,0.024913872,0.04217186,0.07658991,0.09911198,0.015872579,0.09756782,-0.038470514,0.0025147996,0.003969122,-0.036295693,0.022775905,-0.021887453,0.014996375,0.009052137,-0.061367698,0.006609505,-0.08576521,0.05387238,-0.0050791656,-0.006611561,-0.06677385,-0.015098706,-0.06095397,0.0958394,0.045119673,0.04916257,0.019717041,0.012348145,0.022196446,0.019400954,-0.017689155,-0.015115535,-0.03113481,-0.032778338,0.0060003954,0.0661189,0.06641061,-0.005880559,-0.054932572,0.00192003,0.009338947,0.012484425,0.028139574,-0.057984274,-0.022987949,0.02861666,-0.02290168,-0.07808679,0.0048515056,-0.0065652644,0.057255343,0.05600423,-0.08223276,0.035696104,0.030196989,0.034635223,0.038739093,-0.03313224,-0.1156283,-0.010546125,-0.05365553,-0.027706074,-0.02405469,-0.062427796,0.066145174,-0.007506343,-0.03036836,0.031819843,0.105789274,-0.057038005,0.0004535322,0.018064225,0.090834506,0.014369518,0.00772806,0.05752089,0.0480502,-0.109994896,-0.014206783,-0.031718273,-0.06591441,0.02694729,-0.0683776,-0.0023368066,-0.056638796,-0.009095081,0.03412302,-0.0121622225,0.07806184,-0.05055419,0.062428396,0.05727133,0.012078317,0.0066109966,-0.017624525,-5.6656916e-08,0.07956896,0.01993704,0.0019001911,0.03132348,0.034399536,-0.055022266,0.009683018,-0.045703843,0.00051310303,-0.0012867856,0.07985274,0.13890128,-0.040890537,-0.028174002,-0.07576486,-0.004184553,-0.08704705,0.032993425,-0.020803936,-0.0052276026,-0.023748292,0.0021312695,-0.11012457,-0.071811475,0.04463596,-0.05286276,-0.003970397,-0.032671668,0.022910673,-0.022096321,0.03126026,-0.020069864,-0.0058732606,-0.06612734,-0.07753416,-0.040572956,-0.049266215,0.06652897,-0.034899853,0.050692473,0.047394395,-0.038385257,-0.07163849,0.0021840844,-0.07718847,-0.035686065,-0.04624433,-0.013087437,-0.044927076,0.09387441,-0.10305867,0.039452948,0.033468015,-0.0011888891,-0.06909403,0.025908051,-0.016816238,-0.06810863,0.013214546,-0.12935185,-0.08677253,0.009927824,0.068675436,0.059431456]","pause können Fosfomycin-Trometamol, Nitroxolin oder

Pivmecillinam eingesetzt werden.

Bei der Verordnung dieser Wirkstoffe ist folgendes zu

beachten:

Für Fosfomycin besteht eine absolute Kontraindikation

bei schwerer Niereninsuffizienz (GFR < 20 ml/min).

Nitroxolin darf nicht bei schweren Leber- und Nie -

renfunktionsstörungen eingenommen werden. Die

Bestandteile des Fertigarzneimittels Sojaöl und Pon -

ceau 4R (E124) können schwere allergische Reakti -

onen hervorrufen. Die Erfahrung mit der Substanz

ist gering. Valide Daten aus randomisierten Studien

liegen nicht vor.

Pivmecillinam sollte wegen der Gefahr eines Car -

nitinmangels nur mit Vorsicht langfristig oder für

häufig wiederholte Behandlung verwendet werden.

Niereninsuffizienz stellt keine Kontraindikation dar;

eine Anpassung der Dosis ist nicht notwendig.

Trotz der Empfehlungen in der aktuellen S3-Leitlinie zu

unkomplizierten HWI (4) kann das kostengünstige Nit -","{""source"":""/home/sigillus/Schreibtisch/educx/Projekt_KI/markdowns/Antibiotika_Harnwege.md""}",3c339e45-8315-4acf-9176-f0a00ce91dd0,1b36b233-71f0-4dcf-be6a-f3a27bf8724b
f39acabc-6b7e-4952-898d-9988b3067daa,"[-0.04876537,-0.06528445,-0.054723326,0.005587824,0.00855193,0.016731668,-0.00840845,0.15537375,-0.016368525,-0.038637,0.023201132,0.06790666,0.03343236,0.034677647,-0.06720595,0.039607752,-0.05628841,0.051421124,-0.071748756,0.05844926,0.05336398,-0.012913295,0.00027439403,-0.035652522,-0.04422211,0.049616843,-0.011256452,0.00055069744,0.029092398,0.007233614,0.057441384,0.041058816,-0.034926053,-0.056012925,0.07816665,-0.033531457,-0.045144357,0.0058220937,-0.051985398,0.018134693,0.014937119,-0.0004032057,-0.07253628,0.028256698,0.03832418,0.043687887,-0.025981186,0.00039167475,-0.042487837,-0.011289274,-0.0457252,-0.0646132,-0.011041336,0.079111084,-0.021739053,-0.08912011,-0.10989036,-0.023993023,0.0020002474,0.042156562,-0.0014273123,0.007540215,0.043853056,-0.042089313,0.029112937,0.09315111,0.005138918,-0.037033916,0.022757174,0.06828502,0.06473016,-0.040706754,0.08220519,-0.015144961,-0.009545582,0.023479274,0.018745096,0.042786725,-0.09785472,-0.10069925,0.11952625,0.0676243,0.0419033,-0.0008444466,0.012640731,-0.015426328,0.008224641,0.09152147,0.0241061,0.039064918,-0.017411144,0.04906795,-0.06903821,-0.12316568,0.009949846,-0.049732067,-0.063979946,0.0049641496,0.019299058,-0.04413357,0.037169054,-0.08143712,-0.010542779,-0.018416472,-0.059552684,0.011427756,-0.006746934,-0.096202135,0.082383394,0.106032126,-0.116606615,-0.0035131557,-0.0547396,0.0173694,0.0058116904,0.028618807,0.007400942,-0.021851324,0.03902727,0.06766306,-0.008780255,-0.11743152,0.039385784,-0.053270783,0.031006934,0.087496996,-0.026724897,1.2647402e-32,0.027431065,-0.04424691,-0.04370858,-0.04193905,0.02511837,-0.017833281,-0.03370374,-0.047517866,0.02732161,-0.02397836,-0.11332743,0.041863535,-0.06792913,-0.058573928,-0.020497384,-0.00644558,-0.00573452,-0.024768373,0.004616754,-0.007536937,0.05928681,0.073607735,-0.058505196,0.009895837,-0.045516588,0.09553802,-0.01852578,-0.012248331,0.062973164,-0.026094131,0.04582664,-0.05889418,-0.040064055,-0.033505343,0.006865139,9.8860655e-05,-0.021118881,0.034776673,0.008037061,0.022608873,-0.07353038,0.025419457,0.013419054,-0.041992012,0.09347658,-0.015652804,-0.047085054,-0.010015382,0.112484425,-0.0341005,-0.018619273,-0.005446644,0.02417379,-0.10526614,-0.012712249,-0.014678695,-0.05163535,0.02750625,-0.03453814,-0.056242105,-0.0058951797,-0.10062371,0.039403412,-0.1219964,0.09151913,0.047928944,-0.043699246,-0.023466535,0.008248226,-0.02935815,-0.072394036,-0.047588073,0.066894606,0.027954005,0.066852264,-0.008036584,-0.020090844,0.045810416,-0.06569151,0.0305326,0.012854128,-0.042562753,-0.022362713,0.021075446,-0.025010398,-0.0388529,-0.037191264,0.03152766,-0.011271587,-0.015904134,0.08366092,-0.016604409,-0.022784725,-0.009229345,7.173863e-05,-1.3065174e-32,0.027645485,0.020367285,-0.0044217487,0.061790317,-0.0035857565,0.11376014,-0.04063723,0.048659537,-0.034176316,-0.044314396,0.06256966,-0.06516347,0.023942562,0.041421436,-0.025565263,0.07811845,-0.09895809,0.059851356,-0.0023691787,-0.03090795,-0.057724323,0.0034102914,-0.07062489,0.061777543,0.04024643,0.10094156,0.019227747,0.031109279,-0.009418865,0.035934165,-0.020530613,0.049632754,-0.09478613,-0.02678173,0.034250017,0.0217078,-0.048398077,-0.0426122,-0.11298968,-0.030820278,0.055910997,0.08802282,0.07297861,-0.04721573,-0.010062331,-0.051506978,-0.03991236,-0.08445331,-0.005569027,-0.0024009573,0.08137224,0.06507621,-0.09231616,-0.0021848464,0.03191651,0.08929417,0.09183073,0.011170344,-0.09646292,0.03241605,-0.046705145,-0.015552117,-0.025930999,-0.06630241,0.0006795575,0.08186383,-0.007793616,-0.0051363073,0.09167377,0.0012558684,-0.07047609,0.024703545,0.101510905,0.032994643,-0.0077662417,0.06133843,0.026129046,-0.10011311,-0.08403006,-0.020661341,-0.07368817,0.023659434,-0.08750296,-0.024644203,-0.083843865,0.016022267,0.02976248,-0.0015792891,0.010501499,-0.09486187,0.08977903,0.04639826,-0.08232055,0.07850175,-0.014975792,-6.1969224e-08,0.05123243,-0.053804245,0.0022742979,-0.009472962,0.03288954,-0.068747364,0.07335743,0.05513975,-0.05116925,0.07356484,0.073257595,0.015849162,-0.029005425,-0.0005877628,-0.014720026,0.011344991,0.05599445,0.05168649,-0.01670986,-0.029135268,0.01439751,-0.06259145,-0.08248401,-0.015594521,0.011570823,-0.049882203,0.022200016,0.022125112,0.035520732,-0.014916817,-0.035885066,0.03288556,0.012296611,-0.026222415,-0.07119261,-0.0002274967,0.020672677,0.025666934,-0.107446074,0.024064237,0.0718616,0.05288827,-0.058246914,0.00769071,0.018211117,-0.06415422,0.029249439,0.02071794,0.0388256,0.013882535,-0.06866779,0.01663919,-0.0051899315,-0.029759483,-0.06656925,0.042691037,-0.027998718,0.00080647785,-0.009142767,-0.014002932,-0.10235809,-0.039110653,0.049871117,0.04318022]","unkomplizierten HWI (4) kann das kostengünstige Nit -

rofurantoin aufgrund der bestehenden Risiken (s. Fach -

information (7)) bei Frauen nur ein Mittel der Reserve

sein. Die Anwendungsdauer umfasst 5 Tage. Vor der

Verordnung von Nitrofurantoin sollten die Nieren- und

die Leberfunktion überprüft werden, da bei Störungen

dieser Funktionen mit erheblichen Nebenwirkungen zu

rechnen ist. Unter der Therapie mit Nitrofurantoin sind

Kontrollen von Blutbild, Leber- und Nierenwerten er -

forderlich. Nitrofurantoin kann interstitielle Pneumoni -

tiden und Lungenfibrosen (zum Teil tödlich, meist unter

Langzeitanwendung, aber auch bei kürzerer oder inter -

mittierender Anwendung) sowie Neuropathien verursa -

chen. Es ist bei Niereninsuffizienz kontraindiziert.

Fluorchinolone sind zwar bei ansonsten gesunden Frau -

en als Drei-Tage-Therapie zur Behandlung der unkom -

plizierten Zystitis gut wirksam, aber nicht Antibiotika

der ersten Wahl. Sie müssen für andere Indikationen zur","{""source"":""/home/sigillus/Schreibtisch/educx/Projekt_KI/markdowns/Antibiotika_Harnwege.md""}",7863a698-9e87-4eea-805e-b87d2ee72cb4,082c5169-860c-40e7-96ba-78dd40d9c9f1
f39acabc-6b7e-4952-898d-9988b3067daa,"[-0.037166253,0.017171318,-0.09865163,0.011590871,0.015150513,-0.029392993,-0.049583122,0.154068,-0.0045654248,0.0038055498,0.07217643,-0.02476219,0.03967672,0.12840739,-0.044421777,-0.07386985,0.00014320166,0.04631687,-0.07103338,0.0499721,-0.01142838,-0.005382069,0.061315574,-0.006345057,-0.094092235,-0.029455092,-0.052088466,0.04877714,-0.046422902,0.010806876,0.026540086,0.04690307,-0.030057406,-0.06751883,0.058991015,-0.043053333,-0.016210426,-0.082459785,0.023154523,0.05687611,-0.08450905,0.03302483,-0.09372654,-0.0053378176,0.011992882,-0.03022093,0.011006399,-0.039140664,-0.01114414,0.03174599,-0.03341828,-0.0030277348,0.03981639,-0.01593976,0.0327897,-0.09094253,-0.0945117,-0.081072755,-0.0557739,0.034872863,-0.066291645,-0.053380955,0.057498436,-0.005852924,-0.04978285,0.03731177,0.0007232771,-0.081381306,0.035103135,-0.03723489,-0.008724959,-0.060990624,0.030681867,0.02022271,-0.0012112869,0.0866944,0.032687876,0.004692078,-0.033785403,-0.096326575,0.0798067,0.02790247,0.048094053,0.09834736,0.026910786,0.003412072,-0.014729713,0.08577469,0.02174964,0.049020875,0.034838084,0.09914104,-0.061180875,-0.037775695,0.023782983,-0.058037397,-0.016465351,0.0334764,-0.04109727,-0.0536343,-0.0018386223,-0.11659808,-0.043170404,-0.053908482,0.0067100716,-0.018822735,0.04908605,-0.016097039,-0.008667162,0.06463117,-0.08414903,0.02323915,0.0052626557,-0.047790796,-0.009717011,0.023237305,0.08313165,-0.08308264,0.017105978,0.003613213,0.02634849,-0.14442953,0.0265037,0.0032045024,0.06278674,0.11022957,0.0544691,1.3757661e-32,-0.017283393,0.019469839,-0.03507631,-0.025859552,-0.012112488,0.0289243,0.055562254,0.032765415,0.053163763,-0.05577252,-0.10305738,0.014711327,-0.030699944,-0.029886836,-0.0019343068,-0.027505433,0.024029175,-0.08344322,-0.058055304,-0.0036217244,0.018436344,0.030262742,-0.016142504,0.037035488,0.033688117,0.0020109054,-0.13149896,-0.048579603,-0.014805815,-0.036607962,0.15088265,-0.08901322,-0.054723486,-0.028524872,0.024577897,-0.015202653,-0.012547473,0.044814453,-0.054332342,-0.0450191,-0.08014389,0.044678036,0.01417074,-0.0023524226,0.08332145,-0.07180576,-0.17035379,0.10106218,0.040382206,0.0059140176,0.09095907,0.035894297,-0.02438051,0.028380735,-0.052802715,0.020392343,-0.07771853,-0.033317033,0.020780247,0.054473884,-0.028154267,0.04453423,-0.029335521,-0.0307976,0.016248403,-0.0031808333,-0.00989802,-0.044452354,-0.050126776,0.06878015,-0.011708862,-0.05036215,-0.012136584,0.046704188,-0.013870447,0.01329405,0.022839397,0.070735656,0.07041322,-0.061646093,0.029494299,-0.021240868,-0.0016963385,0.017106785,-0.06727236,-0.027073197,0.032014962,0.01909345,0.018052932,0.012663385,0.11046246,-0.042751513,-0.022555498,-0.07283089,0.037988074,-1.4696282e-32,0.032072928,0.03821378,0.015128198,-0.030038925,0.008242026,0.052073658,-0.05105558,-0.041550566,0.037277337,-0.10331103,0.024578193,0.007908815,0.03729095,-0.0063743615,-0.009276129,0.036921006,-0.10336255,0.03069959,0.019537957,-0.008881682,-0.011784188,-0.0022009276,-0.013628832,-0.0023832594,0.02217948,0.05871833,-0.0036566947,0.00061863806,0.045366958,0.012847462,-0.0027083256,0.11332739,-0.015026069,-0.049157184,0.06460131,-0.020630788,0.023322962,-0.0072052213,-0.024375413,-0.069338806,-0.07093475,0.028057488,-0.03609003,0.025163254,-0.023609828,0.10220137,-0.054963853,-0.14914322,0.02138192,0.0009003493,0.017994875,0.058260236,-0.019011699,0.007963392,0.03027105,0.07025878,0.02746614,-0.112155765,-0.036238294,0.005270576,0.038039953,-0.0022697381,-0.051990185,-0.067947015,0.027312003,0.030422827,0.029597335,0.006273652,0.04821459,-0.026371159,-0.03150548,0.07710049,0.08522348,-0.057866834,-0.08577151,-0.02386905,-0.037691414,-0.028519563,-0.01391045,0.052199185,-0.031591885,0.04660464,-0.042580936,-0.01422417,-0.04640776,-0.04688553,0.009226285,0.035111792,-0.022866724,-0.03544694,0.048492584,-0.011503061,0.028922748,0.0061737956,0.04465833,-6.151376e-08,0.009979952,-0.01691639,0.016790632,0.01667716,0.025603456,0.016108125,-0.00076769094,0.02022173,-0.013312049,0.022594808,0.10172034,0.17903197,-0.043640524,-0.071355514,-0.07529018,-0.011326852,-0.031894278,-0.010866818,0.0039452035,0.04242397,0.0003524163,0.010314773,-0.12978682,-0.04836064,0.024125058,-0.043501206,0.029050957,-0.01814594,0.001500265,-0.04732102,-0.046594,-0.059757855,0.09766194,-0.027371177,-0.09565492,-0.024660222,0.05344719,0.0029253128,-0.05675908,-0.034740314,0.021500671,-0.042477876,-0.019377703,-0.026912164,0.028065218,-0.07540855,0.017956227,0.008472839,0.018447462,-0.0043206937,-0.023253458,0.03842181,0.00019672459,0.03673731,-0.074914165,0.040850025,-0.0024275267,0.015529418,0.042575046,-0.01663973,-0.07240396,-0.014163529,0.10405749,0.08487128]","der ersten Wahl. Sie müssen für andere Indikationen zur

Verfügung stehen. Für die Behandlung der unkompli -

zierten Zystitis sind andere teils ausschließlich in dieser

Indikation eingesetzte Antibiotika vorhanden. Zur The -

rapie der Zystitis bei fehlenden Alternativen zu Fluorchi -

nolonen sollte primär aufgrund günstiger Resistenzraten

und geringerer systemischer Wirksamkeit und weniger

Einfluss auf die Begleitflora der Haut Norfloxacin an -

gewandt werden. Vorteile hinsichtlich unerwünschter

Arzneimittelwirkungen von Norfloxacin gegenüber den

anderen Fluorchinolonen sind jedoch nicht gesichert.

Aufgrund verbreitet hoher Resistenzraten (in vielen Re -

gionen > 20 % für E. coli ) können Cotrimoxazol und

Trimethoprim nicht mehr als ein Mittel der Wahl für die

empirische Therapie unkomplizierter HWI empfohlen

werden. Liegen die Resistenzraten regional unter 20 %,

ist der Einsatz von Trimethoprim bei der unkomplizier -","{""source"":""/home/sigillus/Schreibtisch/educx/Projekt_KI/markdowns/Antibiotika_Harnwege.md""}",7394d0fa-f4fe-455f-a6b8-113b13075663,13e7efb9-7ee4-44b4-a912-8719fa1bf892
f39acabc-6b7e-4952-898d-9988b3067daa,"[-0.08938113,-0.042049076,-0.04170959,-0.020741165,-0.0065808767,-0.015170498,-0.001980987,0.22775166,-0.007250274,-0.0074170604,0.03266618,-0.042449404,0.12808253,0.06922085,-0.032373194,-0.020944962,0.0188714,0.031884465,-0.022695852,0.061814822,0.057500597,-0.02719653,0.052768234,-0.033700537,-0.027067231,0.03170867,-0.029001692,0.016874596,-0.0004334924,0.03004217,0.039955743,-0.016087927,0.045802664,-0.081941254,0.051245756,-0.005894542,-0.04911062,-0.03177717,-0.0057259365,0.0318385,-0.01915212,0.029716916,-0.13658187,-0.0389747,0.012327032,-0.006829912,0.00048618473,-0.05050899,-0.07388181,0.07977055,-0.016501062,-0.071414016,-0.010160793,0.06025988,-0.016923863,-0.12798658,-0.0969745,0.00641777,-0.100003876,0.07121049,-0.06602414,-0.040650554,0.069193736,-0.03311368,-0.04377462,0.038946863,-0.016922802,-0.13495636,0.03233625,0.0013330465,-0.058828965,-0.062275387,0.06917651,0.030076586,-0.060963526,-0.0043174103,0.10794471,-0.04853499,-0.09529738,-0.082877345,0.07243412,0.023338271,0.013401926,0.07731011,0.06472336,0.0050184946,0.005029018,0.039547045,0.03303206,0.06700495,0.09809421,0.13409181,-0.092109814,-0.018968347,0.06455602,-0.07063859,-0.04831862,0.009997874,-0.010174423,-0.016980475,-0.032923788,-0.042092532,-0.04960314,-0.0618302,0.009766728,-0.04196882,0.054322574,-0.114424914,-0.12421792,0.02056597,-0.05342957,-0.036619708,-0.04968452,-0.002318178,-0.005995431,0.0075996798,0.0836192,-0.0348317,0.025802027,0.013121935,-0.0069261235,-0.086478144,0.018853873,-0.06279951,-0.019542567,0.04980567,0.09880353,1.3210968e-32,-0.07689788,0.03325964,-0.062429674,0.015698992,0.03761193,0.11539603,0.01009919,0.060830567,0.107050925,-0.11179726,-0.08139078,0.0015205585,-0.018495575,0.032233633,-0.0062536993,-0.032396026,0.03642598,-0.034527224,-0.0122175105,-0.0053309086,0.07296518,-0.036771983,-0.016473511,-0.00094965455,-0.004066637,0.046451233,-0.07212713,0.011722824,0.021334976,-0.016962135,0.012341536,-0.08269559,-0.015247742,-0.040179767,-0.010845973,0.078407206,0.0017012709,0.024407176,-0.0070230807,-0.023882687,-0.026225958,0.03124312,-0.025014313,0.01809685,0.07021824,0.019224524,-0.16354217,0.01795822,0.05693722,-0.06631618,0.0579689,-0.00822452,-0.023944052,-0.030192843,-0.10531175,-0.009409327,-0.06743843,-0.025656154,-0.020695785,-0.000574455,-0.049177065,0.013777054,-0.0043884865,-0.056307565,0.061331946,0.0019182175,-0.041328907,-0.010190365,-0.07588696,-0.01216156,-0.06815787,-0.018474009,0.010747021,0.06734315,0.024339857,0.018742064,0.009169189,0.104817376,0.037111808,-0.045212712,0.0252558,0.0036082868,-0.038758654,-0.046525683,0.009299231,-0.021866854,-0.010312836,0.084889635,0.025046192,-0.0034826244,0.084636815,-0.061563622,-0.017797695,0.04939165,-0.07308619,-1.4132028e-32,0.0519309,0.048958216,-0.009891981,0.02704205,0.017819736,0.12458914,-0.03282825,0.013286673,0.031468462,-0.028733263,0.042278465,-0.03247427,-0.0006362818,-0.03872087,-0.027358351,0.044829443,-0.11718202,0.10127386,-0.03797479,-0.02569529,0.033541515,0.031346727,-0.02688066,0.033103652,0.036287762,0.06340198,0.035265245,0.008494827,0.026419187,0.04605461,-0.021734674,-0.0016439583,-0.047352817,-0.061760046,-0.010248729,-0.0013351764,-0.018704075,-0.039292384,-0.037124287,0.010006676,0.008948395,-0.019717345,0.004682419,0.016934788,0.025410134,0.053560477,-0.052457403,-0.0789201,0.017277356,0.0019304388,0.0813184,0.019188926,-0.05252597,0.0055462895,0.0021164627,0.060496334,-0.018426621,-0.04184808,-0.050415896,-0.009707179,0.010864622,-0.019062795,0.00019643728,-0.055100396,0.008793117,0.004008986,0.060212377,0.023640325,0.073532395,-0.049653407,-0.014994405,0.024330255,0.036827743,-0.08564396,-0.048614737,0.04323984,-0.016887283,-0.06666239,0.010507422,-0.015009143,-0.021353558,0.016650962,-0.00011102599,0.018041875,-0.06567119,-0.013234848,0.012579235,-0.0084574465,-0.013804784,-0.089021705,-0.0095122475,0.010567985,0.030850727,0.079568766,0.09675054,-5.8237777e-08,0.108519524,-0.005593798,-0.013776987,0.03444476,0.0019752,-0.10160425,-0.010413927,-0.0031990425,0.00041287852,-0.0057498044,-0.0020893568,0.13047285,-0.026211847,0.021973927,-0.049661312,-0.006317238,-0.024842585,0.030614547,0.013668611,0.027636696,-0.030929286,-0.058099803,-0.033962753,-0.039445344,0.0660491,-0.018600777,0.028037043,0.014722768,-0.044630926,-0.0053478517,0.0056137815,-0.012245525,0.04097116,0.020309826,-0.073729336,-0.011243712,0.028150793,-0.030046493,-0.03523811,0.069969915,0.057972945,-0.080691434,0.01043338,0.019189352,0.0019103745,-0.029111702,0.02110179,0.028829155,-0.026957307,0.024962157,-0.035850096,0.03996641,-0.02140378,-0.031083474,-0.13259639,0.04075629,-0.031477883,-0.02024057,0.0073149237,-0.04024742,-0.03821295,-0.024081731,0.12876193,0.043579217]","ist der Einsatz von Trimethoprim bei der unkomplizier -

ten Zystitis vertretbar (Kurzzeittherapie: 3 Tage) (8).

Aminopenicilline + Betalaktamaseinhibitoren sind für

die empirische Kurzzeittherapie der unkomplizierten

Zystitis keine Mittel der ersten Wahl. Sie können we -

gen der niedrigen/hohen Empfindlichkeits-/Resistenzra -

ten nicht mehr für die empirische Therapie empfohlen

werden. Cephalosporine der zweiten (Cefuroximaxetil)

oder dritten Generation (Cefixim, Cefpodoximproxetil)

können als Alternative erwogen werden, wenn andere

Antibiotika nicht infrage kommen.

Für die empirische orale Therapie der akuten unkom -

plizierten Zystitis bei jüngeren Männern ohne sons -

tige relevante Begleiterkrankungen sollte Pivmecilli -

nam eingesetzt werden. Fosfomycin-Trometamol und

Nitrofurantoin besitzen jeweils keine Zulassung für

Männer (7;9). Nitroxolin wird nicht empfohlen. In der

S3-Leitlinie wird zwar eine Gabe von Nitrofurantoin","{""source"":""/home/sigillus/Schreibtisch/educx/Projekt_KI/markdowns/Antibiotika_Harnwege.md""}",7eec37ae-67c4-478e-b4ab-d4fb99ba2d39,083e076e-ac6f-4040-85ad-56a8e559c528
f39acabc-6b7e-4952-898d-9988b3067daa,"[-0.02063779,0.013176682,-0.030729381,-0.022214714,0.029810276,0.011718739,0.0119729,0.18888023,0.020449005,0.028165191,0.0029909248,-0.0444282,0.04250762,0.101693794,-0.1092789,0.02164743,-0.017627867,0.051366054,-0.034064982,0.051989354,-0.05372771,-0.02447984,0.014355512,-0.0025347262,-0.021804778,-0.049256895,0.0030663565,-0.052107155,-0.026795823,0.01388226,0.08547883,0.008238576,0.031771068,-0.0015708199,0.036638364,-0.040580653,-0.039449483,-0.025541771,0.09517299,0.049664848,-0.07117284,0.0077289245,-0.09387976,0.0072357785,0.038313992,0.00053278223,-0.008014452,0.005188962,-0.028736783,0.046853956,-0.037149854,-0.05197559,-0.00990069,0.11691117,0.0055936594,-0.056740265,-0.12075559,-0.09197908,-0.024605421,0.003405525,-0.0014179387,-0.07468287,0.1215193,-0.00041697707,-0.062257756,0.05603709,-0.040033672,-0.06838821,0.056375902,0.013382136,0.012700699,-0.010262306,0.06383515,0.0072510373,0.007005903,0.007996009,0.0039010283,0.06498306,-0.024947701,-0.08316476,0.074011736,-0.0028285019,0.122845374,0.03330069,0.0060506794,-0.041574042,-0.03614294,0.04340508,-0.029230306,0.03374246,0.06394732,0.083369724,-0.0760483,-0.026429165,-0.017124517,-0.077562965,-0.019862829,-0.0057274904,0.05036464,-0.012521545,-0.07468826,-0.062418774,-0.03021883,-0.03566283,-0.007849802,-0.09275561,0.02105993,-0.071324274,0.016574165,-0.02953753,0.010044681,-0.02183919,0.0072444933,-0.06514559,0.012438316,-0.012474803,0.111343734,-0.05461417,-0.027692849,0.034739222,0.005540291,-0.0908767,0.04396348,-0.08394543,0.014830401,0.032577667,0.028206976,1.5214679e-32,-0.026635526,-0.0038728355,-0.01338528,0.046339415,0.07448985,0.026441153,0.02165079,-0.07885483,0.024815418,-0.13753322,-0.017540207,-0.012901071,-0.045174543,0.051961128,0.029634897,0.006565763,0.031842973,-0.092478104,0.0021341008,-0.06976702,0.010223507,-0.01778652,-0.0026574207,0.003864525,0.02988696,0.06524024,-0.11709865,0.050428245,0.04934452,-0.0122534605,0.05005142,-0.0026997274,-0.058550406,0.037291035,-0.051644567,-0.014719619,-0.018334124,0.042237137,-0.012040176,-0.048644934,-0.054800518,0.04065458,-0.054226667,-0.0951249,0.12074557,0.014963241,-0.112752244,0.03666928,0.07409517,-0.0146799795,0.066232376,-0.053499468,0.005318798,-0.050638404,0.001575715,-0.037744302,-0.04092004,0.026394764,-0.019368924,0.025456034,0.016669549,-0.015304476,0.0014498268,0.011397749,0.068342686,-0.02986933,0.016913539,-0.0074344813,-0.06901512,0.028740812,-0.051758483,-0.014069334,-0.026116487,0.04999422,-0.0314501,-0.02983222,-0.019486634,-0.014654243,-0.058604773,0.03306119,0.020068655,-0.061318286,-0.017500546,0.013132302,-0.08392283,-0.018815514,-0.004928302,0.053550117,0.11148778,0.024739543,0.11207293,0.019398231,-0.046613187,0.03888731,-0.019144977,-1.6318734e-32,0.05882819,-0.016840026,-0.08997003,-0.0063631143,0.0030874477,0.14588037,-0.0066987565,0.06983065,0.0968827,-0.032476358,0.025500417,-0.008765873,-0.0622464,0.0019870102,-0.060367584,0.09280907,-0.039043356,0.10747734,-0.035044745,-0.0689074,-0.035409108,0.0085661085,-0.063166246,-0.026938196,0.044965852,0.116500184,0.0132343145,0.06578897,-0.046855878,-0.018334832,-0.050862834,0.044086613,-0.030272655,-0.00845339,0.010348031,-0.016297879,0.029776214,-0.03749291,0.039637577,-0.053130385,-0.009827724,0.01753851,-0.010414508,-0.02608134,0.049793564,0.028195068,-0.041205265,-0.08677923,0.0010105371,-0.08143788,0.024158252,-0.028670063,-0.026186658,-0.045058176,-0.06168697,-3.89221e-05,0.020921385,-0.092879415,-0.011676936,0.00652974,-0.004984574,-0.07692551,0.019920131,-0.01176496,-0.03873707,-0.01046062,0.0037117419,0.02686748,0.10460434,-0.046203632,0.06699273,-0.03347807,-0.051980693,-0.0044837645,-0.02556076,0.009400131,0.0066192136,0.048385844,-0.016553532,0.04274726,-0.07952838,-0.021943951,-0.03692476,-0.004238623,-0.028694306,-0.035008002,0.0375905,-0.012322738,0.014503035,-0.078320906,0.016805332,0.025818596,-0.016513614,-0.0055256854,0.038975853,-6.404065e-08,0.11726816,-0.14349112,-0.071056634,-0.019439643,0.036799997,-0.06618231,0.020817809,0.07033773,-0.006148859,0.05524484,-0.016849278,0.10923823,-0.0235316,0.004975648,-0.026892615,-0.038265582,-0.017827446,0.012130344,-0.010799876,-0.02188279,-0.05547048,-0.036494218,-0.025411291,-0.06560148,0.047804944,-0.0016915451,0.011361517,-0.067660004,-0.091195114,0.01856435,-0.046460517,0.061811693,0.018365214,0.01300997,-0.048761137,-0.00074206607,0.053315267,-0.05815738,-0.05091225,0.06872601,0.06174447,0.009994531,-0.074830964,-0.038922492,0.01261672,-0.058384486,0.025282789,0.033516537,0.006024459,-0.09057875,0.035826564,-0.0022047877,-0.020643607,0.0036046652,-0.16933024,0.103266746,0.020601531,0.03963297,0.027266875,-0.09569861,-0.0039697834,-0.01598973,0.059940718,0.016985672]","Nebenwirkung unter Fluorchinolonen erlitten haben, soll -

ten keine Fluorchinolone mehr erhalten (10) 6. Für ältere

Patienten wird aufgrund der vermehrten Komorbidität und

des höheren Anteils von Aspirationspneumonien und Pneu -

monien durch Klebsiellen oder E. coli Amoxicillin allein

primär nicht mehr empfohlen, Kinder können alternativ

auch ein Cephalosporin erhalten.

Die Antibiotikatherapie kann zwei bis drei Tage nach kli -

nischer Besserung und Fieberfreiheit beendet werden und

sollte insgesamt nicht länger als sieben Tage andauern.","{""source"":""/home/sigillus/Schreibtisch/educx/Projekt_KI/markdowns/Antibiotika_untere_Atemwege.md""}",f655789a-2634-4510-b03e-c601452c0c74,55e547ab-274c-44c2-a0e1-6b9a4388c915
f39acabc-6b7e-4952-898d-9988b3067daa,"[-0.069644205,-0.03379107,-0.029091407,-0.045394313,-0.07072929,-0.004854539,-0.0008098614,0.10440592,0.010272942,0.026162574,0.049017828,-0.0472979,0.04804836,0.07984239,-0.0047570756,-0.03352156,-0.054171827,0.049675412,-0.0157378,0.10296141,0.07766892,0.010656155,0.049316857,0.0013004572,-0.07754751,-0.008178424,-0.034371648,-0.00813142,-0.041494485,-0.021100672,-0.028979024,0.046591327,-0.008182437,-0.061607875,0.067362174,-0.048637897,-0.034578916,-0.011754617,0.036237914,0.08923937,-0.0010914744,0.0029778536,-0.08580306,-0.034475867,0.007458709,0.07106361,0.021070445,-0.009195834,-0.029444471,-0.009511345,-0.031146904,-0.13582075,-0.02447806,0.046198484,-0.02602233,-0.13412818,-0.1388362,-0.06696692,-0.022657368,0.01336746,-0.013487042,-0.029244049,0.08940086,-0.021121524,0.017568404,-0.024633136,0.026172189,-0.07855855,0.047290802,0.02519383,-0.016493643,-0.03469925,0.005957166,0.07100938,-0.05812601,0.057176936,0.07757948,0.04442868,-0.080919124,-0.09843837,0.13077505,0.052680466,0.0129373595,0.11901002,0.038861196,-0.034678474,-0.04621914,0.04948954,-0.025592098,0.08318526,0.0040148534,0.017424377,-0.1020946,-0.0728046,0.06769298,-0.05459195,-0.10011652,-0.020826874,0.0018543272,0.010654511,-0.0021014214,-0.05463377,0.02129791,-0.018737972,0.0016212906,-0.037984893,0.0022790208,-0.14364316,-0.025168793,0.045777217,-0.065844625,0.007888686,-0.040334463,-0.0606813,-0.013148275,0.049463842,0.08560781,-0.05666804,0.039529126,0.048377287,-0.045027282,-0.09441543,0.035406977,-0.018538352,-0.008029945,0.08968018,0.041576717,1.6861278e-32,-0.017766876,0.019532701,0.024559489,0.024984458,0.030332936,0.03062561,-0.013051232,-0.08905777,0.017521268,-0.13102368,-0.10355079,0.03633416,-0.015928663,-0.036635503,-0.037014265,0.014170113,-0.028306575,-0.011053766,-0.07880651,-0.07154989,0.06609223,0.047659393,-0.018399267,-0.035148095,-0.020853026,0.05272614,-0.04265961,-0.0008488756,0.010355965,0.00080246443,0.0622799,-0.10959771,-0.021395119,0.043709945,0.010636548,0.00827406,-0.017787864,-0.033640664,0.026215678,0.016061176,-0.07719915,0.0053369543,-0.02695593,-0.0035406959,0.06767989,0.007955445,-0.112187594,-0.009189511,0.066217996,0.03462019,0.052225925,-0.007701278,0.035135426,-0.07631199,-0.07181784,0.025096938,0.016204335,0.033562902,-0.05950306,-0.07754307,0.030977756,0.034996837,0.013508175,-0.083742686,0.08873853,0.086633176,-0.0978895,0.01578089,-0.006285145,-0.0015851365,-0.050473593,-0.059026834,0.064092964,0.05293519,0.07905352,0.030999321,-0.028723104,0.08227354,-0.009731823,0.036227852,-0.030836191,0.012187592,-0.0498865,0.037359163,-0.067915596,-0.04861011,0.027049905,0.04333242,0.015217041,0.030315587,0.10238531,0.012040945,0.0031866129,0.048949644,-0.05417569,-1.7770337e-32,0.040545423,0.010139887,0.00960402,0.0065054675,-0.022724241,0.08735738,-0.012996478,0.09969502,-0.07435803,-0.0629311,0.066667534,-0.024059111,0.0066596074,-0.044149216,0.02057061,0.048115123,-0.06975962,0.058417056,-0.025698317,-0.028445039,-0.0051510087,0.023659654,-0.023242012,0.07573061,-0.049347352,0.06843248,0.10899971,-0.0043455954,-0.023276616,-0.056513708,-0.00362518,0.005693236,-0.051821224,-0.05406494,0.0043160897,-0.011575782,-0.0061115334,-0.0049156058,-0.043423336,-0.023643693,0.022963334,0.03563404,0.011606246,-0.007946642,0.039639942,0.05492878,-0.05213619,-0.09767312,0.014945779,0.014358373,0.050520994,0.034074783,-0.038765825,-0.03428189,0.025150545,0.013200613,-0.01702128,-0.05164781,-0.07231437,0.05927041,-0.024861513,-0.05124189,0.011828465,-0.052514058,0.015349214,0.029751342,-0.0401638,0.009347285,0.117126726,-0.04153682,-0.021744616,0.033431005,0.015484562,-0.05566993,0.031137975,-0.013401021,-0.020408126,-0.041837677,-0.03054679,-0.0488334,-0.09290389,0.0033723323,-0.07275219,0.040236097,-0.027308734,-0.03432906,0.039965637,-0.004547327,-0.010089288,-0.10394909,0.06439724,0.043616213,-0.08526281,0.078598715,0.041648496,-7.785184e-08,0.15082242,-0.0007651704,0.010552641,0.049314857,0.0038031756,-0.03512557,-0.032313723,0.07541237,0.022405684,0.04890954,0.025573496,0.07073598,-0.0022848581,-0.034150198,0.0002285345,0.0143811945,-0.0053482256,0.0021543775,-0.02057046,-0.07103482,0.023532435,-0.06565064,-0.09343943,-0.048955537,0.04483095,0.018263517,-0.012011814,-0.01975712,-0.04910249,-0.07751594,0.011004084,0.00485427,-0.02085373,0.028759131,-0.13066585,-0.0059686857,-0.011196072,-0.015361987,-0.03949157,0.044615667,0.07417465,0.018760946,-0.006952209,0.013240651,-0.013381346,0.011800351,0.042219646,0.07189003,-0.002384619,-0.01304479,-0.044665717,0.0217444,-0.00066488585,0.0012501309,-0.1410976,0.019923078,-0.007290309,-0.00013897165,-0.017892744,-0.003949376,0.0015013418,-0.05140328,0.02732876,0.09272694]","S3-Leitlinie wird zwar eine Gabe von Nitrofurantoin

bei jüngeren Männern empfohlen (4), was jedoch einem

Off-Label-Use entspricht. Verordnungen außerhalb der

zugelassenen Indikation sind zu Lasten der GKV grund -

sätzlich nicht möglich.

Unkomplizierte Pyelonephritis (Erwachsene)

Häufigster Erreger ist E. coli , gefolgt von Proteus mira -

bilis und Klebsiella pneumoniae . Seltener werden andere Enterobakterien oder Staphylokokken im Urin nachgewie -

sen. Eine rechtzeitig eingeleitete wirksame Therapie kann

möglicherweise einen Nierenparenchymschaden vermei -

den. Die Dauer der Therapie orientiert sich am klinischen

Verlauf, meist sind 7–14 Tage ausreichend:

Nur milde und mittelschwere pyelonephritische Infekti -

onen sollten bei ansonsten gesunden Frauen in der Prä -

menopause mit oralen Antibiotika behandelt werden.

Bei schweren Infektionen mit systemischenBegleitsym -

ptomen wie Übelkeit, Erbrechen oder Kreislaufinstabi -","{""source"":""/home/sigillus/Schreibtisch/educx/Projekt_KI/markdowns/Antibiotika_Harnwege.md""}",96ec3bfb-083d-4d6e-9fec-2988ff137fa7,49417dbd-9258-4796-abb5-d17007cf71bb
f39acabc-6b7e-4952-898d-9988b3067daa,"[-0.08990724,-0.053818427,-0.02209426,-0.07010103,-0.018270839,0.008250363,-0.0058366046,0.16665438,0.026638465,0.039136257,0.03226872,-0.045003142,0.11412565,0.16969791,-0.04451145,-0.06364629,-0.030339792,-0.052080266,-0.028552491,0.066854514,0.03977357,-0.035488386,0.008041036,-0.021772912,-0.077192605,-0.023187496,-0.06173221,0.0034588238,-0.028926112,0.054240577,0.021938968,0.029722158,-0.035964824,-0.025011964,0.06336242,-0.07293369,-0.017891757,-0.0420874,0.08519779,0.07481443,-0.028707417,0.041857198,-0.13361128,-0.061830655,0.091637,0.028275667,0.046042174,-0.041330244,0.0040896875,0.07726267,-0.031696524,-0.05381759,0.05804415,0.073279016,0.015932007,-0.10081521,-0.08366398,-0.08886554,-0.06655401,0.043854084,-0.11148331,-0.07491444,0.09713466,-0.008391156,-0.00787172,0.055770796,-0.048699003,-0.084446505,0.02943347,-0.01001499,-0.052700125,-0.029335422,0.11287037,0.07875981,-0.001313224,0.0096347565,0.056350634,0.008459886,-0.11106004,-0.07895589,0.042747173,-0.0059049516,0.07143413,0.123596735,0.048648678,-0.04484303,0.031760763,0.024775084,0.006362974,0.10349662,0.06116033,0.06734086,-0.03712625,-0.004569235,0.064059414,-0.08992851,-0.06717031,-0.00952935,0.013169439,-0.044963025,-0.04571089,-0.07463621,0.00077790837,-0.06373292,0.019405376,-0.023091216,0.024219198,-0.053003453,0.019130133,0.038770337,-0.0434526,0.0025007443,-0.01767701,-0.034903444,-0.06627412,0.026225593,0.07286239,-0.07363262,0.038322337,-0.0049676266,0.022722485,-0.07820741,0.051419467,-0.011432531,-0.025000839,0.10562103,0.068575524,1.3166405e-32,-0.038673438,0.02349711,0.0136143705,0.007135813,0.027740143,0.059814807,0.04577709,-0.0013298456,0.03750011,-0.18863383,-0.07426473,0.016289476,-0.00910081,-0.0054046563,-0.033829655,0.015991326,0.009968436,-0.057017352,-0.028018335,-0.07078377,0.06362995,0.013533147,0.03200718,-0.04205693,0.03867013,0.052018195,-0.12883323,0.024679674,0.002447906,-0.027519234,0.023091154,-0.041498072,0.012447489,0.0014098436,0.028044512,-0.00027746925,-0.02177977,0.0023886668,-0.015853237,-0.008105041,-0.020330943,-0.032832272,-0.011588272,0.016851699,0.09031048,-0.028987931,-0.149126,0.00074751046,0.054320186,0.0076210448,0.078034155,-0.010875551,-0.04496614,-0.005588468,-0.07802771,-0.0017464355,-0.015327676,-0.07480409,-0.026970286,-0.017736493,-0.00011227121,0.0062116883,-0.0016439207,-0.028306765,0.037702747,-0.01650667,-0.030462109,-0.021892076,-0.08145768,0.03812117,-0.032966677,-0.032457292,0.048562735,0.09244877,0.04278001,0.041308355,-0.039515313,0.039356887,-0.041071583,-0.0094321575,-0.0079986295,-0.054957207,-0.028916618,0.027956702,-0.09337862,-0.0022246884,0.061583705,0.048016056,0.049600277,-0.006668931,0.059069037,-0.05186727,-0.019817201,0.016348122,-0.029466663,-1.3948384e-32,0.049325388,0.033786207,0.0055207596,-0.019417154,0.027450288,0.03848644,0.014447876,0.010695154,0.07674349,-0.0025517787,0.035704296,-0.030750029,-0.007613909,0.0039352616,-0.03146472,0.10512961,-0.06285075,0.06267982,-0.02080704,-0.040535074,0.0592898,-0.020607624,-0.0370687,0.050179694,0.058072194,0.089613795,0.06729907,0.04124554,0.037808336,-0.011437956,-0.035402164,0.056908794,-0.0051835277,-0.05475528,0.023005955,-0.008928012,-0.035379346,-0.058642406,0.024985168,-0.043515056,-0.010121272,-0.0057414225,-0.01194482,-0.015582016,0.020238645,0.07175957,-0.012593733,-0.11818789,0.04433119,0.017271627,-0.0013937765,0.026594553,-0.012437395,0.004205936,-0.002174732,0.037564576,0.017813547,-0.037478626,-0.04617266,-0.03534299,0.029099084,-0.015593842,0.01434646,-0.051906988,-0.015189299,-0.02542801,0.012837348,0.03669899,0.08664515,-0.039657105,-0.026343005,0.03920326,0.017903319,-0.07412548,-0.083769284,0.03430364,-0.020451535,0.002119651,0.04332135,-0.007128953,-0.048134524,0.008403934,-0.0020816287,-0.011156023,-0.050451383,-0.008481603,0.052818518,0.0017278916,0.0074030007,-0.09211295,0.012193282,0.020503651,0.03524781,-0.00607747,0.03980166,-6.1672665e-08,0.08624111,-0.051642314,-0.047622796,0.025155244,0.006404025,-0.069286756,0.0094773555,-0.016982622,-0.0019788758,0.021179212,0.020946473,0.10871077,-0.034620993,-0.05298683,-0.0928651,0.01655635,-0.07598528,-0.013175431,0.028241599,-0.002548676,-0.05261496,-0.0473742,-0.10338098,-0.04399003,0.031694755,-0.0070801107,0.028297735,0.0038932045,-0.062262822,-0.039330192,-0.05750375,-0.032267343,0.043615203,-0.021516925,-0.07256276,-0.0061512906,-0.0081084985,-0.010736641,-0.024197076,0.04887248,0.08136096,-0.03099769,-0.031717394,-0.011578907,0.06235544,-0.023378588,0.024960918,0.020077446,-0.0001360293,-0.042041186,0.013234379,0.036344953,-0.013700618,0.010563553,-0.13769144,0.0667626,-0.046338398,-0.0037710688,-0.0009327484,-0.030946447,-0.06488263,-0.053114202,0.12539485,0.07916375]","ptomen wie Übelkeit, Erbrechen oder Kreislaufinstabi -

lität sollte die Therapie initial mit parenteralen Antibio -

tika begonnen werden.

Eine ein- bis zweiwöchige Therapiedauer ist bei milder

oder mittelschwerer Pyelonephritis und klinisch un -

auffälligem Verlauf ausreichend. Mit Fluorchinolonen

kann die Therapie auf 7–10 Tage und bei höheren Dosen

sogar auf 5 Tage verkürzt werden.

Die Fluorchinolone Ciprofloxacin und Levofloxacin sind

Mittel der ersten Wahl bei der Pyelonephritis bei ansons -

ten gesunden Frauen, falls die lokale E. coli -Resistenzrate

nicht deutlich über 10 % liegt, Norfloxacin gilt im Unter -

schied zur Zystitis als nicht geeignet. Cephalosporine der

Gruppe 3 (Cefixim, Ceftibuten (zurzeit außer Handel),

Cefpodoximproxetil) können ebenfalls verordnet wer -

den.

Cotrimoxazol und Trimethoprim sollten nicht mehr

zur empirischen Therapie der Pyelonephritis eingesetzt

werden.

Für die empirische orale Therapie der milden und mit -","{""source"":""/home/sigillus/Schreibtisch/educx/Projekt_KI/markdowns/Antibiotika_Harnwege.md""}",b641b2c9-f712-464f-9484-27605f26fa30,87d69b8c-f775-4c07-a637-a49047f31b05
f39acabc-6b7e-4952-898d-9988b3067daa,"[-0.039455872,-0.044078343,0.026316274,-0.054289743,-0.13217546,-0.014376871,0.0185388,0.16459396,0.014439688,0.02622298,0.026462467,-0.03314173,0.036056593,0.11969914,-0.058548152,-0.02589841,0.041351873,0.024178175,-0.06595142,0.07733336,0.0326254,0.008519731,0.052903138,-0.066363886,-0.0361373,0.020574307,-0.042311225,-0.0031421855,0.03947477,-0.013628032,-0.01076907,0.025279146,0.03250931,-0.0537075,0.003461303,-0.034377903,-0.019476557,-0.014812965,0.09121173,0.043115973,-0.04723096,-0.006176058,-0.092043206,-0.050060816,0.06301712,-0.026095763,0.00026272543,-0.027504614,-0.014417299,0.01677825,-0.0788394,-0.052099496,-0.0027552457,0.04961688,-0.064315505,-0.116839916,-0.052270886,-0.048653625,-0.046661712,0.047105007,-0.067365974,-0.041177295,0.06821612,0.024987567,-0.032280218,-0.015407603,0.0032678014,-0.06366156,0.014313014,0.061379775,-0.08006286,-0.021032132,0.020577352,-0.0054427017,-0.02380851,-0.023022963,0.049754687,-0.06704642,-0.056631405,-0.021767097,0.08752696,-0.018456116,0.049348738,0.12956311,0.0024155169,-0.03670982,-0.010253575,0.007375225,-0.023336073,0.09711368,-0.04418166,0.02667357,-0.08960917,-0.041064385,0.053139366,-0.09122156,-0.113536775,-0.01848728,-0.035818454,0.031120785,-0.076580584,-0.02586509,-0.030398149,-0.037555806,-0.020383501,-0.09713625,0.025977224,-0.11146881,-0.0027485085,-0.002978193,-0.052622776,0.0722494,-0.059501328,-0.02100133,-0.020442564,-0.035782408,0.058243554,-0.09423635,0.03270273,-0.013624831,0.0072377874,-0.1275004,0.012656638,-0.006221127,0.0009352511,-0.025578046,0.10926798,1.1075884e-32,-0.018523294,-0.048642524,0.02027254,0.018270636,0.069396764,0.110862955,0.0065540583,-0.022251021,0.07099972,-0.080739625,-0.041277267,-0.003331519,-0.023608446,0.12003363,-0.024471024,0.01524895,-0.044475585,-0.03494587,-0.037107933,-0.0601281,0.08420117,-0.014881077,-0.0004922606,-0.013284647,-0.06369474,-0.021562336,-0.100075565,0.048834126,-0.0134201255,0.023378963,-0.009237581,-0.033615902,-0.006720414,0.021676771,0.017198522,0.026141182,0.0007938729,0.04102427,0.019187117,-0.085217774,-0.036980435,0.044301912,-0.05518033,-0.044344023,0.09234877,-0.025574582,-0.14631476,-0.034301776,0.03617433,0.011465937,0.06821665,-0.0028483847,0.010414581,-0.01302481,-0.081509374,-0.042663418,-0.03882491,-0.021676123,-0.09428587,0.047409363,0.019962827,0.045866765,-0.010174352,0.0055770804,-0.0096512595,0.05113197,-0.033242006,-0.025939085,-0.07794643,0.024636583,-0.07007729,-0.023920333,-0.050394632,0.010352671,0.011712532,-0.024030266,0.025045775,0.07773003,0.03807852,0.05671897,0.016463723,-0.07586203,-0.034022108,-0.015649388,-0.10518415,0.01724678,0.042746082,-0.020021783,0.1140883,0.06681172,0.07804392,-0.031268816,-0.03380449,0.07943196,-0.0012812818,-1.4679626e-32,0.0037592489,0.0044894367,-0.04850739,0.060024682,-0.043847803,0.11584792,0.00075108913,0.07861381,0.053198814,0.02442195,0.007440203,0.002222472,-0.009354201,-0.040606838,-0.009583975,0.05379114,0.021162707,0.0546647,-0.047816943,-0.048024338,0.036388736,0.039938774,0.02032714,0.0156120295,0.029713029,0.058726292,0.03248002,-0.025061246,-0.034431465,-0.04188773,-0.01545812,0.013811067,-0.04009158,-0.0431867,-0.025194524,-0.016848816,-0.0034495965,0.005019734,-0.03435341,-0.038970023,0.060263798,-0.0027843206,-0.019147964,0.02024666,0.009875912,0.09361948,-0.060488474,-0.11430199,-0.023392731,-0.04344288,0.06540531,0.049731374,0.012486755,-0.038317684,0.009445502,0.0288604,-0.008731133,-0.09434502,-0.03975864,0.041755203,0.004619988,-0.029883042,-0.04737137,-0.054206192,0.033007637,0.0037194395,0.040209424,0.041860323,0.13254444,-0.032307137,0.042347323,0.050275885,-0.011612521,-0.043102484,-0.0020390635,0.02621795,-0.059355203,-0.04267939,-0.017142918,-0.015734697,-0.04215494,0.026911924,-0.07827019,-0.016206903,-0.106876224,-0.03058996,0.03933238,-0.0058862674,-0.022448475,-0.043226544,-0.014390222,0.050116457,-0.032331232,-0.020569984,0.12187001,-6.5302345e-08,0.089288786,-0.092766784,-0.007180673,0.07799297,-0.038409885,-0.043075815,-0.019474495,0.09111907,0.04135142,0.050259452,0.042407103,0.1288964,0.06416643,0.029441787,-0.04160591,-0.02552675,0.020009069,-0.02760975,-0.012001322,-0.045854364,-0.013384994,-0.07329503,-0.0073027955,-0.06003875,-0.025172984,-0.024201278,0.00942591,0.04498778,-0.094939694,-0.051997274,-0.0056370357,0.005903525,-0.052868363,0.025800081,-0.10779681,0.03452165,0.020748796,-0.06883462,-0.058002982,0.04509569,0.019182146,-0.042034358,0.024577677,0.023513239,0.0033112755,0.03638,0.02113514,0.03962056,0.006901062,-0.0586345,0.021978658,0.07590823,-0.00097316806,0.028937941,-0.13545711,0.055499274,0.0120895235,-0.044757467,0.03628936,-0.035385493,0.011782752,0.023183355,0.019989591,0.018016571]","werden.

Für die empirische orale Therapie der milden und mit -

telschweren unkomplizierten Pyelonephritis bei ge -

sunden jüngeren Männern werden als Mittel der ersten

Wahl Fluorchinolone empfohlen, falls die lokale E. coli -

Resistenzrate noch unter 10 % liegt. Die Therapiedauer

liegt in der Regel bei 5–10 Tagen. Tabelle 1: Empfehlungen zum rationalen Einsatz von oralen Antibiotika bei Kindern und Jugendlichen mit unkomplizierten HWI (1;2;5)","{""source"":""/home/sigillus/Schreibtisch/educx/Projekt_KI/markdowns/Antibiotika_Harnwege.md""}",1f457ba3-3ce4-47cf-bc0f-60e20f8802e7,cbebd064-ec71-4585-8beb-00d71e956797
f39acabc-6b7e-4952-898d-9988b3067daa,"[-0.06796793,-0.04907384,-0.09483599,-0.05969297,0.00554809,-0.034412406,-0.027195306,0.1547148,0.013825505,0.0119443275,0.01786428,0.026890446,0.11449265,0.14535968,-0.07483087,-0.008926837,-0.0018623444,0.030440144,0.018873481,0.055521246,0.03537436,0.030706298,0.0327483,-0.0014597249,-0.04730623,-0.07260774,-0.018030297,0.030592477,-0.058218796,0.0062050633,0.024763957,-0.046231017,0.08813029,-0.06249955,0.049971096,-0.02144374,-0.07992849,-0.031695083,0.117646806,0.044346288,-0.044665653,0.028851032,-0.10738294,-0.017172726,-0.0195556,0.025285237,0.012101953,0.060147617,-0.011195753,0.08122088,-0.06810435,-0.034850065,0.0031538082,0.121941835,0.012272391,-0.04869622,-0.0774656,-0.040590078,-0.0530355,0.016077142,-0.022520937,-0.09384517,0.09981722,-0.014024439,-0.054170344,0.009332437,-0.01990663,-0.063934594,0.031026108,-0.009998684,-0.044206277,-0.025024423,0.072849035,0.12145,0.009699449,-0.0053761113,0.059429992,-0.009407716,-0.09674442,-0.069633074,0.039894305,-0.0010205292,0.06568806,0.11645297,0.08434426,-0.047787897,-0.0059172874,0.036110267,0.0013440516,0.066125974,0.14761655,0.10001623,-0.010057233,-0.0412705,0.049570084,-0.09791036,-0.029573195,-0.0008205105,-0.016657066,-0.008486083,-0.07804934,-0.087636665,-0.034626897,-0.07340279,0.05153604,-0.022164164,0.066105954,-0.06302395,-0.021459766,-0.011367539,-0.033851042,-0.05193794,-0.01454001,-0.04637502,-0.023960255,-0.0074561136,0.15216736,-0.019972771,0.016941866,-0.025401823,-0.007450027,-0.062842004,0.08601308,-0.045143694,0.006441275,0.109394155,0.00050557,1.5304531e-32,-0.12467325,0.048964236,0.0038431087,0.018311657,0.0491791,0.04228523,0.032852277,-0.025991676,0.069045894,-0.12056955,-0.076107986,-0.019926671,-0.02096845,-0.014518607,0.04161548,0.005059344,0.07048409,-0.014490317,-0.0356515,-0.013560927,0.06628754,0.017493935,-0.031949177,-0.035978694,0.04763273,0.025447378,-0.043016274,-0.0014008812,0.014843936,-0.024025097,0.015903588,-0.05236707,-0.07774404,-0.059419718,0.002929608,-0.033547577,-0.039889403,-0.005391645,-0.0025966477,-0.05100871,-0.060923416,-0.020448796,-0.05236128,0.01212765,0.077916995,0.0065425914,-0.14903541,0.009655212,0.08451825,0.012317024,0.065585285,-0.030997958,-0.0003881199,-0.089349866,-0.061830692,-0.024023052,-0.050449573,-0.0047616083,0.03470889,-0.005886398,0.0025275084,-0.044531833,0.01387318,-0.01135795,0.010634048,-0.053779196,-0.015740406,-0.043504555,-0.08145491,0.010307108,-0.08196244,0.0029074587,0.057351857,0.033059765,-0.038054183,0.0013609692,-0.0069642803,-0.0051367274,0.021190392,-0.0275361,-0.01920338,-0.006247072,-0.0066776583,-0.029091265,-0.043995813,-0.003904903,-0.026256587,0.051451758,0.05752601,0.035147723,0.008544532,-0.035677828,-0.10753674,0.08691706,-0.04762275,-1.5928865e-32,0.08135197,-0.01958683,0.01185172,-0.040086914,-0.025481466,0.10555636,-0.015734693,0.012629422,0.078408875,-0.054006584,0.019174453,0.0033074087,-0.0108126355,-0.038187392,-0.023359971,0.076837234,-0.043075833,0.02632309,-0.031456746,-0.03172487,0.033998124,0.037445217,0.01682492,-0.016289711,0.003890239,0.04655638,0.050791126,0.06665265,0.047796287,0.08806638,0.016527005,0.040871836,-0.044906177,-0.08892828,-0.05335127,0.008409232,-0.030027943,-0.0995598,0.017644012,0.00633467,-0.009887347,-0.040342737,-0.019283013,-0.011163664,0.0125327,0.058412105,-0.01578761,-0.024938563,0.054541368,-0.011866392,0.009553164,0.011261996,-0.00926663,0.040647868,0.006048332,0.0327702,-0.05068714,0.039379787,-0.046637405,-0.005104504,0.018275026,-0.007051091,0.025748508,-0.05677207,-0.0048768674,0.042077027,0.014125446,0.04765519,0.083179094,-0.039128255,-0.0030651856,0.030830538,-0.049945924,-0.023270257,-0.04098936,0.04728521,-0.03549642,-0.03746218,-0.030600468,0.051684454,-0.039078753,-0.008341486,-0.028824978,0.062158264,-0.06069116,-0.047445875,0.06169942,0.037139118,-0.04115293,-0.06822237,0.02290513,-0.02420924,0.037765596,0.051222302,0.0029479954,-6.441138e-08,0.11296714,-0.04830305,-0.01985856,-0.04088396,0.003803189,-0.11056461,-0.07257083,-0.030798227,0.03007078,-0.0163047,-0.045488566,0.12638402,-0.0513616,-0.014660867,-0.03135626,-0.03339898,-0.0779826,-0.041792423,0.018239848,0.009045437,-0.029274948,-0.045189146,-0.10639445,-0.037134193,0.064264774,-0.0034909167,0.023022769,-0.040722612,-0.058275282,-0.012047885,0.008365863,-0.00018708326,0.03878153,-0.0070056445,-0.012938912,0.034881447,-0.04629662,-0.043832626,0.05384827,0.049200438,0.066965275,-0.060537554,0.0012277106,0.004148329,-0.020066539,0.0092919,-0.0130410865,0.032577883,-0.004790915,-0.027345322,0.009080009,0.025428113,-0.03753363,0.008460323,-0.094362326,0.081097156,0.012400486,-0.04345768,0.023546388,-0.027229412,-0.0041724658,-0.08806472,0.14661281,0.025268493]","Krankheit Indikationen für eine Antibiotikatherapie Erreger Antibiotika unkomplizierte Zystitis Antibiotikatherapie indiziert: Zystitiden, die z. B. mit Dysurie, Algurie, Unterbauch- schmerzen und/oder neu auftretender Inkontinenz einhergehen Antibiotikatherapie nicht indiziert: asymptomatische Bakteriurie ohne Hinweise für funktionelle Blasenentleerungsstörungen, Harntrakt- fehlbildungen oder vorausgegangene Pyelonephritiden E. coli seltener: Proteus mirabilis Erstlinientherapie:  Cephalosporine Gruppe 2/3 Alternativen:  Aminopenicillin + Betalaktamaseinhibitor  Fosfomycin-Tromethamol (nur bei Mädchen > 12 Jahre zugelassen)  Trimethoprim 1 Dauer der Antibiotikaherapie 2: 3(–5) Tage Fosfomycin-Tromethamol (Einmaldosis) unkomplizierte Pyelonephritis Antibiotikatherapie immer indiziert E. coli selten: Klebsiella, Proteus Erstlinientherapie:  Cephalosporine Gruppe 3 Alternativen:  Aminopenicillin + Betalaktamaseinhibitor Dauer der Antibiotikatherapie 2: (7–)10 Tage 1Keine","{""source"":""/home/sigillus/Schreibtisch/educx/Projekt_KI/markdowns/Antibiotika_Harnwege.md""}",1c027402-414d-430f-ac91-9094279c9382,d5158212-67fd-41c6-a75e-21fe3a844659
f39acabc-6b7e-4952-898d-9988b3067daa,"[-0.045397166,-0.07458737,-0.0345357,-0.033864606,-0.022996213,0.039991345,0.01838537,0.18176296,0.043689664,0.066341676,0.050909784,-0.026555985,0.042851817,0.10675715,-0.058843862,-0.021026542,-0.00047538374,0.08422907,-0.07901746,0.045441516,0.024595797,0.00066478236,0.03545167,-0.023189792,0.003225361,0.05316327,-0.025593663,-0.04097557,-0.033717006,-0.025541833,0.018090261,-0.058676332,0.11406533,-0.040809706,0.016631505,-0.01855852,-0.057277963,-0.07647598,0.098628856,0.0394804,-0.068173036,0.041269433,-0.09120961,-0.008399691,0.02259333,-0.027069265,0.004801121,-0.030108137,-0.0275948,0.0122192865,-0.016185533,-0.032307632,-0.002523847,0.048492048,0.02587187,-0.08852402,-0.08135568,-0.041928966,-0.047349464,0.053684168,0.0051952493,-0.019603847,0.10418344,-0.023248611,-0.09920072,0.020679649,0.032165136,-0.07483337,0.052496824,0.02118162,-0.0025228274,-0.02814333,-0.033545345,-0.0046224142,0.007676011,-0.09240312,0.03441862,0.02904648,-0.07560952,-0.10689641,0.097965464,0.017948505,0.009306098,0.11180201,0.009487156,-0.029570539,-0.015511272,0.044769093,0.0047309175,0.062978856,0.078032106,0.062142666,-0.06355625,-0.06388403,0.07101207,-0.10113292,-0.006109175,-0.008981985,0.02947139,-0.016773438,-0.028167503,-0.0076227626,-0.08550825,-0.009245842,0.058831464,-0.10591497,0.027011313,-0.10199886,-0.03630584,0.031854715,0.017968155,-0.00066449185,-0.03275607,0.0031543805,-0.026652634,-0.030326976,0.10219085,-0.056171626,0.054612763,0.048334412,-0.008796657,-0.09915329,0.08272126,-0.022727054,0.044286564,-0.019771481,0.019737894,7.913221e-33,-0.07355714,-0.04709717,-0.030493477,0.03941456,0.07948497,0.007312944,-0.0036558537,-0.02440275,0.09479595,-0.0942504,-0.09025621,-0.006350168,-0.05217078,0.0898884,0.06609308,0.04527807,-0.0043986747,-0.040752184,0.0047097947,0.0013013396,-0.02635655,-0.064626165,-0.023363557,-0.00490722,0.026335621,0.0048522637,-0.06689747,0.071035095,0.019341387,-0.00550588,0.0043729213,-0.10469798,-0.0066499957,-0.0134950895,0.025927076,-0.0011047586,-0.011332133,0.042684093,0.052141532,-0.027301816,-0.038178187,0.021185555,-0.05989769,-0.059060484,0.12983389,0.04224571,-0.11992,0.030168151,0.057618394,0.009302746,0.08252604,-0.057042506,0.046120144,-0.022051683,-0.04184788,0.043313634,-0.063008696,0.023256034,-0.04888524,0.06961104,-0.046969756,0.008812446,-0.010812931,-0.017069599,0.024914498,0.029865423,-0.07555358,-0.05149568,-0.005803414,0.014992199,-0.08686413,-0.060847327,-0.0021524816,0.019949371,-0.0053501497,0.0013522092,-0.040959604,0.073978625,0.031641968,0.023098487,-0.0009034439,-0.050038405,0.0071676387,-0.05429899,-0.10622872,0.0015958272,0.07496009,-0.009277813,0.027059684,0.049878698,0.087191604,-0.016056396,-0.09786515,0.03162414,0.021359885,-1.18632675e-32,0.027930077,-0.023465272,-0.045225397,0.007008106,-0.07496489,0.11944548,-0.0571587,0.011471874,0.01643182,-0.019712647,0.0572665,0.016742636,-0.050223395,-0.023976427,-0.01969429,0.023448417,-0.034227606,0.0716876,-0.032576967,-0.008562948,-0.005829726,-0.03191367,-0.008600949,0.009858574,0.036191057,0.041266765,0.007045768,0.035584934,-0.021491459,0.015542031,-0.011839758,0.0025116801,-0.057637546,-0.019264087,-0.059016638,-0.026763959,0.037420847,-0.04595207,-0.045782324,-0.0003850314,0.01695978,0.030551836,-0.044081647,-0.00917989,0.009226525,0.043259356,-0.011213807,-0.0402526,-0.002485648,-0.093924515,0.101387985,-0.037697703,0.030084075,-0.033118244,-0.0252992,0.04777956,-0.016591566,-0.00063735974,-0.0016494076,0.0113926185,0.0044897734,-0.05576392,-0.021371407,0.0025329473,-0.043143924,-0.022401778,0.043786135,0.03878759,0.11365568,-0.07543011,-0.024160651,0.011712566,0.04367214,-0.061297026,-0.048540562,0.03818704,-0.069526605,-0.04847994,-0.014040884,-0.02456106,-0.07561574,0.0026139123,-0.09585334,-0.018852081,-0.09840067,-0.058917705,0.0334347,0.036855206,-0.037019663,-0.026383266,-0.0390469,0.042020816,-0.06265073,0.056433067,0.033799004,-5.9546423e-08,0.13982554,-0.037458796,-0.013552219,0.020390384,-0.008194209,-0.041902915,-0.03051755,0.035365693,0.025883546,0.029745806,-0.0069728442,0.15900932,-0.100993596,0.024395725,-0.05264006,-0.009020968,-0.038109925,-0.0519509,0.009246511,-0.01942661,0.014535811,-0.015515661,-0.094897516,-0.07543784,0.04768949,-0.05142347,0.027523436,0.015932357,-0.06334777,-0.017853647,-0.00020823248,0.0003423308,-0.0021026796,-0.00013631042,-0.04330327,-0.02861891,0.0049408977,-0.09922339,-0.021405209,0.0386702,0.024912437,-0.038078137,-0.0871981,0.0030173392,0.03719698,0.037312634,-0.0067724977,0.089510456,-0.00695613,-0.058733296,0.023981664,0.061409567,-0.027526168,0.02385566,-0.1458527,0.08634972,-0.021784747,-0.04008056,-0.001584985,-0.054574754,-0.024868427,-0.003225353,0.07796401,0.038672794]"," Aminopenicillin + Betalaktamaseinhibitor Dauer der Antibiotikatherapie 2: (7–)10 Tage 1Keine empirische Therapie, nur falls Erreger als sensibel getestet. 2 Detaillierte Informationen zu der Dauer der Antibiotikatherapie sind den aktuellen Leitlinien und den entsprechenden Fachinformationen zu entnehmen. 1Keine empirische Therapie, nur wenn die lokale Resistenzsituation von E. coli < 20 % liegt. 2Detaillierte Informationen zu der Dauer der Antibiotikatherapie sind den aktuellen Leitlinien und den entsprechenden Fachinformationen zu entnehmen. Tabelle 2: Empfehlungen zum rationalen Einsatz von oralen Antibiotika bei Erwachsenen mit unkomplizierten HWI (3;4) Krankheit Indikationen für eine Antibiotikatherapie Erreger Antibiotika unkomplizierte Zystitis Antibiotikatherapie indiziert: Zystitiden, die z. B. mit Dysurie, Algurie, Unterbauch- schmerzen einhergehen Antibiotikatherapie nicht indiziert: asymptomatische Bakteriurie E. coli (80–90 %), Klebsiella, Proteus, Staphylokokken","{""source"":""/home/sigillus/Schreibtisch/educx/Projekt_KI/markdowns/Antibiotika_Harnwege.md""}",6e6547ac-9f6d-4263-95f7-e547070e0cc9,a8700f79-1038-41ec-9bc3-ce8e253b9d64
f39acabc-6b7e-4952-898d-9988b3067daa,"[-0.010327807,-0.03979877,-0.050468545,-0.0649137,-0.005557213,-0.019725595,-0.01569334,0.16552167,0.061049547,-0.045225687,-0.018723836,0.023204913,0.12544931,0.098479316,-0.06799886,0.01092034,0.014831986,0.04982659,0.030153371,-0.010129336,-0.014475904,0.018606389,0.03708469,0.0020198694,-0.08417329,-0.008210551,-0.033964656,0.021589555,-0.022432106,-0.06894709,0.04189107,0.035399336,0.012672756,-0.047804806,0.055720985,-0.02424351,-0.071016125,0.002164512,0.095708705,0.0139491735,-0.05051774,0.00064002024,-0.038199157,-0.0061700093,0.043798298,0.001646653,0.0012023164,0.04454205,0.055259783,0.0921846,-0.064909026,-0.034418214,-0.028593592,0.13480133,0.042977363,-0.049910832,-0.09550933,-0.088158645,-0.02849415,0.051221702,-0.04280527,-0.07825552,0.10263586,-0.041334264,-0.10385438,0.045187008,-0.02681682,-0.050607417,0.03634208,0.050687477,-0.0386124,-0.0031688192,0.075710125,0.05205627,-0.0044375397,-0.032537755,0.071512125,-0.0025459395,-0.055621915,-0.044244293,0.017312286,0.012502148,0.05011265,0.09612167,0.05391692,-0.04092852,0.0024603186,0.027536195,0.052201845,0.06317961,0.10546902,0.08795466,0.004727631,-0.05167075,0.0313579,-0.094827116,-0.08051413,0.0062684505,-0.030248124,-0.017577969,-0.059791636,-0.13255303,0.01963038,-0.05262059,-0.0029768562,-0.014978134,0.060966067,-0.060620982,0.02198365,-0.03756839,-0.06514955,-0.017250743,-0.033142067,-0.06964623,-0.01686042,0.008463863,0.13888003,-0.0484527,-0.012453693,0.0010362786,0.002712891,0.025941616,0.05675062,-0.049444936,-0.026218744,0.074584514,0.027657658,1.4836793e-32,-0.087041,0.07485974,-0.028939469,0.032633718,0.05718757,0.0032721977,0.039909426,-0.038798127,0.01525746,-0.0867614,-0.077605486,-0.014132581,0.009601975,0.016549647,0.011187112,-0.0007110596,0.06040904,-0.023197744,-0.017063292,-0.048033167,0.08768428,0.04212454,-0.016585112,-0.015461717,0.022515638,0.03984335,-0.030141074,0.03695937,0.046875037,-0.069964364,0.0314684,-0.022448294,-0.021013446,-0.036357142,-0.01735326,0.017209165,-0.017443385,-0.0025779072,-0.015342906,0.026065305,-0.09004972,0.019364316,-0.07688566,-0.0072428407,0.08121009,-0.052791826,-0.1153156,0.06520942,0.07400744,0.061150473,0.075303435,-0.049431868,0.0044837133,-0.083927415,-0.06926499,-0.003062307,-0.050603215,0.027739622,0.03207065,-0.019734634,-0.008160044,-0.078835405,-0.0076946183,-0.065030515,0.06733726,-0.033317816,-0.0003765955,-0.012388853,-0.08759863,0.0052098404,-0.06399327,0.0032023613,0.045885246,0.034902018,0.07011907,-0.044271875,-0.033138815,-0.06315372,0.040373683,0.02887537,-0.024676165,-0.03660077,0.009080433,0.010644851,-0.040954713,0.010772755,-0.0044470388,0.03839533,0.0799031,0.030480273,-0.009475296,-0.09234268,-0.10663434,0.058518033,-0.029764496,-1.4881056e-32,0.072644375,0.0013103025,-0.010028463,0.009052544,0.00027173737,0.1124954,-0.008886761,0.025167806,0.105733305,-0.07459462,0.017654676,-0.08126788,-0.01790194,-0.00064153917,-0.06086369,0.061082967,-0.037458785,0.046663392,0.0035214352,-0.0090615675,-0.04227198,-0.008800586,-0.012182668,0.04425126,0.012345916,0.07129366,0.029392218,0.0073340563,0.033931077,0.04423362,-0.003360664,-0.041393615,-0.043386143,-0.03402441,0.0065405383,0.036473304,0.007597472,-0.0752925,-0.024978504,-0.044539247,0.0012545403,-0.05081823,0.072371274,0.027968176,-0.033680137,0.027034413,-0.105815,-0.013374674,0.010725768,-0.007717592,-0.013390328,0.050445396,-0.04442652,0.022741817,-0.022413155,0.012203183,0.007434691,0.009561179,0.0032256003,0.006502275,-0.021199653,-0.03091505,0.0025466692,0.0013088677,0.03385921,0.038403925,-0.027388139,0.027532928,0.056870773,-0.0745239,-0.042662654,0.03675334,-0.009385981,-0.052050665,-0.01798063,0.050877713,0.017687496,-0.04288186,0.033298727,0.02088048,0.03393733,-0.03684967,-0.01943414,0.010161967,-0.087142065,0.025648331,0.043906707,0.028297808,0.04838099,-0.104653284,0.06305786,-0.005818722,-0.016722126,0.0150005715,0.008948003,-5.9490333e-08,0.10199984,-0.037831515,-0.027123474,-0.038658913,0.02055567,-0.003809223,-0.024144595,-0.014016347,-0.030287227,-0.037407674,-0.02224553,0.16283894,-0.092850685,-0.06352863,-0.03619703,-0.02436855,-0.09748825,0.002679062,0.043744892,0.009982535,-0.0918511,0.0068337442,-0.079490244,-0.052386977,0.07087536,-0.008381766,0.07074365,-0.023928424,-0.0051529077,0.0068001123,-0.021597805,-0.004965486,0.0057172254,-0.07596966,0.022164928,-0.0023404313,-0.022866758,-0.007183268,0.048090722,0.09300782,0.060279854,-0.01163276,-0.055350017,-0.042400263,-0.0042458787,-0.0076932027,-0.031408142,-0.00409871,-0.0063074203,-0.095982544,0.01360467,-0.0012461536,-0.008524588,-0.029036313,-0.12523338,0.0817386,-0.0038323866,-0.079244345,0.0019826784,-0.07794235,-0.06686673,-0.08199216,0.14591692,0.09738788]","nicht indiziert: asymptomatische Bakteriurie E. coli (80–90 %), Klebsiella, Proteus, Staphylokokken Erstlinientherapie:  Fosfomycin-Trometamol (nur bei Frauen zugelassen)  Nitroxolin (bisher geringe Erfahrungen, nur bei Frauen)  Pivmecillinam Alternativen:  Nitrofurantoin-Retard (nur bei Frauen)  Trimethoprim 1  Norfloxacin und andere Fluorchinolone (nicht: Moxifloxacin)  Cephalosporine Gruppe 2/3 Dauer der Antibiotikaherapie 2:  Fosfomycin-Tromethamol (Einmaldosis)  Nitrofurantoin-Retard und Nitroxolin (5 Tage)  Trimethoprim 1 (3 Tage)  Fluorchinolone (3 Tage)  Cephalosporine Gruppe 2/3 (3 Tage) unkomplizierte Pyelonephritis Antibiotikatherapie immer indiziert E. coli (80–90 %), Proteus, Klebsiella, Staphylokokken, andere Enterobacteriaceae Erstlinientherapie:  Ciprofloxacin  Levofloxacin  Cephalosporine Gruppe 3 (Cefixim, Ceftibuten (z. Zt. außer Handel), Cefpodoximproxetil) Dauer der Antibiotikatherapie 2: (7–)10 Tage","{""source"":""/home/sigillus/Schreibtisch/educx/Projekt_KI/markdowns/Antibiotika_Harnwege.md""}",ffe738cb-9dad-4c8b-8ccd-bcc470a565f5,6ce6fb89-4a67-4d18-ab66-1b688325c67f
f39acabc-6b7e-4952-898d-9988b3067daa,"[-0.016471718,0.047025703,-0.066062175,-0.09841304,0.01088859,0.026783684,-0.050035983,0.19950636,0.039334428,0.07565849,0.041279707,-0.058165774,0.048591476,0.11078698,-0.029509135,-0.049001917,-0.009257562,0.043102216,-0.008709155,0.10268039,-0.035320137,0.02246675,0.0044088447,0.02672868,-0.10507471,0.020393591,-0.013873552,-0.052547127,-0.023035647,0.015935654,-0.005872654,-0.024790358,0.063907005,-0.021768516,0.011644777,-0.046633918,-0.059871472,0.029888136,0.0150062805,0.06653134,-0.008074162,-0.033343714,-0.13356097,-0.02066108,0.029194903,0.014646199,-0.015691932,0.046011474,-0.04091833,0.042853277,-0.013288004,-0.027654948,-0.007898098,0.10477817,0.04929941,-0.15510231,-0.08846139,0.00502076,-0.041016784,-0.018996432,0.0017826208,-0.024670672,0.06413146,-0.0037386443,-0.04483014,0.0031915526,0.03823152,-0.0660187,0.059949663,0.03148597,0.022214841,-0.08328277,0.027996996,0.0019761226,-0.029657202,0.043836497,-0.008014442,0.060433574,-0.06012057,-0.111982614,0.013576328,-0.017359095,0.03795926,0.06852785,0.0107830865,-0.058199473,-0.008256013,0.045993175,-0.043562263,0.0083286585,0.038556006,0.047260873,-0.022561919,-0.08844985,0.05993841,-0.046959985,-0.059141915,0.008274831,0.028334439,-0.07317328,-0.014484914,-0.079266764,-0.12463038,-0.0012894756,0.024826294,-0.06621341,0.009007564,-0.13953248,0.019531129,0.071531035,0.0046229474,0.0028174352,-0.049354084,-0.022831103,-0.00093352585,-0.0015183575,0.11583504,-0.062075287,0.016031926,0.03755125,0.05409989,-0.116918676,0.08641442,-0.048057873,0.088223726,0.043231122,0.003754812,8.971382e-33,-0.041188963,-0.04135895,0.02789342,-0.06348483,0.057302907,0.017886395,0.012170778,-0.025752282,0.06576317,-0.04604867,-0.09561856,0.033134006,-0.0077819773,0.0625739,0.044567674,0.04061525,-0.07512327,-0.107666865,-0.03182552,-0.021930085,0.009778942,-0.037992273,-0.004604806,0.052576683,-0.005520332,0.043926455,-0.07862917,0.035701822,-0.007746444,-0.00113274,0.05132176,-0.09077845,-0.051748183,0.013602662,-0.038851194,-0.017351346,0.013448051,0.05298152,-0.0021013697,-0.015926508,-0.046121817,-0.037966188,0.013453319,-0.09552719,0.14028466,-0.07655532,-0.16977383,-0.0034236244,0.070216775,-0.006688945,0.03967909,-0.04728353,0.044426836,-0.033200275,-0.0044418927,0.03183982,-0.093045995,0.06427475,-0.043148406,0.050372433,-0.003581762,0.042024344,0.0058216644,0.052260406,-0.04651287,-0.000349274,-0.048354514,-0.054395575,-0.041395944,-0.016671194,-0.08593844,-0.035271965,0.008287565,0.00047225496,-0.06349525,0.0032274658,0.0061300052,0.13581908,-0.009664306,0.028724397,0.0078774,0.040570755,-0.030242244,-0.0108871255,-0.07564023,-0.02514776,-0.00973953,-0.008347599,-0.036553673,-0.013685828,0.08557495,-0.010823656,-0.094025336,0.07614971,-0.01526856,-1.3517324e-32,0.054336954,0.006036693,0.048177652,0.012228913,0.01612839,0.13117999,-0.011485134,-0.040626496,-0.014086776,-0.03330551,0.03896244,0.05340763,-0.045571133,0.08344973,-0.014450793,0.08545428,-0.03754153,0.03548275,-0.08611012,-0.07582004,0.045142718,0.04320154,-0.013759939,-0.0073134904,-0.008777968,0.019245924,0.004602698,0.015868442,-0.025868481,-0.025648536,-0.030527035,0.10148254,-0.044577155,-0.04052532,0.013798216,-0.0546235,0.016591445,-0.0019871742,-0.022511587,-0.04363836,0.027644664,0.015563107,-0.019690312,-0.012834837,0.011037279,0.00306636,-0.01621135,-0.083866544,0.036107153,-0.02507736,0.046055783,0.008980124,0.027366308,0.01805167,0.01865909,0.031270724,-0.043868095,0.0033959432,0.0033466467,0.05332097,0.013370499,-0.034425955,0.012021563,-0.043892033,-0.0036219957,0.020525623,0.012131137,0.06500419,0.08532816,-0.035822228,-0.018238245,0.02166735,-0.0062070065,-0.016746266,-0.025415588,0.047858547,-0.05807991,-0.04604441,-0.006035564,0.02692974,-0.07514138,-0.02775411,-0.097392365,-0.00059474236,-0.04543695,-0.046175856,-0.015564749,0.031022217,-0.039294504,-0.04172106,-0.04356912,0.0075041386,-0.004263332,0.01348622,0.03919215,-6.3409836e-08,0.10539101,-0.07298203,0.017630376,-0.010480345,-0.022875821,-0.059551977,-0.036950454,0.01050795,-0.012152267,0.051328264,0.03771449,0.09084133,-0.019191641,0.020236632,-0.014747383,-0.013850103,-0.0042768074,-0.026384542,-0.035593893,-0.06947039,-0.0070457165,-0.081288226,-0.07438434,-0.055866893,0.08170601,-0.05530931,-0.015176737,-0.06843843,-0.07199316,0.0038360136,-0.07668185,0.016789507,-0.019708976,0.021508487,-0.059193365,-0.004933358,0.060248245,-0.008246594,-0.00793674,0.025062846,0.021983774,-0.07126205,-0.06418365,-0.018171094,0.00602979,-0.030304056,0.015140219,0.071299545,-0.069737375,-0.057207406,-0.015143798,0.04420683,0.036311433,0.0024097688,-0.12419127,0.08125683,0.023787145,-0.05259156,0.071485594,-0.01129522,0.01758118,0.015288647,0.058271606,0.05342019]","Grundlagen für eine rationale Antibiotikatherapie sind die

korrekte Diagnosestellung, die kritische Indikation zum

Einsatz von Antibiotika, die Wahl des geeigneten Anti -

biotikums sowie die Verlaufskontrolle mit Festlegung

der Behandlungsdauer. Eine kritische Indikationsstellung

dient nicht nur dem Patienten, sondern führt auch zu einer

Verringerung der Kosten und des durch den Antibiotika -

einsatz zugunsten resistenter Erreger ausgeübten Selekti -

onsdrucks. Zu einer rationalen Antibiotikatherapie gehören

die Vermeidung antimikrobieller Resistenzen auf der Ebe -

ne des individuellen Patienten wie auch auf der Ebene der

Bevölkerung, die Beachtung der Prinzipen der kalkulier -

ten und gezielten Antibiotikatherapie. Dies schließt Hand -

lungsempfehlungen zur Reduktion eines Antibiotikaeinsat -

zes ein:

Ursachen und Vermeidung von Antibiotikaresistenzen

Die Einnahme von Antibiotika führt zur Veränderung

der normalen bakteriellen Flora auf Haut und Schleim -","{""source"":""/home/sigillus/Schreibtisch/educx/Projekt_KI/markdowns/Antibiotika_Harnwege.md""}",0d6edc20-8833-4dfb-97ee-d5752c98a6e2,36402d11-6162-42ff-8622-167cad36e929
f39acabc-6b7e-4952-898d-9988b3067daa,"[-0.041192982,-0.0290329,-0.05881409,-0.038588244,-0.009432148,0.040847603,-0.07322223,0.1588121,0.03915077,0.04055856,0.043671127,0.003009817,0.0030519336,0.08517404,-0.05459094,0.03561007,-0.017512564,0.05314692,0.028844278,0.1051425,-0.017144036,0.0011792997,-0.008068064,0.010658387,-0.09281766,-0.032500565,-0.03412558,-0.01719484,0.005932091,-0.009331596,-0.024097433,0.008640577,0.022589566,-0.036790367,-0.011412132,-0.028764348,0.0009195013,-0.09486121,-0.018262416,0.07060137,0.021520155,-0.0010954652,-0.12915875,0.002285303,0.019975437,0.040826056,0.052669942,0.015258316,-0.0010929537,0.02934014,-0.011836317,0.0070999763,0.034250658,0.05376253,0.028559005,-0.13839562,-0.0367904,-0.03160418,-0.028790852,0.0094402395,0.06520667,-0.03924038,0.038695797,-0.041693594,-0.030810628,0.001003709,-0.00791441,-0.027688982,0.05886185,-0.027755527,-0.03313559,-0.08105202,0.050841756,0.03255873,-0.007268403,0.04546244,-0.005478909,0.010427545,-0.09328956,-0.07991383,0.017722767,0.06517214,0.039395332,0.06593261,0.054755267,-0.010133081,-0.070658736,0.0576881,-0.06695803,0.034267887,0.032674454,0.015182033,-0.03998857,-0.088992,0.05707133,-0.033799365,-0.044251267,-0.028776465,0.048071776,-0.09667571,-0.019786507,-0.0338124,-0.107676834,-0.01015381,0.06251096,-0.027673563,-0.029729402,-0.11616382,0.0135021135,0.10710611,0.03438738,0.04949329,-0.037413698,-0.015194435,-0.017602976,-0.046206817,0.06885163,-0.053966492,0.07826889,0.03537352,-0.056891456,-0.08743868,0.07963938,-0.031098412,0.056069322,0.08582288,0.035029013,1.2394756e-32,-0.05226955,-0.05513119,0.03523339,-0.034314558,0.069957234,0.012901186,0.041360624,-0.014332358,0.12265913,-0.110288374,-0.02067409,0.032868516,-0.016614841,-0.017294778,0.0143473055,-0.0059774313,0.017032884,-0.09983704,-0.022188315,-0.054801743,0.020689216,-0.0051921955,-0.031293932,0.033667635,-0.03079054,-0.02258781,-0.054156065,0.051784806,0.013718438,-0.018887687,0.09582393,-0.09036624,0.012874461,-0.0430944,-0.09401373,-0.08470763,0.0037575823,0.052394565,-0.018587964,-0.053069707,-0.04875371,0.021249542,0.0025793293,-0.031628367,0.049328208,-0.04035545,-0.12694879,0.08884847,0.07531984,0.004487606,0.03496494,-0.054513153,0.030196024,-0.09200442,-0.033119395,-0.008524027,-0.07682015,0.0061782277,-0.046079345,0.0426003,-0.04055959,0.011420033,0.059914056,0.05702087,-0.0013137552,0.02881453,-0.084271036,-0.059612174,-0.0383459,0.03862552,-0.07328941,-0.014179922,0.026168205,-0.001591087,-0.01134741,-0.019922057,-0.021385308,0.10303406,-0.10154824,0.030620629,0.0022396152,0.0291846,-0.026391638,0.03721456,-0.065495126,0.012889646,-0.021100918,-0.008571297,0.04445017,0.009389381,0.08648196,-0.018398644,-0.09379691,0.089081086,-0.0011048726,-1.4701009e-32,0.067588806,-0.0093591595,0.021292211,-0.032415334,0.028162826,0.08002537,-0.0058652274,0.06543352,-0.048213307,-0.0961489,0.06073104,0.06349333,-0.050855964,0.055175554,-0.06482099,0.07906547,-0.07113581,0.068991184,-0.04128308,-0.026018195,0.007812616,0.037841823,0.022640511,0.044326607,0.027465638,-0.014626657,-0.03245291,0.026977943,-0.09334373,-0.052047446,0.05291003,0.07218821,-0.006033802,-0.032268964,-0.03822263,-0.12082443,-0.04558361,-0.021996232,-0.012744977,0.021916911,0.03461797,0.0048047877,-0.051994458,0.018236082,0.012880499,0.052074946,-0.076132886,-0.14054847,0.042258173,-0.007841508,-0.0056504235,-0.0018699722,0.038139246,0.04654049,0.047942717,0.049135752,-0.019733353,-0.010138453,0.04955933,0.081026435,0.01686289,-0.032878663,0.0016191776,-0.04087567,0.029449925,0.011547082,-0.0064994944,0.032579154,0.14023252,-0.04503854,0.006464998,0.079016015,0.010351572,-0.019765723,-0.0406727,0.03366427,0.036041003,-0.108204365,-0.046375453,0.013947157,-0.11981158,-0.005182189,-0.10217983,0.015758615,-0.07248023,-0.008660004,0.027607674,-0.002214138,-0.04685817,0.0346137,-0.010068437,0.03603411,-0.018610027,0.010834931,0.09483124,-6.1593376e-08,0.07385109,-0.09465175,0.031013118,0.03939576,-0.0845451,-0.07402329,-0.04968386,0.046501853,-0.0055694277,0.07884404,-0.014191488,0.040749803,-0.027360082,-0.014988466,-0.02998938,-0.033325266,0.070455566,-0.041480195,-0.031383555,-0.03295388,0.00297368,-0.053614914,-0.032004084,0.00056392036,0.062291905,-0.010389936,0.01630617,-0.029536074,-0.0119517995,0.016313761,0.015194623,0.00923801,0.012836469,0.020002438,-0.09570527,-0.007931262,0.023958882,-0.007830469,-0.0096282335,-0.0084414985,0.042508353,-0.08469573,-0.06704023,-0.0019412308,-0.006095111,0.002065026,0.0020825455,0.079946145,0.0067082816,-0.027083542,0.062577166,0.030490967,0.013310054,0.03176465,-0.12496653,0.07037583,0.003292653,-0.010364481,0.04660977,-0.018437503,-0.009973554,-0.030007768,0.068962164,0.026080417]","der normalen bakteriellen Flora auf Haut und Schleim -

häuten mit Nebenwirkungen wie z. B. Diarrhoe, aber

auch der Entstehung und/oder Selektion/Ausbreitung

der antibiotikaresistenten Erreger.

Diese resistenten Erreger können, ohne eine Infektion

zu verursachen, sehr lange (bis zu sechs Monate oder

länger) persistieren.

Mit diesen resistenten Erregern kolonisierte Patienten

haben eine höhere Wahrscheinlichkeit, Infektionen mit

diesen Erregern zu entwickeln.

Auch bei indikationsgerechtem Gebrauch eines Anti -

biotikums können sich Antibiotikaresistenzen entwi -

ckeln. Prophylaktische Maßnahmen (Händewaschen,

Händedesinfektion) können das Risiko der Übertragung

von antibiotikaresistenten Erregern auf weitere Perso -

nen reduzieren

Grundzüge einer rationalen Antibiotikatherapie

Indikation kritisch prüfen, Prinzipien der gezielten oder

kalkulierten Therapie beachten,

Dosis und Therapiedauer beachten,

Zurückhaltung mit Reservesubstanzen,

Förderung der Compliance,","{""source"":""/home/sigillus/Schreibtisch/educx/Projekt_KI/markdowns/Antibiotika_Harnwege.md""}",6ceb9ce0-b77a-42a4-ba81-010739e16505,eff23b41-93d0-4cbc-a58e-ece6b0633bf4
f39acabc-6b7e-4952-898d-9988b3067daa,"[-0.025400737,-0.025130771,-0.07972907,-0.036432,-0.04076781,0.03132156,-0.042177066,0.15324394,-0.039581522,0.020512726,0.028018313,-0.05554336,0.044597592,0.053080924,-0.027322022,0.01650162,0.008148032,0.072498344,-0.032269206,0.04189572,-0.0039591333,0.013551466,-0.0066159926,0.050129805,-0.060031567,-0.026436353,-0.010711096,-0.03991636,-0.07206889,0.0051720226,-0.06460551,-0.013502936,0.068268806,-0.08640389,0.059616994,-0.011964243,-0.06507739,-0.043562926,0.05739187,0.06690667,-0.009643197,0.0025271545,-0.15077402,0.058631115,-0.005535797,-0.021482851,0.019689254,0.013509806,-0.025908852,0.08919093,-0.06705416,0.04348427,-0.041315198,0.10673182,-0.016279262,-0.14492269,-0.102192685,-0.0112590715,0.01741091,-0.0033309238,-0.013847295,-0.014076097,0.10472827,-0.058642235,-0.021714564,-0.019921588,-0.028933138,-0.06452308,0.06558769,0.03586214,-0.008045949,-0.044358633,-0.0089530945,0.01474376,-0.03322758,0.010465014,0.029927915,0.029073542,-0.08747954,-0.08447313,0.044519365,0.038862552,0.09034021,0.08957845,0.013880285,-0.033567104,-0.05740214,0.04742813,-0.039156545,0.024253521,0.10072277,0.052906293,-0.039947495,-0.09580837,0.09242732,-0.09023092,-0.062010694,0.025279071,0.0276397,-0.039226215,-0.022214012,-0.08846504,-0.07247038,-0.027704801,0.056377515,-0.07234145,-0.018985538,-0.15826803,0.03796538,0.054369744,0.000798853,-0.014251254,-0.0062356056,-0.034062866,-0.02024589,0.05160781,0.05687051,-0.0570345,0.030574994,0.013715808,0.05680488,-0.092402734,0.13810733,-0.047513932,0.08383005,0.063945994,-0.026285527,1.1244222e-32,-0.04498666,-0.08231343,0.07079413,0.017183688,0.06516569,-0.019208059,-0.028684014,-0.06466792,0.07410758,-0.059559155,-0.078619465,0.061649494,-0.0040500043,0.0046708356,0.009765042,0.0005568019,0.00566742,-0.08692888,-0.058467,0.03679811,0.016085181,-0.0072876834,-0.050076105,-0.014911763,-0.034059092,0.043771174,-0.050022885,0.07986953,-0.014187368,0.039469827,0.038126376,-0.10441225,-0.033962898,-0.042240284,-0.036675848,-0.09180148,-0.005680489,0.008673667,0.0021597343,-0.04950317,-0.10517552,-0.031634647,-0.030180158,-0.034585517,0.12811026,-0.01636005,-0.09403226,0.0017464048,0.05212458,-0.0008415033,0.035314824,-0.041224018,0.039176922,-0.029511658,-0.047006633,0.023098761,-0.019374622,0.062942974,-0.04504272,0.0836158,0.01616783,0.006031399,0.0274709,0.023350425,0.009539672,0.025640497,-0.039984204,-0.0025811829,-0.0452689,-0.040070552,-0.025337677,-0.02160489,0.062197033,0.005959986,-0.057902277,-0.028771043,0.04306602,0.10698083,-0.07775097,0.015825018,-0.003517611,-0.0076389075,-0.008473107,-0.018106056,-0.07691386,0.024091283,-0.018760832,0.025928352,0.030958151,0.015754798,0.04336609,0.008227356,-0.08200047,0.057647724,-0.04391383,-1.3783246e-32,0.039943848,-0.028915174,-0.004253708,-0.032560743,-0.02175616,0.1288187,0.059079755,-0.0013913794,-0.009078007,-0.043493662,0.05210204,0.040031713,-0.07452749,0.015377093,-0.036782946,0.09904061,-0.029856274,0.105077825,-0.07238659,-0.009371721,0.031892937,0.019439803,0.00343495,0.024990026,0.025499472,0.030998606,-0.0008766356,0.027888352,-0.009258364,-0.03265077,-0.006599338,0.084062316,-0.06462481,-0.06715729,-0.029131468,-0.042152703,-0.0033099581,-0.023946302,-0.050283,-0.0058636228,0.022056576,-0.023985071,-0.017503494,-0.04101391,0.025054613,0.06573713,0.0022204334,-0.092998244,0.05963839,-0.04316964,0.05262113,0.05101002,0.05203009,0.055767424,0.02328809,0.066590615,-0.043478128,-0.001957013,0.002558316,0.05096322,0.021003813,-0.06455584,0.04295102,-0.03329603,0.032955892,0.054178614,0.020926131,0.04771613,0.11623929,-0.06882797,-0.018643314,0.023995463,0.011416454,0.047382712,-0.023152074,0.047967628,-0.043853384,-0.056543075,-0.050400794,0.038527884,-0.10952375,-0.03188963,-0.09492102,0.039689027,-0.035773356,-0.045708116,0.018718123,-0.017301522,-0.009161636,-0.03973322,-0.009107874,-0.006728804,-0.07462,0.047398616,-0.00084568333,-5.9947936e-08,0.11065498,-0.07624824,0.0023999268,-0.007747976,-0.0072990614,-0.09048521,-0.059520356,0.020224908,0.0015393057,0.05347727,-0.07666623,0.08328367,-0.0034236617,-0.049118213,-0.027912715,-0.0024972649,0.02570214,-0.035384644,-0.0039250255,0.0060447506,0.0025472539,-0.03372743,-0.081294,-0.010652111,0.035177145,-0.037099507,0.021554593,-0.05154462,-0.0013457484,-0.011417746,-0.006888839,-0.028120102,-0.024654754,0.039957915,-0.06831329,-0.02040873,-0.008283306,-0.019283073,-0.01791977,0.07049454,-0.008986443,-0.05142946,-0.035658717,0.0061816005,-0.005257186,0.032334063,-0.0630378,0.067137234,0.0064522675,-0.044218216,-0.00025588405,0.09205778,0.0018921521,0.050424587,-0.074829236,0.11084351,0.040967226,-0.04464524,0.022846675,0.015894342,0.025902998,-0.02444453,0.051156227,0.042907026]","Dosis und Therapiedauer beachten,

Zurückhaltung mit Reservesubstanzen,

Förderung der Compliance,

Wirtschaftlichkeit beachten.

Prinzipen der kalkulierten Antibiotikatherapie. Sie be -

rücksichtigt:

die häufigsten Erreger der jeweiligen Infektion,

das Wirkungsspektrum des Antibiotikums,

die Pharmakokinetik/-dynamik,

die Verträglichkeit des Antibiotikums,

wichtige Patientencharakteristika (Alter, Impfstatus, All -

gemeinzustand, Begleiterkrankungen, ggf. Begleitmedi -

kationen und Vortherapien, Leber-, Nierenfunktion).

Maßnahmen zur Reduktion inadäquater Antibiotika -

verordnungen bei HWI

Antibiotika sollten nur bei bakteriellen Infektionen der

Harnwege verordnet werden, nicht bei asymptomati -

schen Bakteriurien (Ausnahme: Schwangerschaft und

vor urologischen Eingriffen).

Bei indizierter Verordnung eines Antibiotikums sollte

möglichst ein Schmalspektrumantibiotikum verordnet

werden, immer mit Angabe der Dosis, der Dosierungs -

intervalle und der Einnahmedauer.","{""source"":""/home/sigillus/Schreibtisch/educx/Projekt_KI/markdowns/Antibiotika_Harnwege.md""}",2e9c553b-2930-4645-bb65-4ff55e289bdb,c742117a-8caf-432c-88cc-89670501c85c
f39acabc-6b7e-4952-898d-9988b3067daa,"[-0.019034717,0.058823492,-0.060472075,-0.012312003,0.0064304685,0.070829496,-0.026138868,0.13390304,0.033943694,0.02844984,0.057318,-0.013914112,0.029968046,0.045660205,-0.05954908,-0.06101721,-0.02060346,0.026224557,-0.024034292,0.0838942,-0.0051831235,-0.01345819,-0.0020904518,-0.02136896,-0.022902058,-0.042792507,-0.016501008,-0.066410914,-0.07320496,0.016665785,0.014490792,-0.014079713,0.114619635,-0.028562255,-0.010767902,-0.057003755,-0.028404344,-0.013790338,0.050428126,0.030881552,-0.0722628,0.022716686,-0.09064954,0.023578713,-0.026199281,0.015680622,0.006885239,0.027957438,-0.065673016,0.08526355,-0.11302914,0.032554552,0.03985795,0.04111821,0.07989024,-0.13184582,-0.07484088,-0.06370562,-0.09886263,0.010919048,-0.026245458,-0.019843906,0.057258483,-0.050111,-0.06892043,-0.007997769,0.04795652,-0.018135862,0.01924867,0.007175532,-0.00058913504,-0.021844225,-0.009992241,0.065855056,-0.028818954,0.023896534,-0.00673819,0.047814075,-0.038843714,-0.08339608,0.02293747,0.04646262,0.1443766,0.093912914,0.016618114,-0.10471186,-0.0032493768,0.070033,-0.10229415,0.029047873,0.103974216,-0.021447768,-0.028079296,-0.046383675,0.10186635,-0.04752501,-0.021855352,-0.008681481,0.109297626,-0.041618045,-0.044741675,-0.037964452,-0.10607233,0.037009794,-0.0045981375,-0.01451619,-0.028766418,-0.06437291,0.046042312,0.056533504,-0.02010436,0.023880553,-0.038585555,-0.073924154,0.017089274,-0.026856285,0.0940888,-0.013720031,0.05449067,0.00014715492,0.0727549,-0.067190595,0.13265187,0.014880544,0.07941353,0.050641563,-0.0041329563,1.20049506e-32,-0.026259221,-0.04316212,0.037869833,0.038158152,0.04440328,0.052377347,-0.03394147,-0.06025413,0.093570255,-0.05920491,-0.07976604,0.04887867,0.00867025,-0.032175653,-0.044716693,0.049744323,-0.04270552,-0.06648583,-0.02445943,-0.034559987,0.01287965,-0.038200513,0.055000406,-0.01666546,0.04028362,0.075690866,-0.038450375,0.04067949,-0.0022483026,-0.011192127,0.011591068,-0.10010295,-0.008999025,-0.047738157,-0.0054618185,-0.0183635,0.0019622536,0.020955658,0.0072738747,0.0074678226,0.033686254,-0.031896032,-0.026270296,-0.07801323,0.121852115,-0.008568851,-0.11822646,-0.014404591,0.04191852,-0.03862065,-0.00458534,-0.02816353,0.0004260177,-0.08585745,-0.012871926,0.042765133,-0.052417558,0.04080615,-0.06337582,0.051107857,0.04729261,0.007693934,0.010473915,-0.023761662,-0.019446103,-0.016884007,-0.06105411,-0.09314744,0.037956294,0.044435624,-0.04044946,-0.02289033,0.05252774,0.006198498,-0.04400737,0.010031326,-0.05213362,0.06757256,-0.029339386,0.019213228,0.03992589,-0.05964249,0.008740512,-0.007980136,-0.018442895,-0.0018971564,-0.03860744,0.04273402,-0.02195911,0.019380618,0.055435732,0.056461256,-0.053691104,0.039359055,-0.016185623,-1.591839e-32,-0.020802448,-0.039976224,-0.04987309,-0.039675225,-0.038147647,0.11472719,0.0012624251,0.05352565,-0.0069328197,-0.04124,0.045693666,-0.02847496,-0.08286079,-0.029744748,-0.072112516,0.12513115,-0.03852555,0.035120055,-0.07409361,-0.02655521,-0.036640756,0.0069525815,-0.020952065,-0.0033238775,0.092750825,0.025795175,0.050944712,0.05092473,-0.019184155,-0.0020656383,0.010722081,0.0049686325,-0.0062448764,-0.08828308,0.038482483,-0.032077245,0.011577672,-0.038465973,-0.021940405,0.01805927,0.03591705,0.06500364,-0.01490698,-0.07131317,0.053408254,0.037982415,-0.056789797,-0.054929372,0.031894967,0.008343335,0.06457377,-0.022407979,-0.030014578,0.0016339852,-0.0027655754,-0.02708191,-0.025551805,-0.006161303,-0.008157862,0.068293184,-0.04437257,-0.031561356,-0.0451233,-0.0031156458,0.008095178,0.00748482,0.015603926,0.037412632,0.0902165,-0.06340307,0.019498887,-0.042636342,-0.0064041284,-0.043943632,-0.017700277,0.05549814,-0.061077308,0.018617794,-0.034247767,0.05679036,-0.09031634,-0.062298544,-0.03801809,0.0013263094,-0.076341935,-0.078805976,0.046631448,0.03953976,-0.033088583,-0.0488775,-0.03551248,-0.041884404,-0.08915573,-0.027900508,0.0042502023,-6.95223e-08,0.11122509,-0.102302454,-0.02329465,-0.096938804,0.03578006,-0.06683008,-0.055067644,0.06774511,-0.0135824,0.067100644,-0.0014750183,0.115373,-0.063138634,-0.023673464,0.01228541,-0.061340053,0.045133438,-0.0067367144,-0.0017308543,-0.03808933,0.040901028,-0.043015238,-0.12888746,-0.076414876,0.026178991,-0.02681539,-0.023314685,-0.08524737,-0.024048224,-0.047181044,-0.054181803,0.058487635,0.028846426,0.035430025,-0.08646014,-0.025807442,0.02082368,-0.066692114,-0.038802993,0.060431536,0.071116045,-0.019706924,-0.034419734,-0.013243829,0.040576097,-0.0051339255,0.001500113,0.041578643,-0.021363156,-0.06475735,-0.024902252,0.10269233,0.025336202,0.053058304,-0.11500645,0.086082466,0.013685803,-0.012875503,0.014163293,-0.032479156,0.045881115,-0.023589494,0.04458695,0.027081523]","werden, immer mit Angabe der Dosis, der Dosierungs -

intervalle und der Einnahmedauer.

Patienten mit Symptomen einer HWI sollten

über den natürlichen Verlauf der einzelnen Krank -

heitsbilder einschließlich deren durchschnittlicher

Dauer informiert werden.

informiert werden, dass der häufige Gebrauch von

Antibiotika zu einem gesteigerten Risiko von In -

fektionen durch antibiotikaresistente Erreger führen

kann.

Informationsmaterial über die sichere Anwendung

von Antibiotika und die Risiken der Ausbreitung

von Antibiotikaresistenzen erhalten, z. B. Gesund -

heitsinformationen des IQWiG (www.gesundheits

information.de) und der DEGAM (www.degam-

leitlinien.de).

Grundlagen der rationalen Antibiotikatherapie bei Harnwegsinfektionen (10-16) Folsäureantagonisten

Trimethoprim

Pharmakodynamik

Trimethoprim fungiert als kompetitiver Inhibitor der Di -

hydrofolsäurereduktase. Hierdurch wird die Synthese von

Tetrahydrofolsäure unterbunden und somit können die zum","{""source"":""/home/sigillus/Schreibtisch/educx/Projekt_KI/markdowns/Antibiotika_Harnwege.md""}",1a862069-37d7-4f27-991b-dbaf861b337c,cb1c1add-fe64-4fa9-80a4-5ca5eb124ba1
f39acabc-6b7e-4952-898d-9988b3067daa,"[-0.0016360104,0.028034067,-0.085570164,-0.07514104,-0.037708167,0.032604966,-0.014870503,0.15857083,-0.012675995,0.0029052629,0.03454268,-0.065658554,-0.025445484,0.020004775,-0.011107694,-0.09817458,-0.0022626068,-0.0254418,-0.078597076,-0.002946494,0.016678171,-0.043264233,0.019361017,0.016754583,0.06858177,-0.0099562025,-0.060492482,0.014421662,-0.01126014,0.030706473,0.0036086026,0.038662232,0.02791748,-0.08669918,0.052914076,0.01654065,0.007537534,-0.0795995,-0.05318594,0.062405635,0.0028439418,-0.050102573,-0.20239776,-0.010635951,-0.09073638,0.0125176795,0.0116103655,0.015391907,-0.062027197,0.11509762,-0.06303132,0.009633082,0.036063883,0.056218497,-0.036050744,-0.0879926,-0.023443783,0.024186263,-0.06405167,-0.015296247,-0.11333168,-0.016298007,0.022491774,-0.03891033,-0.02335015,-0.0020704332,0.034802213,-0.08127573,0.01174411,-0.09874644,0.032852553,-0.013083147,-0.004485092,0.061066758,-0.05659216,0.049345944,-0.009305564,-0.043237273,-0.042587914,-0.11450703,0.06869481,0.034175515,-0.015954044,0.08157633,0.02255944,-0.0013171579,-0.111254334,0.07282575,-0.017366886,0.054458793,0.10408357,0.018675711,-0.027298097,-0.02674383,0.028674426,0.022227857,0.016987266,-0.026549833,0.026325198,-0.06712248,0.015553394,-0.03917712,-0.086139016,-0.051913075,0.018379787,0.035170652,0.03698293,0.003878866,-0.043030657,0.059908245,-0.019321855,0.0025593075,-0.01389558,-0.055646595,-0.02908074,0.06643883,0.008917,-0.060426705,-0.020097392,-0.0038007807,-0.041533362,-0.029044366,0.03427214,0.07341261,0.06463565,0.06843083,0.061119184,1.0573296e-32,0.041323964,0.012942056,-0.009135012,-0.01123876,-0.01676788,0.07476801,-0.008904901,0.06298322,0.09031807,-0.10058862,-0.1075229,-0.060739826,-0.010397299,-0.021398662,0.017398316,-0.048133057,0.0449311,0.023160255,0.00051915704,-0.023019236,0.022648647,0.07296536,-0.013889286,0.011670763,-0.00081263017,0.039797228,-0.087585315,-0.01210677,-0.06686845,0.033932853,0.041568223,-0.09515204,-0.018712213,-0.041170966,-0.011266112,-0.049307063,-0.0317862,0.04400736,-0.034018558,0.055444106,0.054082755,0.01260786,-0.006226889,-0.039005045,0.016536223,-0.009777533,-0.08563081,0.012427614,0.0285171,0.024516443,0.024617707,-0.0018863169,0.07240734,0.00504475,-0.09153406,0.0149202915,-0.05777815,-0.06420561,-0.0037468025,0.05963552,-0.043784533,0.09974129,0.0109919235,0.011937514,-0.062123418,-0.049962085,-0.08264013,-0.066692844,-0.028327858,-6.175057e-05,-0.08327317,-0.03524661,0.056969643,-0.0051120906,0.0667197,0.017037814,0.0465534,0.05746457,-0.03541895,-0.01637094,0.029867746,0.02823833,-0.020551749,-0.01767967,-0.026021644,-0.031368457,0.022319397,-0.06041118,-0.013010148,-0.03300306,0.051432136,-0.07228271,-0.052625854,-0.03007842,0.0031186386,-1.2776203e-32,0.06267193,0.032004777,0.068997085,-0.011799298,-0.033818007,0.11421778,0.034508847,0.022960184,-0.06311933,-0.044330183,0.110196576,0.04010675,-0.07556985,-0.05992852,-0.04284656,0.08740771,-0.038537588,0.08464038,0.029067295,-0.011174366,-0.028677586,-0.08843836,0.008631362,0.07140978,0.014625562,-8.2911865e-05,0.0014989498,-0.041401,0.07353152,0.026661627,0.05820403,0.06619701,-0.055666663,-0.03425486,0.020974714,-0.051038984,-0.053043965,0.028435037,0.011548844,0.030319903,-0.023806121,-0.042928666,0.008860821,-0.06557431,0.032012857,0.01680423,-0.043011274,-0.11287612,0.024344606,-0.042524446,0.08961051,0.04850135,0.011229817,0.1181576,0.056244105,0.052739628,-0.025320107,0.011452791,-0.06477832,-0.030908018,0.042997126,0.048073594,0.047457878,-0.028646803,0.048560295,-0.014483074,0.05394073,-0.0017786766,0.077837124,-0.01348396,-0.021047138,-0.002854709,0.12445102,0.02490184,0.022962611,0.008130763,0.0039038258,-0.046852298,-0.02082455,0.028433453,-0.05320993,0.0387068,-0.052322812,-0.08863899,-0.057360835,-0.0076451735,-0.015499847,0.073368646,-0.02405171,0.0006694255,-0.031639505,0.023678277,0.0071530836,0.053904954,0.1054667,-5.680414e-08,0.10806394,-0.045903265,0.011843753,0.058534507,-0.034259852,-0.050951544,-0.027019035,-0.03088001,0.047363825,0.021425204,0.018283261,0.06552033,-0.04615377,-0.0045551076,-0.031579614,-0.020119485,-0.039584536,-0.010674411,0.0054145847,0.019351576,-0.0057584485,-0.038252886,-0.07793511,-0.08280952,0.07566768,-0.046793256,-0.039278578,0.0013404308,0.070818655,-0.00464148,-0.013582046,0.009532137,0.0075177196,-0.04522971,-0.0017651372,-0.0020155834,-0.006065886,0.022548994,-0.07808723,0.057425365,0.013625258,-0.08695802,-0.002732622,-0.009040551,0.0873005,-0.028616717,0.021187108,0.12660684,0.0005508712,0.031907547,-0.051161744,0.08955768,-0.031922873,-0.05365411,-0.09852014,0.031095881,-0.0820344,-0.07421226,-0.01679729,-0.11004351,0.06272337,-0.04380559,0.00049647567,0.028091399]","Tetrahydrofolsäure unterbunden und somit können die zum

Aufbau von Thymin und Purinen benötigten C1-Verbin -

dungen (Methyl- und Formylgruppen) nicht bereitgestellt

werden. Trimethoprim wirkt bakteriostatisch.

Pharmakokinetik

Die Plasma-Protein-Bindung beträgt für Trimethoprim

40 %. Bei oraler Applikation werden maximale Plasma -

spiegel nach zwei bis vier Stunden erreicht. Es wird in der

Leber metabolisiert. Der Metabolisierungsgrad von Trime -

thoprim beträgt ca. 20 %. Sowohl der metabolisierte als

auch der proteingebundene Anteil sind antibakteriell un -

wirksam. Die Halbwertszeit (HWZ) liegt für Trimethoprim

bei zehn bis zwölf Stunden. Die Ausscheidung erfolgt vor -

wiegend renal und in geringem Umfang auch hepatobiliär.

Fluorchinolone

Pharmakodynamik

Fluorchinolone sind Hemmstoffe der Untereinheit A der

DNA-Gyrase und werden auch als Gyrasehemmer bezeich -

net. Hauptangriffspunkte sind die bakteriellen Topoisome -","{""source"":""/home/sigillus/Schreibtisch/educx/Projekt_KI/markdowns/Antibiotika_Harnwege.md""}",ffff70f6-c691-42bb-b987-198444ce004b,65920f6f-4f9e-42c1-b2b7-e00a47b34630
f39acabc-6b7e-4952-898d-9988b3067daa,"[-0.062376913,-0.09183987,-0.12598398,-0.08012389,-0.043326166,-0.0220305,0.016584698,0.21075958,0.0035016201,0.0651587,0.012456989,-0.044408403,0.06805522,0.10127101,-0.0344614,0.035676025,-0.01369127,0.049944647,-0.03317773,-0.010930928,-0.015939387,-0.05288004,-0.008430841,-0.0062372936,0.0071693705,-0.0705262,-0.03322187,0.009956538,-0.079828225,0.01479179,-0.009325045,-0.018971955,0.0076155984,-0.003614338,0.068925306,-0.033389214,-0.05709316,-0.039222464,0.034429334,0.09423572,-0.017128438,0.0021167302,-0.12485506,-0.06398159,0.02084743,0.04582753,0.047668576,0.06427779,0.005195708,0.0986078,-0.09773814,-0.0032737297,0.028987676,0.08788424,0.022159426,-0.050385047,-0.029788207,-0.09062244,-0.009924897,0.049427588,-0.12393676,-0.08032311,0.122811146,-0.052116267,-0.0017012634,0.009400464,-0.032729812,-0.03900159,0.04606788,-0.0031663324,-0.034396265,-0.035230905,-0.017301202,-0.030835202,-0.018048722,0.037962288,0.060840268,0.05077394,-0.04425872,-0.10381567,0.059216555,0.024038333,0.14038056,0.054000497,0.030463556,-0.0011343544,0.00917319,0.03748404,-0.024219558,0.066158704,0.08059864,-0.002248466,-0.06350805,-0.049199723,0.034243055,-0.071529806,-0.06268604,-0.031416167,0.07617353,-0.093547486,-0.0170907,-0.112212,0.05798237,-0.04852461,-0.03920568,0.020137483,0.10188081,-0.05856694,0.024978176,0.060336784,0.0040502045,-0.00028100377,0.05098696,-0.052503623,-0.009978225,0.06465436,0.027925052,-0.03777937,0.03278304,0.0221342,-0.05353559,0.043299984,0.0756161,0.0114575075,0.029454289,0.17709611,0.061959863,1.3620982e-32,-0.045829915,0.044745736,-0.02648363,-0.0044876225,0.03128295,-0.030930178,-0.00491617,0.006694744,0.06836106,-0.10331464,-0.10653139,0.0017275522,-0.03539284,0.014845036,-0.019244518,-0.03163284,0.10828576,-0.038881946,-0.027109131,-0.005124062,0.025638942,0.015483536,-0.009149853,-0.026337078,0.037113212,0.09084106,-0.07812336,0.08173754,-0.008749773,-0.025623769,0.03318758,-0.06243141,-0.01463302,-0.012079141,-0.034578145,-0.073693536,-0.045696072,0.04490609,-0.024895692,-0.0155316815,0.008492247,-0.009188304,-0.03398003,-0.010758852,0.043790434,-0.036512848,-0.13248326,0.035474926,0.106326126,0.020932205,0.036833838,-0.016769953,0.03893719,-0.061192013,-0.003846015,-0.039276667,-0.04537479,-0.02320297,0.02423098,0.03874272,-0.048514355,-0.012072799,-0.019710956,-0.0174295,0.030173475,0.060757242,-0.0014956115,-0.038756534,0.004028168,-0.025836421,-0.02065815,0.04292226,0.07698131,-0.011550018,0.026349472,0.017572546,-0.0070135347,-0.033905637,-0.036130924,-0.028292157,0.0022748457,-0.03956529,0.02894097,0.019546926,-0.04893212,-0.034490265,0.006347927,-0.015582823,-0.004827368,0.060179003,0.0071325833,-0.033056274,-0.0039918004,0.04037854,0.02510923,-1.411796e-32,0.09657821,0.0198848,0.03460422,-0.040569246,-0.0409166,0.11086009,0.003004295,0.044930983,0.011877446,0.0063256556,0.06528782,-0.057928957,-0.06295151,-0.06845403,-0.08648458,0.025632849,-0.06525459,0.0831602,-0.014513403,-0.0707759,-0.049014937,-0.0107458085,0.0258725,-0.01211013,0.010652125,0.07783837,0.021445151,0.022801869,0.003613343,0.033668287,-0.008669491,0.075094104,-0.041321203,0.0040859664,0.053393297,-0.026467359,-0.010057849,-0.033274736,-0.003993059,-0.053113047,-0.0040609646,0.03028673,0.036147866,-0.04075057,-0.030003222,0.058348402,-0.050149765,-0.07009077,-0.029258585,-0.07594762,0.0022450546,0.07622163,0.0022956647,0.043995123,-0.059603333,0.08864253,0.015259922,-0.015878804,-0.05246258,-0.04545571,-0.016683845,-0.07727648,-0.00358818,-0.042968635,0.06542463,0.023532623,-0.017845929,0.042945605,0.0845104,-0.019945836,0.023323527,0.048444763,0.09916184,0.00029559774,0.0068443185,0.056201432,0.0075936085,-0.07118971,0.030364035,0.025880298,-0.05269129,-0.007037657,-0.0871555,-0.004733367,-0.060675412,-0.043163706,-0.016925761,-0.018055085,-0.009941416,-0.07705357,0.048159245,-0.016142469,-0.012864527,0.012818716,0.026295818,-5.8164474e-08,0.13511638,-0.06703457,-0.041588467,-0.0108897295,0.0062755495,-0.05262021,-0.058348622,0.006149134,-0.0047372947,0.08217845,-0.0461327,0.120755605,-0.067848355,-0.05143382,-0.09973626,-0.0137853855,-0.071213886,0.03137795,0.042554043,-0.012090447,-0.023156403,-0.012965464,-0.10676257,-0.029455962,0.019782966,-0.019152999,-0.013192309,-0.02152292,-0.0066596195,-0.0012103243,0.018380398,-0.023391968,0.0055276877,0.006420214,-0.057204973,-0.016974779,-0.0013386967,0.0028468193,-0.05093462,0.06464493,0.08815321,-0.069213934,0.0007878628,-0.038596816,-0.0060303486,-0.020279458,-0.01824355,0.061363336,0.020401396,-0.0043598395,-0.036058117,0.047734924,0.025610441,-0.013523052,-0.11801997,0.019353412,-0.005896632,-0.008553846,-0.018265247,0.001018181,0.016858736,-0.032638423,0.072453,0.006831118]","net. Hauptangriffspunkte sind die bakteriellen Topoisome -

rasen. Je nach Wirkstoff wird primär die Topoisomerase

vom Typ II oder Typ IV gehemmt. Beide Enzyme werden

für die bakterielle Replikation, Transkription, Rekombina -

tion und Reparatur der DNS benötigt.

Pharmakokinetik

Die Fluorchinolone werden meist gut intestinal resorbiert

(> 90 %, Ciprofloxacin 70 %). Die Plasmaproteinbindung

ist gering und liegt bei 10–40 %. Die HWZ beträgt bei den

hauptsächlich als Harnwegstherapeutika eingesetzten Flu -

orchinolonen drei bis sechs Stunden. Die Ausscheidung

erfolgt vorwiegend über die Nieren, aber auch biliär und

transintestinal.

Fosfomycin-Trometamol

Pharmakodynamik

Fosfomycin ist ein aus verschiedenen Streptomyces-Arten

isoliertes Antibiotikum, das bakterizid wirkt. Fosfomycin

bindet irreversibel an das aktive Zentrum des Enzyms,

das die Synthese von N-Acetylmuraminsäure aus UDP-N-

Acetylglucosamin und Phosphoenolpyruvat katalysiert. Es","{""source"":""/home/sigillus/Schreibtisch/educx/Projekt_KI/markdowns/Antibiotika_Harnwege.md""}",47f57508-d85b-4099-895d-e92e6e1c4691,320ad095-cba0-46fd-ac83-36ab127f2322
f39acabc-6b7e-4952-898d-9988b3067daa,"[-0.040625248,-0.10144792,-0.07165816,-0.030927826,-0.029529002,-0.020053688,0.016007653,0.1496403,0.023377983,-0.031223748,-0.037924655,0.051755693,0.021412993,0.053485714,-0.07915084,-0.04192637,-0.010933398,0.04814143,-0.06226401,0.04055344,0.034622215,-0.05678816,0.0003381175,-0.013243566,0.0064933826,-0.022727925,-0.027628554,0.0051029804,-0.050514072,0.0019518498,0.0027087124,0.032533664,-0.0672352,-0.015920946,0.06305849,0.013034266,-0.03374137,0.01706373,0.0042516086,0.006194132,0.02944979,-0.069613904,-0.088610575,-0.0036098189,-0.017098924,-0.0027750884,-0.047758713,0.030753681,0.01243075,0.066984706,-0.105706885,-0.010647644,-0.011690561,0.12704381,0.030067466,-0.08938412,-0.087649204,-0.06522289,-0.01940109,0.009609286,-0.036944326,0.01823973,0.08298231,-0.059300497,-0.017317371,0.043672048,0.014362262,-0.10569757,0.03329907,-0.0013494258,0.036224317,-0.0067409235,0.036287248,-0.0031987426,-0.03729906,0.0037402695,-0.015697638,0.051201954,-0.06877246,-0.09550724,0.11146626,0.09485139,0.047737543,0.04331236,0.03922374,-0.0046378,-0.041813828,0.041460156,-0.015686465,0.055264432,0.05664635,0.040855855,0.02920353,-0.1249254,0.015146557,-0.11538658,-0.08393898,-0.03748546,0.006499424,-0.035877414,-0.014999173,-0.032721493,0.0161753,-0.0011495765,-0.032563385,0.038483303,0.027411416,-0.009205437,-0.02360698,0.11248361,-0.04391892,0.004634139,-0.046087284,-0.018045211,-0.019376358,0.041376133,-0.00934252,-0.06348814,-0.036811672,0.08263674,-0.01157818,-0.04964292,0.048846174,-0.011648742,0.04826184,0.14867741,0.016522478,1.1610657e-32,-0.010425489,0.0132842595,0.02436308,-0.030024013,0.0609159,-0.018038394,0.01993644,-0.032084174,0.09550438,-0.11760201,-0.11513186,0.046800468,-0.003652638,-0.006809701,-0.05730981,0.03936983,0.05067891,-0.013744121,0.074962296,-0.01294682,0.09665944,-0.0041869436,-0.028673569,-0.007775829,-0.037773974,0.07281791,-0.11092084,0.057752583,0.0049822014,-0.00075164315,0.0032863007,-0.108236425,-0.039739266,-0.06582182,-0.015865123,-0.10557374,0.0036132582,-0.012708967,0.03577392,0.014761458,-0.051371064,-0.022699855,-0.026745766,-0.01778176,0.073403664,0.04329781,-0.13559842,0.012817371,0.05601832,0.08074222,0.010472933,-0.09207869,0.040774073,-0.05676704,-0.03775835,0.0021004737,-0.061138324,-0.040640093,0.0069451258,0.018763334,-0.015998336,0.020887224,0.041978467,-0.07925555,0.019296732,-0.031028675,-0.033974275,-0.034066908,-0.016092295,-0.014333103,-0.07398955,-0.04444101,0.088675834,0.067927174,0.07628965,-0.043535557,-0.03169843,-0.021435058,-0.0020234273,0.028843816,0.0033419607,-0.017083269,-0.040853865,0.03523163,-0.022256326,-0.0072173327,-0.007438423,-0.043391384,-0.014850119,-0.025644835,0.0043648607,-0.07871255,-0.11481285,0.0035844017,-0.010199324,-1.4366714e-32,0.15289366,0.014551198,0.029241625,-0.023174582,-0.002753261,0.10628362,-0.0002611637,0.030093398,0.021285824,0.03251139,0.068735905,-0.0015884945,-0.039719127,0.00025895232,-0.032305952,-0.0204312,-0.02622647,0.05043798,0.013773705,0.0039252774,-0.036987145,-0.035524085,-0.06277658,0.07903325,0.016457599,0.04233022,-0.005513545,0.032291014,0.0032414042,0.025455477,0.011362045,0.08350103,-0.066616416,-0.081920154,0.031768806,0.015349486,-0.065630496,-0.0113087725,-0.077334374,-0.0088973185,0.05440129,0.023878241,0.043617588,0.0023722872,-0.032985553,-0.0049240985,-0.042016994,-0.08185329,0.031773835,-0.0658812,0.064906955,0.10196506,-0.056671184,0.09755507,0.01687184,0.09014309,0.053712126,0.032010514,-0.038195975,0.02390231,-0.046256814,-0.07508767,0.014401082,-0.07996704,0.048778076,0.03299444,0.044429265,0.021437984,0.1001827,0.0054597664,-0.039167646,0.006130018,0.14055343,0.045068894,-0.011556248,0.009574522,0.039326716,-0.09311474,-0.035356343,-0.04255753,0.0056858845,-0.009556529,-0.113124005,-0.016007116,-0.12555137,-0.008533728,0.04628772,0.018486522,0.0059568333,-0.07994933,0.06330084,-0.028007787,-0.07444292,0.028222399,0.0054930486,-5.404386e-08,0.10986912,0.0005100046,0.046214078,-0.0024553773,-0.0052333255,-0.06499052,0.0054006856,0.020251775,-0.027926065,0.019283464,0.023344025,0.09486543,0.0001972929,-0.011244307,-0.028759962,0.03163799,-0.002909795,0.014319333,0.0024250408,0.02021876,-0.021118337,-0.037231635,-0.09918628,-0.03364201,0.02629639,-0.06575253,0.030942503,-0.05694475,0.004298371,0.020333057,-0.010359362,0.012201568,0.02138211,0.03294527,-0.032107502,-0.027008813,-0.03253042,0.013649752,-0.07059682,-0.029688716,-0.028269004,-0.0051647006,-0.06758653,-0.019142311,0.045277398,0.027524402,-0.023030667,0.041733243,-0.008486022,0.008024664,-0.050508585,0.03691212,-0.06789003,-0.06244371,-0.13349807,0.047640618,-0.030008772,-0.06329532,-0.013032834,-0.050809324,-0.0039859596,-0.033368535,0.053324312,0.051557526]","Acetylglucosamin und Phosphoenolpyruvat katalysiert. Es

hemmt so den ersten Schritt der Peptidoglykansynthese.

Pharmakokinetik

Fosfomycin wird von Mikroorganismen durch aktiven

Transport aufgenommen. Es besitzt eine gute Gewebe-

und Knochenpenetration (bei parenteraler Verordnung

relevant). Die HWZ beträgt etwa zwei Stunden. Die Aus -

scheidung erfolgt renal in fast ausschließlich unveränderter

Form.

Nitrofurantoin

Pharmakodynamik

Nitrofurantoin gehört zu den Nitrofuranen, einer Gruppe

synthetischer Chemotherapeutika. Nitrofurantoin hat keine

eigene antimikrobielle Aktivität. Es wird von bakteriellen

Nitroreduktasen zur aktiven Verbindung metabolisiert. Die

Reduktionsmetaboliten führen durch Adduktbildung mit

der DNS zu teilweise deletären Strangbrüchen bzw. hem -

men zahlreiche Stoffwechselaktivitäten durch Elektronen -

entzug.

Pharmakokinetik

Nitrofurantoin wird nahezu vollständig aus dem Gastroin -

testinaltrakt resorbiert. Die Plasmaproteinbindung beträgt","{""source"":""/home/sigillus/Schreibtisch/educx/Projekt_KI/markdowns/Antibiotika_Harnwege.md""}",a7648371-34a9-4438-b901-959d4465819f,6d3b29e0-afb8-4597-b376-66846153c39e
f39acabc-6b7e-4952-898d-9988b3067daa,"[-0.03412913,-0.09578849,-0.042985115,-0.039792243,-0.07766885,-0.012048541,0.027380763,0.16231489,0.010109202,-0.056470945,-0.008508437,-0.009601886,0.03192184,0.07035304,-0.056844465,-0.0019927376,0.04528357,0.029296203,-0.04350766,0.008212566,-0.013427007,-0.038091023,0.00032626215,0.0011424648,-0.008088304,0.06134133,-0.009991795,-0.063404456,0.022100914,0.014259204,-0.014157755,0.04092156,-0.018090839,-0.08494875,0.059975646,-0.05501884,-0.06340598,-0.017661324,-0.06989058,0.03330521,0.062714495,-0.021251662,-0.11892572,-0.000883196,0.016849143,0.0135552175,0.05648555,0.04088472,-0.027945548,0.13677701,-0.08412178,-0.11353043,0.061374843,0.0816621,-0.04356471,-0.092138104,-0.073632285,-0.031570967,0.014897222,0.0721333,-0.05239774,-0.008227601,0.05084794,-0.045917653,0.02108808,0.023507724,0.0526526,-0.029807407,0.043720704,0.0026227662,-0.008067021,-0.020344226,0.055656668,0.04059192,-0.03820476,-0.011109867,0.06720842,-0.007474301,-0.028177833,-0.09667881,0.098622635,0.05979339,0.017044147,0.08959111,0.043502677,-0.016392909,-0.021121547,0.078817375,0.012308697,0.037590664,0.04879529,0.050856482,-0.051850386,-0.07837239,0.06758991,-0.06125754,-0.08729277,0.024932696,0.02289974,-0.049805652,0.0430765,-0.08384272,-0.024462366,-0.014947448,-0.07460065,0.012168719,0.04465367,-0.07370391,0.009446519,0.093702726,-0.04130584,-0.0045420714,-0.01827864,-0.027805405,0.010096687,0.015330853,0.032923732,0.011211995,-0.011013576,0.029550724,-0.0036210846,-0.044863176,0.06681229,-0.053116187,-0.008701714,0.15958351,0.088276535,1.20659125e-32,-0.025976015,-0.029594084,-0.07956747,0.031664375,0.0015289601,0.037802562,0.015887665,0.04815526,0.012036362,-0.07104124,0.0059046624,0.000509731,-0.037799954,0.0014581331,-0.031158043,0.05427417,0.057444856,-0.030472022,0.03871519,0.024161326,0.055056278,0.03436238,-0.07352233,0.043829672,-0.10085054,0.0018114805,-0.076465905,0.029592238,-0.058967616,-0.059950467,0.050084352,-0.11853016,-0.0238617,-0.028452903,0.006032353,-0.057859544,0.09704602,0.0140400715,-0.018154988,-0.04035837,-0.06622301,0.017301962,-0.06439042,-0.042980287,0.05384801,-0.00059428916,-0.106796265,-0.007112245,0.069123134,-0.00507844,0.059775427,-0.028635278,0.014113821,-0.06288776,-0.06509504,0.05779259,-0.06086197,0.010814254,0.0022865646,-0.015268057,-0.016762367,0.014979799,-0.0060664075,-0.04231521,0.040919885,0.058728263,-0.045433946,-0.030596707,-0.029700987,-0.010667052,-0.076991655,-0.0022915448,0.030371835,0.043261208,0.060581423,-0.053340845,-0.010941819,0.03868134,0.012359193,0.018321838,0.04993102,-0.021666674,-0.022956137,0.025476612,-0.06946801,0.014965614,-0.005140638,-0.0062792767,0.017606948,-0.0004244389,0.07923499,-0.07273534,-0.09665494,0.015490211,0.019412825,-1.3319172e-32,0.034525964,-0.0009920171,-0.07116446,0.021021893,0.0058495924,0.091841936,0.026849832,0.058331303,-0.00673147,-0.059392054,0.08927918,0.0008714325,-0.0053075966,0.030639533,-0.04292284,0.037078053,-0.08688863,0.083513245,-0.0028970912,-0.074953444,-0.012531232,-0.012661769,0.005782449,0.08809788,0.009034802,0.023808401,0.017269673,0.03484027,0.059407536,0.0904086,-0.0020370388,0.06108775,-0.07964703,-0.042206466,0.046519246,-0.03191933,-0.00594635,-0.018629646,-0.05410112,-0.060700636,-0.04333996,0.055692974,0.05348834,-0.076222576,-0.016020518,0.06147285,-0.006882435,-0.09386235,-0.016567402,0.020740375,0.05948578,0.06865347,-0.048685756,0.041659743,-0.0024907866,0.059217833,0.0013105107,-0.023439692,0.052103102,0.0121336775,-0.030311646,-0.0006433143,-0.013981184,-0.038224082,0.0041151177,0.014954069,0.00581645,0.071739666,0.14842679,-0.04731285,-0.015628273,0.020412676,0.11252891,-0.02888756,-0.037561197,0.079026654,0.06548088,-0.10295278,-0.002866044,-0.10712764,-0.013886161,0.0587929,-0.077983245,-0.052137844,-0.057258554,0.05323718,0.002706685,0.019638002,0.0975278,-0.05121393,0.036648836,-0.066125266,-0.11880448,-0.013629824,-0.015255881,-5.8116918e-08,0.09264831,-0.038717877,0.030384125,0.055982467,-0.019792821,-0.036966823,0.032151785,-0.014685013,-0.0015892616,0.07247979,0.049064007,0.08853422,-0.08328968,-0.01807125,-0.075193,-0.020028256,-0.009495341,0.011214747,0.0026735123,-0.016671045,0.026477778,-0.010030325,-0.041030377,0.008012678,-0.008805685,-0.045538906,0.041718658,0.0013032701,0.06371143,-0.06249286,-0.05982473,0.031533133,-0.0018410174,-0.039220903,-0.014842963,-0.0065723048,-0.052231245,0.08071202,-0.04997032,0.03900232,-0.054730866,-0.08533312,-0.022839233,-0.033116814,-0.03558924,-0.05271573,-0.03421476,-0.0031608872,0.03207036,-0.019902093,-0.028481979,0.02341788,-0.025365364,-0.019882219,-0.11753436,0.0046049505,-0.026192492,-0.03876488,-0.033848953,-0.111950345,-0.041203488,-0.052446496,0.02887581,-0.0075192032]","testinaltrakt resorbiert. Die Plasmaproteinbindung beträgt

etwa 40–80 %. Nitrofurantoin wird sehr rasch (HWZ 20–

30 Minuten) über die Nieren ausgeschieden und zwar zu

etwa 40 % in unveränderter Form.

Nitroxolin

Pharmakodynamik

Nitroxolin gehört zur Wirkstoffgruppe der 8-Hydroxychi -

nolin-Derivate. Es ist ein Chelatbildner für zweiwertige

Kationen. In therapeutisch erreichbaren Konzentrationen

wirkt die Substanz vorwiegend bakteriostatisch gegenüber

den meisten gramnegativen und grampositiven bakteriellen

Erregern von HWI.

Pharmakokinetik

Oral appliziertes Nitroxolin wird rasch und nahezu vollstän -

dig im Darm resorbiert. 15–30 Minuten nach einer oralen

Gabe von Nitroxolin ist der Wirkstoff im Blut nachweisbar.

Maximale Plasmaspiegel werden nach 1–1,5 Stunden er -

reicht. Die Elimination erfolgt größtenteils renal, überwie -

gend in Form von glucuronierten und sulfatierten Konjuga -

ten. Die mittlere HWZ im Urin beträgt ca. zwei Stunden.","{""source"":""/home/sigillus/Schreibtisch/educx/Projekt_KI/markdowns/Antibiotika_Harnwege.md""}",42762a72-559b-4f82-afcb-7e2f5a08d8a0,8b4b5149-29c8-4140-b732-a7f415245e8e
f39acabc-6b7e-4952-898d-9988b3067daa,"[-0.06624853,0.014088487,-0.019825252,0.050487123,0.012731446,-0.036613718,-0.017689481,0.10706339,0.013876071,-0.02615404,0.0059827943,0.035501096,0.031434692,0.027033526,-0.055488765,0.03175208,0.018323487,0.034849923,0.019868968,0.09949769,0.043838296,-0.04912689,-0.059670404,0.018259885,0.021762846,0.029220374,-0.02323526,-0.023768498,0.03870634,-0.010263535,0.026481016,0.086127736,-0.04229691,-0.083260536,0.039723158,0.13731122,-0.092395,-0.0024311661,-0.06568998,0.06071432,0.05279298,0.006612272,-0.116521105,-0.030572355,0.06015864,-0.063249856,-0.091786474,0.007946847,-0.019629283,0.12915345,-0.07155048,-0.115156524,0.01048905,0.021641297,-0.040941376,-0.149547,-0.10225004,-0.05966879,0.008820882,0.00017252259,-0.06918122,0.01863035,0.04661401,-0.0058944714,0.018464774,0.07206497,0.03007268,-0.1327467,0.059322946,-0.00883108,0.015288602,-0.02761739,0.017193157,0.03045494,-0.051686276,0.015695976,0.027255885,0.0071369936,-0.019088507,-0.09738001,0.02124845,0.09247868,0.0612399,0.041214213,0.029263657,0.029944403,-0.009793651,0.011397934,-0.00911585,0.014645513,0.08110659,0.070728846,-0.094962776,-0.042025875,0.04617856,-0.030912358,-0.11217027,0.030150052,-0.049523667,-0.020348687,-0.0046131243,-0.041557755,0.022436794,-0.022071104,-0.079392254,-0.024800565,0.034966983,-0.0980084,-0.038470175,0.07742869,-0.034606077,0.046932675,-0.004679586,-0.0023565346,0.021827608,0.059959695,0.046875782,-0.057993826,0.06846546,0.086758584,0.012383648,-0.08358645,0.065951005,-0.11251592,-0.030792171,0.093837045,0.020993693,1.6779587e-32,-0.026087949,-0.009146383,-0.009066968,0.039820727,0.030743936,0.047395945,0.022581784,0.0070286654,0.015268964,-0.06800867,-0.120694384,0.05969441,0.005583819,-0.008781956,-0.014388973,-0.094857864,0.050099716,0.0036501389,0.05769596,-0.015786082,0.001114692,-0.03005202,-0.039232347,0.07289583,-0.078742936,0.11459346,-0.0059595737,0.05918971,0.006281007,0.023016099,0.044494353,-0.03305774,-0.055753727,-0.027465478,-0.11290042,0.011393939,0.017863175,-0.050799966,0.009668068,-0.10415234,-0.059433054,0.040433105,-0.026588881,-0.013705943,0.044151593,-0.040588576,-0.10675881,-0.011832245,0.046178315,-0.0124767255,-0.03397929,0.012966368,0.013215249,-0.03582365,-0.09886971,0.07745301,-0.012330455,-0.02934049,-0.013931548,0.03447107,0.05213301,0.05086607,0.054178473,-0.004438929,0.039390206,0.027857058,-0.07847987,-0.11691416,-0.011049843,-0.0021310907,-0.049099717,0.03951867,0.07791527,-0.0009259703,0.02998761,0.024400948,-0.021157695,0.03985719,0.010101783,0.034199845,-0.13361427,-0.0015102065,0.014835397,0.033571113,0.017130172,-0.09306199,-0.031771734,0.0154181,-0.058002926,0.068357006,0.102096975,-0.017788896,-0.090156056,0.0032852194,-0.006928503,-1.70559e-32,0.020725582,0.058915038,-0.008439422,0.010383712,0.04179908,0.042233907,-0.006245477,-0.003044579,0.029431654,-0.042135287,0.02829446,-0.0021890348,-0.049394593,-0.044988237,-0.079406425,0.03808466,-0.018642034,0.008764223,0.0027939277,-0.029072579,0.009897528,0.05598355,0.031649396,-0.023405408,0.06736074,0.027338501,0.058519162,-0.036925986,-0.00078205473,0.0141757345,-0.070559576,0.046316907,-0.047712795,0.025157517,0.00062751636,0.062609404,0.004088494,-0.022025507,-0.027905442,-0.08321819,0.0242337,0.013697046,-0.05186855,-0.035804395,0.029484246,0.02992851,-0.023761641,-0.11569535,0.05314395,-0.055191774,0.07756645,0.08240399,-0.023822565,0.05758221,-0.0861067,0.048447914,-0.020434668,-0.051752597,-0.029770851,-0.007508273,0.048797794,0.033618275,-0.08886962,-0.04290784,0.031162784,0.0024168903,-0.019096468,0.012655328,0.047430657,-0.06956534,-0.00884448,-0.0057974034,0.07675927,-0.00069448055,0.025401564,-0.028418127,4.910354e-05,-0.105789036,-0.0076728906,-0.091763556,-0.04331332,0.018960202,-0.08257373,0.012983908,-0.058071896,-0.037115235,0.008365067,0.01231994,-0.0016998842,0.052825864,-0.03800799,7.949683e-05,-0.099889405,0.06141862,0.029459547,-7.221995e-08,-0.03638697,-0.013477167,0.029663023,-0.034798913,0.033200286,-0.07780621,-0.0309651,0.07364281,-0.035287466,0.110424206,0.04086154,0.07956573,-0.042612787,-0.016984925,-0.0066416734,0.002798903,-0.022954337,0.05988765,-0.014790569,-0.058812432,0.048037432,-0.03434536,-0.077278845,-0.034087583,0.07048438,-0.053325936,-0.02647438,-0.027788693,-0.064693525,-0.013620575,0.0033211424,0.02183916,0.0632064,0.017368538,-0.05988108,0.048300765,-0.04533033,0.06348368,0.030384976,0.048157763,-0.038690004,-0.06791739,-0.028671447,0.006115794,-0.074635774,-0.011987077,-0.077753074,0.02041642,0.010272886,-0.015324916,0.010776229,-0.009446529,0.051610902,-0.039570987,-0.038902286,0.011452023,0.06561838,-0.06259947,0.022804515,-0.0058621946,0.01043641,0.0070733265,0.06529106,0.029985012]","Risikoinformationen/Schulungsmaterial/Wirkstoff/node

Wirkstoff.html

Edoxaban

vor dem Beginn der Behandlung: Nieren - und Leberfunktion

überprüfen!

Schulungsmaterial für Ärzte und Patientenausweis: https://

www.bfarm.de/DE/Arzneimittel/Pharmakovigilanz/

Risikoinformationen/Schulungsmaterial/Wirkstoff/node

Wirkstoff.html

Rivaroxaban

vor dem Beginn der Behandlung: Nierenfunktion überprüfen!

Schulungsmaterial für Ärzte und Patientenausweis: https://

www.bfarm.de/DE/Arzneimittel/Pharmakovigilanz/

Risikoinformationen/Schulungsmaterial/Wirkstoff/node

Wirkstoff.html

Rivaroxaban 15 mg und 20 mg sollten mit einer Mahlzeit ein -

genommen werden, um eine optimale Resorption zu gewähr -

leisten (gilt nicht für Rivaroxaban 2,5 mg und 10 mg)

Cave: Bei Umstellung von VKA auf Rivaroxaban wird der INR -

Wert auch durch Rivaroxaban-Restplasmaspiegel verlängert DIREKTE ORALE ANTIKOAGULANZIEN

Dabigatran Apixaban Edoxaban Rivaroxaban

eingeschränkte

Nierenfunktion","{""source"":""/home/sigillus/Schreibtisch/educx/Projekt_KI/markdowns/DOAK_Vorhofflimmern.md""}",74e0863a-0232-448b-b3ee-89bee20de7a3,e84118cd-08ad-4ea6-bffc-c8c3c5b67c4d
f39acabc-6b7e-4952-898d-9988b3067daa,"[-0.12307832,-0.10715499,-0.08910756,-0.045331568,0.040489674,0.054400478,-0.010345849,0.09923971,0.046813108,0.031321608,0.03442431,0.02196949,0.029695611,0.13297957,-0.023393588,0.023477573,-0.082334556,0.017813131,-0.0021900192,0.014309953,6.31919e-05,0.056303144,-0.052043058,0.04303118,0.024466695,0.008924419,0.037147153,-0.03429989,-0.0405344,0.027297925,-0.050861366,-0.064101666,-0.03136746,-0.071917884,0.066291265,0.02654903,-0.09594977,-0.122557454,0.10833769,0.005808005,0.026916279,0.045227014,-0.068751745,-0.06416957,0.010135475,0.0006251987,0.0117104845,0.039757326,-0.032911967,-0.035869963,-0.017280804,-0.029166637,0.02520799,0.03838462,0.034901295,-0.11695989,-0.05213921,-0.003596317,0.023726229,0.066257544,-0.057627186,0.041021686,0.08335231,-0.063684,-0.057129286,-0.0069398778,-0.024602091,-0.03197772,0.05746351,-0.046288457,-0.08012705,-0.030549696,-0.014021901,0.048105318,0.031149065,-0.055239804,0.03866478,0.057311162,-0.08695542,-0.08709086,0.024519347,-0.040957797,-0.015601621,0.048305765,0.02321095,-0.048517283,-0.00456241,0.08222756,0.024293607,0.063952826,0.15311013,0.06372543,-0.05305184,-0.05152936,0.023233801,-0.0945996,-0.04079134,-0.039103758,0.027821964,-0.044249214,-0.04857751,-0.0066632023,-0.035488013,-0.05869727,0.033291366,0.014359172,0.074761316,-0.0470327,-0.00073067757,0.0339173,0.048930492,-0.036870997,0.050965063,-0.045617875,0.0007361263,-0.003978083,-0.030427415,-0.0060860775,0.0068286634,0.019952912,-0.035452504,-0.02824579,0.035925455,0.04075084,-0.0439358,0.07624696,-0.047683574,1.1267289e-32,0.03886033,-0.005855735,-0.022964615,0.028353339,0.059814587,0.038714763,-0.028729023,-0.0025762354,0.02659867,-0.108831435,-0.099415675,-0.055545207,-0.027864274,-0.0065449527,0.007876779,0.06531651,0.01527643,-0.004046606,0.047610816,0.04622282,-0.012817634,0.018836865,-0.04322142,-0.046229273,0.06201907,0.070936,-0.03837689,0.051522817,0.034383472,-0.023476278,0.011116401,-0.056747504,-0.05018183,-0.024483819,0.017953156,-0.06327139,0.010072665,-0.0145862205,0.011587019,-0.035471458,-0.007717697,0.006941441,-0.11524029,0.014596068,0.0724616,0.067343526,-0.07990906,0.050095987,0.01601092,0.019956617,0.07556307,-0.052957978,0.029681133,-0.02139647,-0.057291374,0.017959168,-0.059480242,-0.013830693,0.0922479,0.06065912,0.028753323,0.039326258,0.0028578425,-0.05408093,0.028218122,0.037223592,-0.025653988,-0.053475685,0.005168299,-0.025560454,-0.0628042,-0.0594667,0.07183019,-0.0028292323,0.026063304,-0.03531161,-0.017495813,0.040727153,0.006284707,0.01074375,0.003957167,0.021680815,-0.0034378143,-0.047842428,-0.01973662,-0.02845017,0.02245301,-0.033352643,-0.011639003,0.039793313,0.0669273,-0.061827615,-0.027125563,0.070449844,-0.040782265,-1.1582462e-32,0.14751253,-0.05969898,0.038608607,-0.08062776,-0.047755476,0.01372733,-0.0033965267,-0.10796715,0.06539281,-0.031821202,0.07693239,-0.03207489,-0.045271005,-0.010756626,-0.03142794,0.032387406,-0.054165076,0.09197527,-0.06126395,-0.047669724,-0.013973642,-0.004254985,0.049761716,0.042893726,-0.025861852,0.012349679,-0.028845228,0.075188085,0.043882806,0.022678064,-0.004449556,0.06251568,-0.080705374,-0.059983987,-0.09118972,0.029459275,-0.017558666,0.013609977,0.059216157,0.008895966,0.0180481,0.071299985,-0.0589755,-0.013626367,0.013737091,0.060619593,0.038859595,-0.07894663,-0.04792154,-0.07279049,0.048890784,0.0013213421,0.028410003,-0.015784733,-0.041254327,0.034186147,-0.028905518,0.068157956,0.06327384,-0.02513949,0.03125976,-0.08786166,0.038709804,0.049018517,-0.015478821,0.038525917,0.06413949,0.023212032,0.1278815,-0.044734553,-0.04573393,0.00075366243,0.11016295,0.05422214,-0.009585901,0.07621404,-0.028839154,-0.092243075,0.023819186,-0.04808712,-0.045157008,0.014880497,-0.11860616,-0.032719932,-0.04687141,-0.030893376,0.055693287,0.08522304,0.017471619,-0.02833583,-0.02432451,0.025542168,0.047175504,0.073174946,0.12871578,-5.522199e-08,0.07507873,-0.03168836,-0.02818261,0.011482746,-0.0332849,-0.020014115,0.009448732,0.008802798,0.020549703,0.0030139526,-0.048053317,0.04094688,-0.092568055,0.020930758,-0.05256455,0.084815286,-0.08747146,-0.0171588,0.039565127,0.012855483,0.03174772,0.0059633283,-0.0966721,0.02003858,0.016220948,-0.09806538,0.004024258,-0.005418691,-0.053561963,0.016489897,-0.001871318,-0.006329829,-0.012171599,-0.047606807,0.01153623,0.015494595,-0.04427254,-0.032602273,-0.006213447,0.0690715,0.010713683,-0.081158504,-0.068652816,-0.052152697,0.010428759,0.016599247,-0.022270013,0.091577575,-0.038136255,-0.011504214,0.084597364,0.037051566,-0.030669834,-0.06485023,-0.094396025,0.064332865,-0.02990521,-0.024443941,-0.045829825,-0.035222303,-0.03803768,-0.04385206,0.118713364,0.002489418]","ten. Die mittlere HWZ im Urin beträgt ca. zwei Stunden.

Wirkungsweise (17–20) Wirksamkeit/Wirkspektrum (2;17–20)

Betalaktamantibiotika

Aminopenicilline + Betalaktamaseinhibitor, Cephalo -

sporine

Pharmakodynamik

Wichtigster Angriffspunkt der Betalaktamantibiotika sind

die Peptidoglykansynthetasen der bakteriellen Zellwand.

Die zur Peptidoglykan-Synthese erforderlichen Enzyme,

die durch Bindung an Betalaktamantibiotika ihre Aktivität

verlieren, werden als Penicillin-bindende Proteine (PBP)

bezeichnet. Ein wichtiges derartiges Enzym ist die Trans-

peptidase, die irreversibel blockiert wird. Die damit ver -

bundene Inhibition der Mureinsynthese führt zur Bakterio -

lyse. Die voneinander abweichenden Wirkungsspektren der

Betalaktamantibiotika ergeben sich aus ihren physikalisch-

chemischen Eigenschaften, welche die Penetrationsfähig -

keit in die Bakterienzelle bestimmen, und in ihrer differie -

renden Affinität zu den einzelnen Enzymen.

Pharmakokinetik","{""source"":""/home/sigillus/Schreibtisch/educx/Projekt_KI/markdowns/Antibiotika_Harnwege.md""}",a51fa81c-ad2d-4d60-ac50-f4204baf7e55,78ee7b94-84c4-458b-afb0-bf143e3a3730
f39acabc-6b7e-4952-898d-9988b3067daa,"[-0.11723707,-0.054111958,-0.036983922,-0.06381428,-0.07115938,-0.038122986,-0.026787046,0.16394192,0.03547773,-0.011547199,0.008095661,-0.048717972,-0.017512763,0.107480906,-0.06875036,-0.052423626,-0.037087996,0.03273496,0.0028629163,0.037053395,0.02215501,0.014438893,-0.041854963,0.016957726,0.057815507,0.030422872,0.020737097,-0.0061911503,-0.0343955,0.014395731,-0.021892413,0.0024601894,-0.026584102,-0.072965935,0.04684421,0.0072560897,-0.065339655,-0.08664359,0.06175558,0.02305775,0.0051304493,-0.0076804063,-0.14989021,-0.030421639,-0.025005639,-0.010891056,-0.0029428564,0.017718684,-0.015528863,0.05650564,-0.07413591,-0.052259807,-0.0025360466,0.08022319,0.048189893,-0.09172063,-0.00950193,-0.054556336,0.018475207,2.9471019e-05,-0.057413265,-0.0009053138,0.09910067,-0.06379883,-0.031122189,0.0069029955,-0.04611122,-0.1715963,0.09174249,-0.058276884,-0.0038376036,-0.05668358,0.017959861,-0.0020217865,-0.057206456,-0.03622055,0.02160168,0.024183482,-0.082008295,-0.018188832,0.056506988,0.017317882,-0.010649974,0.0007078228,0.0146989245,0.013752295,-0.029395452,0.06207182,-0.04736336,0.092400566,0.08559353,0.069409356,-0.06900909,-0.12482299,0.037202958,-0.09321013,0.005550265,-0.02379925,0.087053195,-0.02666012,-0.034752328,0.010777166,-0.015701843,-0.04495833,0.007835321,0.0023894156,0.10653701,-0.08678887,0.008572022,0.026097506,0.011351914,-0.010323575,-0.023671588,-0.0023332152,-0.01781299,0.08808891,0.0111466525,-0.055690322,0.028077504,0.061942965,-0.025367528,-0.080496795,0.056076888,-0.0015563421,0.04487222,0.16928802,-0.034878504,1.2135183e-32,0.0029595203,-0.010113214,-0.025105575,-0.018604314,0.057724144,0.02859457,-0.016356133,0.0249225,0.06077904,-0.17611948,-0.10574611,0.050295696,-0.037884943,-0.001643801,0.002176033,0.018509751,0.03885021,-0.025294987,0.07544639,-0.06615212,0.06283625,-0.031254012,-0.0055608596,-0.0057270657,0.017303584,0.014696432,-0.08717472,0.09448607,0.028583255,0.009951502,0.020078573,-0.086943895,-0.024959348,-0.04795398,0.046004325,-0.03176608,-0.012912156,0.025998903,-0.04020412,-0.011309256,0.013482436,0.030042782,-0.010799609,-0.03167948,0.07743568,-0.019681446,-0.14333372,0.07521439,0.056490786,0.047830768,0.023480983,-0.052129954,0.07023663,-0.057786163,-0.02038596,0.068225816,-0.104014106,-0.08366604,-0.015679425,0.021892332,0.016030323,0.07324755,0.0054444787,0.010366765,0.030200751,0.047355026,-0.06921068,-0.049422946,0.009851297,-0.07080951,-0.10750282,-0.037231475,0.017811388,0.010319855,0.010711781,0.0025354913,0.008563008,0.006159763,-0.037252173,-0.037923746,-0.00280813,0.043839492,0.027868725,-0.015738765,0.018560674,-0.0025011315,0.027358066,-0.011056333,-0.010351635,-0.025457922,0.04311815,-0.021695174,-0.096761055,0.025474876,0.014846619,-1.423227e-32,0.13557667,-0.07889752,0.035965238,-0.02630556,0.0062107383,0.068637155,0.0018716148,-0.06949905,-0.015397437,-0.029502138,0.0056527033,0.06538175,-0.011719629,-0.034324024,-0.019919122,0.028358666,-0.043440074,0.036986463,-0.018074708,0.010459713,0.030418903,0.019203572,0.027022269,-0.018810403,-0.026125005,0.010036206,0.022377368,0.0034702332,-0.00050602085,-0.0013056285,-0.011569435,0.12970358,-0.019078122,-0.07757883,-0.0011642345,-0.0050429488,-0.028813282,-0.030818537,0.05037786,0.039750725,0.061266266,0.04582421,-0.054305196,-0.051868897,0.037334636,0.013514393,0.051951945,-0.078456745,-0.0699225,-0.07416634,0.07397262,-0.017095065,-0.013467218,0.0358568,0.012495588,0.048926707,0.06448069,0.0714195,0.04385431,-0.038282808,0.03465804,-0.054009955,0.018798592,-0.028078673,0.041605603,-0.002992151,0.08280859,0.030190485,0.07829218,-0.048903435,0.012254527,-0.011529579,0.0671064,0.031228207,0.018059134,0.025923174,-0.03568472,-0.06368785,-0.017967816,-0.04528133,-0.031322345,0.058524985,-0.09366348,-0.019688169,-0.057491954,-0.0062794215,0.035430107,0.050491717,-0.07687808,-0.053700205,-0.03437699,-0.016277915,-0.01535465,0.05223537,0.1196589,-6.0067364e-08,0.08223392,0.042989817,-0.022702293,0.038082246,-0.013662337,-0.06972196,-0.004688958,0.031665426,-0.0031192133,0.037348237,-0.030861026,0.07351566,-0.0140131395,0.03166117,-0.03902454,0.0481697,-0.022139506,-0.0061923894,-0.019403048,0.0046860725,0.018436417,-0.041723303,-0.07890791,-0.023078157,0.04085869,-0.104323365,-0.010840513,0.015974281,-0.075458914,0.0034898587,-0.024746457,0.035196446,0.022798322,-0.058337886,-0.048498023,-0.046912905,-0.01559519,0.0054964023,-0.051816367,0.024508005,-0.0048624063,-0.081020065,-0.078278296,-0.0596309,-0.008923116,-0.0041741347,0.016475132,0.07894216,0.00024940862,0.05279331,0.043452945,0.039977673,-0.020268692,-0.009444004,-0.102214985,0.042358294,-0.008415452,-0.049691863,-0.05036781,-0.047591712,0.099506155,0.03620726,0.04720963,-0.026286555]","renden Affinität zu den einzelnen Enzymen.

Pharmakokinetik

Nur einige Betalaktamantibiotika sind magensäurestabil

und über die Darmmucosa ausreichend resorbierbar, um

für eine orale Therapie eingesetzt werden zu können. Sie

werden nur wenig metabolisiert und der größte Teil un -

verändert ausgeschieden. Die HWZ liegen bei den Peni -

cillinen bei etwa einer Stunde, bei den Cephalosporinen

überwiegend zwischen ein und zwei Stunden. Vorwiegend

werden Betalaktamantibiotika renal eliminiert. Neben der

glomerulären Filtration hat die tubuläre Sekretion einen un -

terschiedlich hohen Anteil an der renalen Clearance. Einige

Substanzen werden biliär ausgeschieden. Betalaktamanti -

biotika können – vor allem bei biliärer Ausscheidung und

bei schlecht resorbierbaren oralen Substanzen – zu erhebli -

chen Störungen der physiologischen Darmflora führen.

Pivmecillinam

Pharmakodynamik

Pivmecillinam ist ein oral wirksames Antibiotikum, das","{""source"":""/home/sigillus/Schreibtisch/educx/Projekt_KI/markdowns/Antibiotika_Harnwege.md""}",7b6375b8-4bad-42b3-9b46-ad6576ea0771,cb663d65-41a5-4b68-8b7d-29c97eb13be1
f39acabc-6b7e-4952-898d-9988b3067daa,"[-0.1199109,-0.0932792,-0.051959865,-0.044797037,-0.01468356,0.022169696,0.0174533,0.20356509,0.009539438,-0.0034172374,-0.024762826,0.030643301,0.026932664,0.05956246,-0.099140406,0.02847103,-0.050900742,0.032248553,0.013991013,0.07818472,0.040967423,0.016197743,0.044067986,0.07054742,-0.012714431,0.07650921,0.046458617,0.025465174,0.007531802,-0.007955015,0.05871199,0.021641044,0.024233729,-0.07390056,0.08007358,0.04871926,-0.13065526,-0.15430771,0.06801122,0.06091947,-0.023843378,0.04490611,-0.12245543,-0.03844344,0.017819764,0.043665327,0.010956045,0.005273758,-0.007935142,0.059434157,-0.030393863,-0.05795237,-0.022532096,0.016664995,-0.037940085,-0.07944157,-0.08866472,0.031208929,0.02254625,0.05562073,-0.05549999,0.029344227,0.087062016,0.021062162,-0.10334658,0.045209914,-0.016114568,-0.027764998,0.042733118,-0.024972565,-0.039394192,-0.010973759,-0.031944968,0.03305922,-0.033066373,-0.01932264,0.026389208,-0.030555934,-0.121543035,-0.011956632,0.027163135,-0.111543395,0.009687373,0.051310755,0.037237395,0.014919808,0.015364784,0.03993143,0.09181847,0.07440881,0.09481027,0.047317706,-0.024015212,-0.059455123,0.054391176,-0.09319252,0.0014826715,-0.020550424,0.018308729,-0.03087038,-0.052496433,-0.05462629,-0.06685258,-0.05781419,0.087352365,-0.028762763,0.10654765,-0.07042564,0.017610297,0.014124042,0.0276116,-0.041938327,-0.020218471,-0.010853451,-0.035113536,0.06250683,0.054736145,-0.07092581,-0.0061134654,0.0005121155,-0.016533874,-0.08191568,0.059024718,-0.05014528,-0.08303697,0.085828006,-0.014855869,1.2041809e-32,-0.042087696,-0.03766942,-0.053227097,-0.010328205,0.013282405,0.038207892,-0.00076641777,-0.03482648,0.039325956,-0.1381058,-0.09833019,0.037177358,-0.024385834,0.07560168,-0.0011541293,-0.008259636,0.042242773,-0.035907328,0.01887168,0.051854752,0.024260756,-0.019282253,0.0038599405,-0.010546173,0.008188985,0.067888565,-0.07278052,0.07204229,0.056568824,-0.0142261665,0.0059459754,-0.08759517,-0.008590565,-0.0033787824,0.021986568,-0.030481678,-0.051851057,-0.02296733,0.024797047,0.007615282,-0.010783506,0.008908692,-0.059847865,-0.039868616,0.056400385,0.028256638,-0.1480166,0.0704101,0.02905014,-0.022316998,0.03946672,0.005926173,0.016947396,-0.051087458,-0.039926767,0.024967737,-0.04510495,0.0128898425,0.0036442406,0.057655964,-0.007842395,0.03776347,0.06443503,-0.030403132,0.024400568,0.02037777,-0.08219205,0.0063661016,-0.012983634,-0.020497195,-0.0650111,-0.032781675,0.03462592,-0.010180228,0.07253083,-0.0008264764,0.049689032,0.043928828,-0.08904322,0.025459735,0.038469397,-0.016317556,0.029754952,-0.027197544,-0.050522503,-0.0063104257,0.03686534,-0.012573583,0.0050865035,0.07755271,0.013485537,-0.07018719,0.010011117,0.07904914,-0.05776839,-1.3790112e-32,0.0068238573,0.022606028,7.110512e-06,0.038767323,-0.026497051,0.064894885,0.09225053,-0.055641003,0.024439234,-0.020910185,0.02222168,-0.021856444,-0.06787929,0.005953651,-0.04829649,0.061554838,-0.01084694,0.08839626,-0.0401587,-0.04199145,-0.010226877,0.050789583,0.013133669,0.033909265,0.0022204842,0.043622304,-0.01359188,-0.00452806,-0.030051067,0.060947474,-0.03573182,0.047260787,0.021854972,-0.0035324101,-0.05007985,0.06778942,0.043863785,-0.037834942,0.022742895,-0.008001114,0.040837824,-0.019459326,-0.06697249,-0.030361021,-0.011912008,0.007676434,0.014586447,-0.040981516,-0.027540473,-0.044911243,-0.008449428,-0.005008508,0.028283268,0.030332837,0.00022100743,-0.02205951,-0.013160981,-0.0033703693,-0.0031708374,-0.030375175,0.018049646,-0.06962463,0.042542834,-0.019133711,0.015304872,0.053995326,0.039340172,-0.01784903,0.08229961,-0.102505445,-0.015383552,-0.017919859,0.06974955,0.031282052,-0.0064981855,0.055385403,-0.07012801,-0.14339334,-0.047985468,-0.07219647,-0.08636913,0.030927105,-0.12105529,-0.033736035,-0.048936117,-0.048490494,0.01214585,-0.0012094268,-0.024468586,-0.033552248,0.027299961,0.013951439,0.020643227,0.041024238,0.10607644,-5.7731864e-08,0.1044228,-0.047671076,0.026550135,0.05683365,0.04130974,-0.07272426,-0.029008118,-0.0020417126,0.0072990116,0.022464834,-0.050161537,0.09564606,-0.07696521,-0.020372944,-0.034130123,0.047710307,-0.13710691,0.02619634,0.00230674,-0.011249134,-0.0058379825,-0.043441936,-0.07309161,-0.052481715,0.034568727,-0.084945366,0.0140604125,0.018786944,-0.03902215,-0.036313813,-0.029773325,0.027532794,-0.035621885,-0.054755006,-0.041461777,-0.020401374,-0.06509777,0.06540856,-0.038278818,0.08623611,-0.024867691,-0.045676194,-0.05795538,-0.0038938518,-0.01836932,0.00078701886,0.00015477312,0.02097031,0.02908146,0.031080648,0.04462389,0.06838466,0.031751346,-0.028388217,-0.053997092,0.05265789,-0.027298516,-0.036493998,-0.0465356,-0.09634754,-0.053838424,-0.012446557,0.1175867,-0.017583486]","Pivmecillinam

Pharmakodynamik

Pivmecillinam ist ein oral wirksames Antibiotikum, das

als Prodrug von unspezifischen Esterasen im Blut, in der

Magen- und Darmschleimhaut sowie in anderen Geweben

zum aktiven, antibakteriellen Wirkstoff Mecillinam hydro -

lysiert wird. Mecillinam ist ein Betalaktam mit Wirkung

vor allem gegen gramnegative Bakterien. Es ist gegen viele

Breitspektrumbetalaktamasen (inkl. viele der sogenannten

ESBL-Enzyme) stabil. Als Betalaktam stört es die Biosyn -

these der Bakterienzellwand.

Pharmakokinetik

Nach oraler Gabe von Pivmecillinam werden etwa 1–1,5

Stunden nach der Einnahme maximale Blutspiegelwerte er -

reicht. Die HWZ der Ausscheidung von Mecillinam beträgt

etwa eine Stunde. Die Ausscheidung erfolgt in erster Li -

nie im Urin und teilweise über die Galle. Mecillinam wird

überwiegend durch die Nieren (durch Filtration und aktive

tubuläre Sekretion) ausgeschieden.

Folsäureantagonisten

Trimethoprim","{""source"":""/home/sigillus/Schreibtisch/educx/Projekt_KI/markdowns/Antibiotika_Harnwege.md""}",bbc0bd6a-390e-4027-b4c7-26458bc0747a,f6866099-6236-4de6-8782-37d8b6b90c98
f39acabc-6b7e-4952-898d-9988b3067daa,"[-0.0028696817,-0.062649384,-0.0810327,-0.044872973,-0.052396763,0.024861902,-0.014921081,0.2161379,0.0393577,0.016545122,0.028822342,-0.03544819,0.0788331,0.11155043,-0.062275775,-0.029925132,0.0068896157,0.045039017,-0.07930009,0.04337665,0.044654567,0.023472095,-0.02690827,-3.3830256e-05,-0.063549615,-0.06086585,0.039959554,0.0020253742,-0.043773763,-0.009070759,0.033900168,0.0008745252,0.087543525,-0.053753406,0.10416895,-0.018940529,-0.027071701,-0.08033281,0.1450862,0.023155043,-0.06656488,0.0062560565,-0.09095975,-0.04330201,0.013123436,-0.0013872634,0.032398615,0.02215208,0.01007843,0.071204126,-0.066650465,-0.022654545,-0.0055449335,0.0657515,-0.035396542,-0.031648222,-0.01755315,-0.08718157,-0.009368834,0.01508802,-0.0801001,-0.10450454,0.09060817,0.008393641,-0.08274775,0.05131662,-0.009480472,-0.00964108,0.07439891,-0.0017335392,-0.035069674,-0.0075806463,0.019049259,0.08873773,0.005506497,-0.024455223,0.06430479,0.026064131,-0.10305373,-0.07976811,0.054473747,-0.03557802,0.09890163,0.09629444,0.02376289,-0.031362627,-0.008423051,0.035447616,0.036895942,0.089905314,0.087825336,0.052386563,-0.023743758,-0.07088479,-0.0059115523,-0.05424575,-0.036961567,-0.020550003,0.011842267,-0.024697384,-0.075420305,-0.09138713,-0.030815607,-0.038014185,-0.005913253,-0.045104314,0.062220175,-0.02015132,0.041595064,-0.0028938954,-0.07073683,0.021878654,-0.032431,-0.033679254,-0.020949388,-0.06825335,0.14571914,-0.076170936,0.037216157,0.026123492,-0.013319392,-0.005915496,0.052467722,-0.023181217,0.014107408,0.062459894,0.018158806,1.4734083e-32,-0.052564315,-0.012874191,0.0047080144,-0.03490511,0.0392944,-0.035560824,0.01987178,-0.046318967,0.036302987,-0.1481479,-0.11667057,-0.09097735,-0.026053712,0.029353848,0.032055024,0.06649592,0.05429523,-0.019599874,-0.05013473,-0.04982685,0.03201824,-0.017174235,0.015323692,-0.015521874,0.026523786,-0.030919103,-0.017935855,-0.012502192,-0.022226246,-0.03958652,0.0059238253,-0.015296911,-0.005596942,0.010144373,0.049254593,0.036074225,-0.002814181,0.0461916,-0.042601034,-0.020948648,-0.0351056,0.011191136,-0.037731353,-0.012700549,0.055978492,-0.034224983,-0.16763784,0.058512893,0.02960725,0.0767351,0.072650865,0.025495479,0.04280362,0.02933094,-0.011329105,-0.017076327,-0.05612727,-0.07583826,0.011218046,0.023263223,0.012469711,0.03368352,-0.04068525,0.016852506,-0.025260247,0.011195305,-0.027689885,0.0099815745,-0.0027262722,0.0070349425,-0.103739955,-0.020297106,-0.018020632,0.044255123,0.0236612,-0.035359647,-0.053318772,-0.050007053,0.012568554,-0.00979421,0.024901176,-0.068912484,0.036052555,0.0024944716,-0.103763364,-0.0024417231,0.02000014,-0.00092212425,0.08538661,0.029390762,0.054464128,-0.070970386,-0.040759638,0.07960757,0.002329633,-1.5890209e-32,0.041527282,0.02694627,-9.565524e-05,0.029216953,-0.028980654,0.08737288,-0.038009275,0.016745219,0.013263245,-0.058785655,0.042775556,0.02229653,-0.038499802,-0.020492401,-0.042515073,0.097378425,0.03842025,-0.014774764,0.006918382,-0.078804806,-0.026499325,-0.04519269,-0.0074068448,-0.01808705,0.004442704,0.06410501,0.034532722,0.054379787,0.018370481,0.044107135,0.01941289,0.060964048,-0.007353175,-0.01128918,-0.013095547,0.020960733,-0.036444534,-0.052071128,0.0280247,-0.04273724,0.016177991,-0.0014130642,0.046803974,0.0021241095,-0.042408053,0.072710596,-0.019970521,-0.10548079,-0.040034417,-0.06056143,-0.00390921,0.052398495,-0.0131013235,0.044170726,-0.023321807,-0.015498958,-0.004314618,-0.02711034,-0.07777973,0.002090766,-0.0060017337,0.013396719,-0.050007965,-0.072271466,0.08326766,-0.025096286,0.030208476,0.027660277,0.075820126,-0.06431927,0.042835698,0.0789156,0.050767228,-0.013011641,0.005256598,-0.011355741,-0.055675875,-0.052160177,-0.025035542,0.061240233,-0.0047934786,0.00094076357,-0.016025973,-0.020808384,-0.09651395,-0.053301547,-0.022083761,0.050231356,-0.0010730486,-0.0780711,0.012564413,0.00281583,0.030979756,0.031823494,0.06733693,-6.358787e-08,0.064284906,-0.04494096,-0.075740665,0.029552625,0.0065578544,-0.027640222,-0.011298893,0.012983571,0.013415299,-0.011559341,-0.044776205,0.09439741,-0.09973792,0.0036203428,-0.09798456,-0.042881113,-0.08351098,-0.011328808,0.021388358,0.017776998,-0.094915725,-0.036047913,-0.117948815,-0.010832871,0.06847381,-0.067572385,-0.029242478,-0.017745528,0.042521074,-0.021323496,-0.025570098,0.00051223725,0.03721156,-0.023179598,-0.070820294,0.040642455,0.0008945242,-0.027126344,0.020600406,0.07146823,0.045184743,-0.06493687,-0.024506517,-0.038031977,-0.0001391645,0.008995198,-0.00068661204,0.07768893,-0.023475816,-0.07748402,0.053771596,0.0444034,0.033503354,0.03256436,-0.11799965,0.09796959,0.024785241,-0.0649037,0.03732705,-0.052037332,-0.02337468,-0.10083271,0.08844342,0.062061816]","tubuläre Sekretion) ausgeschieden.

Folsäureantagonisten

Trimethoprim

Das Wirkungsspektrum von Trimethoprim war ursprüng -

lich sehr breit. Steigende Resistenzraten von E. coli bis zu

mehr als 20 % lassen die Gabe als Mittel der Wahl zur em -

pirischen Behandlung von HWI in den Hintergrund treten.

Bei nachgewiesener Erregerempfindlichkeit ist Trimethop -

rim jedoch gut geeignet zur Behandlung von HWI.

Fluorchinolone

Die oralen Fluorchinolone haben eine gute Aktivität gegen -

über den gramnegativen Erregern E. coli , Klebsiella pneumo -

niae , Enterobacter spp. , Serratia marcescens , Proteus mirabi -

lis und Ciprofloxacin auch gegen Pseudomonas aeruginosa .

Fosfomycin-Trometamol

Üblicherweise gegenüber Fosfomycin-Trometamol emp -

findliche gramnegative Spezies sind E. coli , Klebsiella

pneumoniae und Proteus mirabilis .

Nitrofurantoin

Zu den üblicherweise sensiblen gramnegativen Erregern

gehört E. coli , keine Wirksamkeit zeigt Nitrofurantoin ge -","{""source"":""/home/sigillus/Schreibtisch/educx/Projekt_KI/markdowns/Antibiotika_Harnwege.md""}",4ab5506e-1561-41f3-8798-65e0925c5bb2,eb3c55f8-44ac-4263-8da9-01ec650b36ec
f39acabc-6b7e-4952-898d-9988b3067daa,"[-0.04401011,-0.096674986,-0.016792867,-0.025802331,-0.009091064,0.06313024,-0.0126759205,0.14062296,0.012967853,-0.0066461023,0.069232315,-0.027241778,-0.01977245,0.072459005,-0.07653283,-0.035055578,0.067512944,0.051664587,-0.03436268,0.033584867,0.060617324,0.057426587,-0.017601654,-0.014577205,-0.0013738927,0.038972408,0.0074811606,-0.017525548,0.03788068,0.039299507,-0.053775467,-0.0148064215,0.081525646,-0.08178567,0.084852785,-0.024533993,-0.0130625805,-0.08886964,0.06534735,-0.0066672387,-0.01368913,0.034327503,-0.061273433,-0.04386142,0.0025374414,0.012262118,0.02774246,0.049361944,-0.022378508,-0.05903223,-0.09231726,-0.06732273,0.026029324,0.05209931,-0.028096318,-0.07170041,-0.029910577,-0.106422834,0.01945218,0.047001574,-0.033911508,-0.045304537,0.07738618,-0.041081607,0.009039013,0.027284758,0.03422531,0.004160452,0.012035857,0.008236715,-0.067007184,0.00040270272,0.045990434,0.1129127,-0.009782372,0.040110473,0.07397437,0.024609663,-0.04310513,-0.12410944,0.12224892,-0.009280821,0.037356034,0.051244907,0.043734685,-0.05158042,0.009842192,0.11210843,0.038342115,0.107791066,0.04075362,0.002951693,-0.03569506,-0.10938833,-0.0073404172,-0.024705403,-0.09772105,-0.012468992,0.034140706,-0.056972224,0.056949228,-0.055490024,0.020337325,-0.044632655,-0.0513648,-0.00091364403,0.014267312,-0.015562098,0.059830103,0.061910916,-0.0854806,0.017436944,-0.029532319,-0.07461014,-0.03779264,-0.057518616,0.07607749,-0.06370513,-0.013057728,0.051454857,-0.022593651,-0.11065349,0.058532998,0.018586483,0.013336369,0.07747382,-0.03137376,1.0367229e-32,-0.010021529,-0.026093747,-0.042888075,-0.05414879,0.038295086,0.024548301,-0.040955137,-0.034426954,0.04558216,-0.08813949,-0.016164375,-0.05491793,-0.026187694,-0.06276432,0.02677298,0.086865254,-0.01982079,-0.007278793,-0.027310751,0.0071389447,-0.015974998,0.038467728,-0.042234305,-0.023827493,0.0426286,-0.026210828,-0.06185545,-0.02741389,-0.029777132,-0.040872984,0.03946805,-0.09798185,-0.04319273,0.020319609,0.043319736,-0.013313345,0.067481555,-0.037354197,0.0418419,-0.078817844,-0.039990444,0.12712494,-0.00861085,0.023156423,0.09769732,0.010742158,-0.094508685,0.07945499,0.05900746,0.029684458,0.044723198,-0.027593696,-0.008012774,-0.061128754,-0.001206136,0.044915427,-0.061492648,0.040068526,0.032641742,-0.03626295,-0.019600525,0.03235703,-0.023241067,-0.083228916,0.010961528,0.011951444,-0.046990976,-0.04058637,0.049908474,0.028380932,-0.06510046,-0.07637298,-0.036720663,0.07726346,-0.019057125,-0.08074492,-0.025421599,-0.0015849572,-0.035886504,0.022441518,-0.003299351,-0.011675512,-0.057930306,-0.030754922,-0.10402299,0.058453366,-0.015010849,0.030591553,0.038691472,-0.010353222,0.123112604,-0.032113004,-0.08448927,0.07421233,-0.01699048,-1.1982689e-32,-0.004080124,-0.010655393,-0.10906229,0.037481945,-0.06617583,0.026128031,-0.0974712,0.019608658,-0.032210723,-0.087511756,0.070408486,0.034124598,0.01605249,0.046967614,-0.02992727,0.026745899,-0.0029314677,0.029343246,-0.0048632845,-0.052433886,0.006582291,0.009462995,-0.010149907,0.08122362,-0.002968601,0.07579541,-0.0024402842,0.119288415,0.027213497,0.040080357,0.008215055,0.06694909,-0.059833735,-0.03975263,0.019648496,-0.07263005,0.037270878,-0.016047584,0.013903075,0.0066535766,0.053861868,0.091977686,0.007829186,-0.01797897,-0.0800429,0.09143061,0.04322839,-0.09513695,0.036495164,-0.011377877,-0.0009836956,0.0060151806,-0.04650696,0.030069148,-0.06432375,-0.007959931,0.0051838416,-0.018380202,-0.053912003,0.016125608,-0.016136983,0.041202582,-0.048515897,-0.08276229,0.009609092,0.022400131,0.055791654,-0.0042166514,0.09216503,-0.075628266,-0.058710214,0.03209355,0.03594407,-0.049304835,-0.059332944,0.06528574,0.027009588,-0.07424186,-0.009731187,-0.06490346,0.0227067,0.07690968,-0.086195186,-0.0656907,-0.053503122,-0.013622347,0.010398069,0.1132014,0.030853206,-0.029223032,0.06245264,-0.009634761,0.008167424,-0.0073113227,0.0023560585,-5.2094705e-08,0.04681333,-0.027352003,-0.0011073856,0.021214532,-0.017973052,-0.050139505,0.00025266106,0.010083295,0.023719115,0.045265425,-0.015111928,0.092633344,-0.14626661,0.0012250871,-0.026526531,-0.033377822,-0.072770365,-1.2466214e-05,-0.02289227,-0.0065038214,0.016174851,-0.03408715,-0.11846679,0.010992188,0.008766728,-0.042855997,0.07413141,-0.05880593,0.031019228,-0.05405942,-0.066652946,0.07518328,0.025621617,-0.035584856,-0.05416346,0.019692983,-0.04727387,0.015466663,-0.06527478,-0.0093991235,0.063692816,-0.015648836,-0.10120549,-0.0516082,-0.006211956,0.020285694,0.029066926,0.06300165,0.015315312,-0.03382021,0.049674034,-0.013598269,0.039446626,0.023624074,-0.09228672,0.027576482,0.011774204,-0.0039827144,0.0031938206,-0.036909923,0.03336499,-0.03889938,0.016128678,0.037399236]","gehört E. coli , keine Wirksamkeit zeigt Nitrofurantoin ge -

genüber Proteus und Pseudomonas aeruginosa .

Nitroxolin

Zu den üblicherweise sensiblen gramnegativen Erregern

gehören E. coli , Proteus mirabilis , keine Wirksamkeit zeigt

Nitroxolin gegenüber Pseudomonas spp .

Betalaktamantibiotika

Betalaktamantibiotika wirken bakterizid. Ihr Wirkungs -

spektrum differiert stark. Einige haben ein breites gegen

grampositive und gramnegative Erreger gerichtetes Wir -

kungsspektrum. Andere sind nur im grampositiven oder

gramnegativen Bereich wirksam, manche nur gegen ein -

zelne Erreger. Nebenwirkungen, Risiken und Vorsichtsmaßnahmen (17–23) 1

Nebenwirkungen

Folsäureantagonisten

Trimethoprim

Allergische Hautreaktionen, Exantheme, Megaloblastenan -

ämie, hämolytische Anämie, Methämoglobinämie, Choles -

tase, Hepatitis, Pankreatitis, Anstieg von Leberenzymen

im Blut, Leberschäden, Stevens-Johnson-Syndrom, Lyell-

Syndrom, Photodermatosen, Nierenschäden, Hyperkaliä -","{""source"":""/home/sigillus/Schreibtisch/educx/Projekt_KI/markdowns/Antibiotika_Harnwege.md""}",dcc3a7b4-ea7e-4544-82e4-bf2711f13c06,e0fabbf8-95b2-4d8d-89c3-d7e2b357a8a2
f39acabc-6b7e-4952-898d-9988b3067daa,"[0.059177786,-0.11297095,-0.015381798,0.080962084,-0.04570709,-0.061150726,-0.02627594,0.16305399,-0.0022688827,0.006740797,0.09470939,0.07526995,0.037006404,0.041527025,-0.07076878,0.021085175,-0.00059889053,-0.07086288,-0.030117476,-0.04279986,0.0015502255,-0.07497465,0.008510578,-0.042838853,0.012573866,-0.023316413,-0.0083640525,-0.009374393,-0.056098036,-0.019000743,-0.002983694,-0.04877882,-0.0053690397,-0.013378676,-0.0046148114,-0.039326947,-0.019177176,-0.046655092,-0.029813131,0.050784484,0.04211468,-0.035097893,-0.04616717,-0.0825752,0.0025169984,0.02374943,-0.061606597,0.017181296,-0.037961528,0.104015425,-0.039821755,-0.019648284,0.04483507,0.06713955,-0.018224219,-0.02924084,-0.10833761,-0.04488845,0.040936623,0.013256091,-0.09578861,-0.02025659,0.003715371,-0.07220271,0.121491276,0.0077318554,-0.020245062,-0.120021835,0.031177089,0.024247963,0.036285292,0.005655286,0.04403752,0.0031895917,-0.06302252,-0.00034763536,0.03153234,-0.026594914,-0.014825352,-0.04156163,0.040796973,0.12359917,0.03474071,0.00058647816,0.09268601,0.06878537,-0.049684033,0.046632618,-0.12646145,-0.011822563,0.0074053714,0.012806993,-0.07539945,-0.01660683,0.011844562,-0.054345246,-0.008770408,-0.01964125,-0.042994704,-0.04663241,-0.077905715,-0.045426082,-0.01733528,-0.079887755,0.025303444,-0.013103644,0.038433477,-0.012661206,-0.046605468,-0.0001530915,0.058944635,0.04903064,-0.010639364,-0.0014480619,0.029037047,0.033581596,0.0014519728,-0.03620744,0.031076254,0.057901993,-0.0257641,-0.032088798,0.018340014,-0.059481237,0.0061481167,0.042155117,-0.033069734,9.235404e-33,-0.00571452,0.006384946,-0.024657978,-0.019793075,0.051919434,0.08769147,-0.05165274,-0.04877891,0.027452383,-0.042739674,-0.0094987955,-0.03194272,0.050899275,0.06820078,0.00016028284,0.07012552,0.043186422,-0.01850981,-0.0112815285,-0.07156233,0.01955382,0.0108918045,-0.015439752,-0.028902732,-0.04230077,0.014791546,-0.059364572,0.041041054,-0.0018776098,-0.034312528,0.04889405,-0.017871717,0.059774876,-0.035329603,-0.07749477,0.01847163,0.009110278,0.0015418958,-0.0669562,-0.034769207,-0.006018643,0.026756624,-0.057688817,0.03959721,0.09609086,-0.03551781,-0.08890911,-0.032432046,0.0037092906,0.04021278,0.047015682,-0.04091561,0.041355245,-0.049898412,0.006017222,-0.024984436,-0.013588707,-0.06196516,-0.015960932,0.06458025,-0.0057859803,0.028999135,0.023242611,-0.016344942,0.03736706,0.023296941,-0.09489596,-0.047608245,-0.14412609,0.02880401,-0.047498956,-0.03503705,0.03712883,-0.0046638492,0.03230584,-0.031475365,0.000102482045,0.07297453,-0.10071954,0.02333936,-0.018216273,-0.062431477,-0.017670827,0.05988003,-0.0669598,0.03014866,-0.000992467,-0.004776361,-0.00863985,0.010214805,0.088362806,-0.00091772625,-0.09992155,0.033647634,-0.07243117,-1.1876624e-32,0.02692001,0.050384954,-0.05078437,-0.037313607,0.0022709954,0.14376405,0.038245175,0.038829066,0.052165605,-0.071953095,0.071873225,0.00062479393,-0.055919204,-0.08121232,0.014063088,0.12065866,-0.021760281,0.07639754,-0.015234893,-0.051488023,-0.10996177,0.036672782,0.08403132,0.06260006,0.10170449,0.02696254,0.07156246,-0.06682996,-0.04344622,0.0106298365,-0.03565426,0.044971135,-0.09201258,-0.058889456,0.02990081,0.00827111,-0.030962178,-0.07200177,-0.027013596,0.08389569,-0.062582456,-0.073252395,0.109014936,0.02337838,0.025529882,0.09687582,-0.014173518,-0.11717627,-0.09231136,0.06520402,0.015591729,0.036001485,0.0038330252,0.07510868,0.058778957,0.013654112,-0.022409333,-0.050197333,-0.04932661,-0.0028655017,0.013308674,-0.0035204086,0.015518202,-0.03722005,0.027286073,-0.029493233,-0.040295996,-0.0041308203,0.09375319,0.0011764813,0.055390865,0.009165332,0.003889441,0.051241096,-0.015495906,0.029273808,-0.046393722,0.060054477,-0.052176256,-0.08406182,-0.07896489,0.028692825,-0.052026764,-0.0073229196,-0.0035848012,0.00733506,-0.039779905,0.010419083,0.0010867825,-0.009248245,0.032674227,-0.020001823,-0.032924984,-0.03535286,0.053198427,-5.9510036e-08,0.06743093,-0.09113496,-0.033756576,-0.06316784,0.021321438,0.0010939247,0.07320722,0.06039744,-0.01806722,0.055325884,-0.0021490206,0.0896189,0.0065863584,-0.010576109,-0.039047737,-0.03551703,0.035856176,-0.059902906,-0.003284045,0.009628133,-0.11335372,-0.07792348,-0.048192732,-0.0048177154,-0.029582785,-0.024570677,0.11768185,0.021664547,-0.0027836496,-0.044879112,0.08126658,0.025858795,0.053274766,-0.035712257,0.011352448,0.008250285,0.05537555,0.06806439,-0.051875792,0.09703551,-0.060478143,0.017105443,0.019896861,0.0026329376,-0.008779847,-0.0053354506,0.04838467,0.041029066,0.07737278,-0.06544874,-0.08649719,0.023413558,-0.05176865,-0.020606516,-0.121415175,-0.044483624,0.015151264,-0.029247547,0.07693095,-0.053466972,0.030617332,-0.011966489,0.017035065,0.04732312]","Syndrom, Photodermatosen, Nierenschäden, Hyperkaliä -

mie, Oligurie, gastrointestinale Beschwerden, pseudomem -

branöse Kolitis, Geschmacksstörungen.

Fluorchinolone

Allergische Hautreaktionen, Lupus erythematodes, Choles -

tase, Lyell-Syndrom, Stevens-Johnson-Syndrom, Vaskuli -

tis, Photodermatosen, Kopfschmerz, Schwindel, Schläf -

rigkeit, psychische Störungen, Unruhe, Schlaflosigkeit,

periphere Polyneuropathie, Krämpfe, Erhöhung des int -

rakraniellen Drucks (bei Kindern), Ataxie, Hörstörungen,

Sehstörungen, Geruchsstörungen, Geschmacksstörungen,

Tränenfluss, Störungen der Hämatopoese, Dysurie mit

Blasentenesmen, Hämaturie, Nierenschäden, Azidose, Hy -

perurikämie, Herzinsuffizienz, Angina pectoris, Arrhyth -

mien, Hypotonie, Atembeschwerden, Pneumonitis, gast -

rointestinale Beschwerden, Anstieg von Leberenzymen im

Blut, Leberschäden, Senkung des Serumthyroxinspiegels,

Hyperglykämie, Tendopathien (Tendinitis, Ruptur der","{""source"":""/home/sigillus/Schreibtisch/educx/Projekt_KI/markdowns/Antibiotika_Harnwege.md""}",6fe9543a-a9ef-45a5-a1ed-67c1a38cbd31,afdfbc07-2334-4d4e-929e-f77d02fc1249
f39acabc-6b7e-4952-898d-9988b3067daa,"[-0.020718833,-0.1125487,-0.05542511,-0.06639843,-0.07191939,0.022239352,0.067182496,0.19566667,0.007498965,0.055346504,-0.025711177,0.074718356,-0.062426895,0.07688237,-0.033710048,-0.0019183317,0.017708793,0.01624415,-0.01014871,-0.0487948,0.04823263,-0.037182793,-0.011641278,0.022435233,-0.010108326,-0.0049216594,-0.01887618,-0.024580024,0.018154902,0.019728996,-0.04412344,0.020652099,0.023295738,-0.08565096,-0.018380668,0.02137301,-0.10562907,-0.06470896,-0.052205034,0.064192444,0.0061647133,-0.028100593,-0.15078428,-0.025568655,0.050395932,-0.016776927,-0.056353375,0.0334677,0.025603995,0.09539052,-0.040730774,-0.092096835,0.01537972,-0.020773206,-0.048461176,-0.042158034,-0.08585203,-0.048560865,-0.01659301,0.11823803,-0.106177226,-0.06554435,0.02653957,0.0012228007,-0.042398777,0.048333187,0.04403402,-0.16985762,0.022712681,0.050530273,-0.021326886,-0.066341676,0.024002781,0.0475814,-0.061701894,-0.051577196,0.08649717,-0.031787097,-0.05179891,-0.062715776,0.07264705,0.09022823,0.05092112,0.02689151,0.017080257,0.012563901,0.026162224,0.11074221,0.016714606,-0.03655429,0.009816577,0.06965596,-0.09517947,-0.03714825,0.07523465,-0.06588475,-0.07025077,-0.057236306,-0.027935691,0.026893638,-0.004230233,-0.08597249,-0.041907847,-0.051492468,-0.004135918,0.016696101,0.04618884,-0.08726837,-0.08318031,0.053393286,0.019573227,0.0005048032,-0.005803529,-0.07092292,0.01848969,0.037160393,-0.03599078,-0.035667684,0.08429625,-0.0038164638,0.0068785087,-0.052008778,0.065198235,-0.0647207,0.039164785,0.051177688,0.057538703,1.0977524e-32,-0.03931109,-0.0057906588,-0.010678063,0.032513034,-0.018819919,0.077736035,0.059341606,0.0036557529,0.039837305,-0.077314235,-0.08335478,0.030336544,0.023842448,-0.0069191484,-0.007691736,-0.0040338463,0.07306732,0.018929524,-0.0073487763,0.0095201945,-0.031465434,0.02832172,-0.017318176,0.06446155,-0.058460534,0.078442216,-0.050861258,-0.0030445652,0.016572263,0.0015776311,0.01323793,-0.03141523,-0.017456807,-0.033476684,-0.038325325,-0.004953405,0.014990453,0.063763626,0.00434226,-0.0090194205,-0.022363592,0.07928577,-0.028615067,0.04642391,0.029173262,-0.11793112,-0.109992184,0.028306322,0.004080604,-0.020755002,-0.0027637896,-0.013786953,0.036514934,-0.042499695,-0.07895499,0.060708553,-0.09611575,0.03416874,-0.0052802353,0.07164486,0.022043595,-0.06741094,-0.022056283,-0.029443868,0.003998377,0.0760809,-0.06910679,-0.09197449,-0.024060111,-0.03871993,-0.05125998,0.012648866,0.072007895,0.09634963,-0.005242752,0.02106682,0.085573606,0.083011724,-0.068988524,0.008203761,-0.014584938,-0.020625731,0.007194032,0.059562284,-0.024637055,0.021923782,0.023139345,-0.02210542,-0.040536687,0.03591703,0.09069211,-0.004622169,0.020458981,0.05924487,0.031350583,-1.241011e-32,-0.00666048,0.03544913,-0.1134634,-0.016588125,-0.033379536,0.10642552,0.049889565,0.014734647,-0.055896625,-0.021764021,0.06463523,0.017340926,-0.051334392,-0.062392008,-0.091270916,0.029090352,-0.05025074,0.033644147,-0.051074866,0.052112784,0.078664646,0.08768398,0.020511314,-0.012209475,0.07751336,0.0693029,0.053333,-0.05167028,-0.0077016233,0.0055204406,-0.031492643,-0.008068503,-0.0615671,-0.020801835,0.046093006,-0.010980269,0.003291587,-0.05068865,-0.12932146,0.047426105,0.0009735488,0.02774646,0.06080955,-0.010298955,0.0584758,0.0323133,-0.02572659,-0.019600183,-0.043915875,-0.040686768,-0.023333184,-0.04812184,-0.01595982,0.0071457396,-0.0394112,0.023599863,0.035855215,-0.06885852,-0.03920301,-0.0011698223,0.03696191,-0.03498194,0.050650496,-0.016941147,0.070691265,0.029439388,0.027721513,0.0055787815,0.03776594,-0.020612333,-0.07723292,-0.048850745,0.016927721,-0.024403768,0.0013339065,0.018861214,0.016620914,-0.029299395,-0.039239693,-0.039157465,-0.065204166,-0.010821623,-0.07567579,0.0083147995,-0.04523921,-0.012024302,0.028259942,-0.039547533,0.06848627,0.017681021,-0.021355415,0.016354524,-0.045350827,0.04075472,0.02324709,-6.072111e-08,0.078652,-0.03554695,-0.054213464,0.005176431,-0.008985682,-0.08065181,-0.085512176,0.018447492,0.02760118,0.01280089,-0.032404363,0.12566036,0.021356963,-0.015713181,-0.08615951,0.07765145,-0.024577882,0.043491356,-0.0023053496,-0.05014206,-0.07053579,-0.1107329,-0.022272186,-0.059627485,0.019557592,-0.037943937,-0.011727016,0.0921782,-0.02469274,-0.000117674244,-0.05895444,0.031719178,0.03767637,-0.009956703,0.028700357,0.015131015,0.014114176,0.08837301,-0.010534172,0.046391383,0.012396301,-0.055990834,0.03616371,0.02349841,0.036520783,-0.0023615928,0.029891988,-0.0042095594,0.072651215,-0.022974858,-0.07521534,0.013220701,0.015097666,-0.00067040924,-0.089129716,-0.00032611765,0.030169599,-0.07132999,0.03972823,-0.0069244234,-0.080333926,0.02948932,0.027190413,-0.0004490211]","äquivalent eingesetzt werden.

Für Patienten, die nicht ausreichend auf Mesalazin topisch

ansprechen, sollte die rektale Mesalazinanwendung entweder

mit topischen Steroiden oder mit einer oralen Gabe von Mesa -

lazin kombiniert werden.

Bei Patienten, die einen Rückfall pro Jahr haben, und

bei allen Patienten mit einer Proktosigmoiditis werden zur

Remissionserhaltung Einläufe mit 5-Aminosalizylaten (5-ASA)

empfohlen. Patienten, die zum Erreichen einer Remission orale

5-ASA-Präparate benötigen oder mehrere Rückfälle pro Jahr

nach topischer Therapie haben, sollten orale 5-ASA-Präparate

erhalten.

Linksseitenkolitis, ausgedehnter Befall, Pancolitis

Eine leichte bis mäßig schwere linksseitige CU sollte initial

mit rektalem Mesalazin in Kombination mit oralen, Mesalazin

freisetzenden Präparaten behandelt werden.

Die rektale Anwendung von Mesalazin soll der topischen

Steroidtherapie vorgezogen werden.

Bei Gabe von oralem Mesalazin sollte die Gabe einmal täg -

lich erfolgen.","{""source"":""/home/sigillus/Schreibtisch/educx/Projekt_KI/markdowns/Biologika_Colitis-ulcerosa.md""}",d1c6042a-3ef4-4b80-941c-bd4652fd5786,ec9f57a4-7be8-4dc6-82af-6349b07fb055
f39acabc-6b7e-4952-898d-9988b3067daa,"[-0.009822619,-0.10769128,-0.09547444,-0.030479087,0.020349326,-0.044252463,-0.00887581,0.20623456,-0.019385088,0.009691218,0.042289063,0.056498423,0.12769319,0.05975763,-0.06940345,0.002194696,0.009317447,-0.021836279,0.0038114665,0.022855122,0.044579025,-0.015607226,-0.004256713,0.010153003,-0.043144803,-0.025811793,-0.019135315,0.045125797,-0.08502136,-0.006240416,-0.0090776635,0.0013113868,0.0017491222,-0.009073757,0.08645688,0.013714291,-0.06636069,0.005672177,-0.004568846,0.0429498,-0.04329178,-0.07115381,-0.09849636,-0.030819591,0.027862014,0.012488824,-0.060891975,0.077377826,-0.008994582,0.1284336,-0.09032828,-0.019090917,0.024404112,0.06914841,0.023086278,-0.07222631,-0.087704234,-0.06448399,-0.025061913,0.0035174112,-0.08058081,-0.022771984,0.08093778,-0.05600972,0.008518199,0.019986821,-0.009259121,-0.044511918,0.027326327,0.026963377,0.0048982496,-0.03205629,0.036186572,0.07846435,-0.020877253,-0.06070464,-0.009048277,-0.0013584184,-0.06365482,-0.07335338,0.016464762,-0.0021505074,0.08218102,0.03883289,0.07338178,0.0004418063,0.0017893733,0.040477674,-0.025097586,0.051919702,0.08810419,0.011652086,-0.052227557,-0.050478186,0.07461487,-0.055881925,-0.050342564,-0.0005240252,-0.026700765,-0.079784274,-0.031403907,-0.11612967,0.006313594,-0.030277126,0.026000034,-0.015659804,0.080004826,-0.02781644,0.015994797,0.0023310944,-0.0024634453,0.014318791,0.011245498,-0.052526377,-0.05062489,0.056378268,0.041778274,-0.026861075,-0.017690958,0.062765636,0.007028562,0.021781975,0.042277467,0.011219018,0.035631638,0.07305487,-0.028395973,1.3714128e-32,0.017640902,0.010501501,-0.04720393,0.00027785898,0.01971373,0.018471096,-0.013984449,-0.013617536,0.06927185,-0.056723252,-0.050977968,-0.047276862,0.0070247045,0.028889988,-0.05879796,0.043842588,0.03875847,-0.07030941,0.00094432436,-0.026191425,0.06465593,0.030246805,-0.009071912,-0.017903727,-0.046635557,0.03726266,-0.06149919,0.061015714,0.023378298,-0.021300975,0.022654057,-0.09853799,0.037007246,-0.074292004,-0.011042174,-0.013904702,-0.045878667,0.03528959,-0.019594628,-0.027001336,-0.023656884,0.0066407165,-0.06069643,-0.0070403875,0.10458234,-0.04817001,-0.09340084,0.03402725,0.05087439,0.043237116,0.032732014,-0.08302965,0.08650635,-0.08170755,-0.03189347,0.0006663442,-0.03715769,-0.011047327,-0.00912187,0.057158794,0.015869785,0.004204317,0.0069029685,-0.05936189,0.014805935,-0.006701218,-0.056991406,-0.046367034,-0.04530495,0.016585449,-0.05872928,-0.05689576,0.08415345,0.04701566,0.056554098,-0.016146423,-0.011430121,-0.0011366133,-0.07133249,-0.05633264,-0.019819556,-0.07841556,0.035708558,0.03784554,-0.03206952,0.0015453256,-0.03280315,-0.091269985,0.0034058606,-0.03419232,0.039600383,-0.061345335,-0.12451972,0.015617351,-0.07294279,-1.5063436e-32,0.0035041221,0.08274214,0.022018367,0.017717885,0.002517786,0.14268772,-0.015647566,0.05552505,0.065503865,-0.040588558,0.06342607,-0.0639278,-0.109226145,-0.07719881,-0.048905082,0.118147515,-0.026482213,0.060391497,-0.015202573,-0.005300581,-0.08575214,-0.04393751,0.060632735,0.060775883,0.10409628,0.074897096,0.056160755,-0.027891861,0.0045947474,0.033633742,0.0043994016,0.023775177,-0.05697694,-0.09880347,-0.0025129146,0.011574155,-0.08331883,-0.000519823,-0.050050914,0.012274134,0.017792013,-0.031690005,0.11014647,-0.034152064,0.0030669223,0.0698849,-0.054966886,-0.07172278,-0.023804162,-0.0155584905,0.027244199,0.06455785,0.027070004,0.06386256,0.045178417,-0.037643343,-0.028008942,0.04148159,-0.06729039,-0.030638289,0.011732986,-0.01794246,-0.0051783766,-0.04258598,0.07380451,-0.0010104148,-0.014882189,-0.033910654,0.0759231,-0.013040458,-0.051727816,-0.03789269,-0.052617576,0.0058642044,-0.000339708,0.06467938,-0.063679606,-0.06622608,-0.046485893,-0.030611418,-0.04522184,0.024965378,0.0040579294,-0.048912548,-0.070406795,-0.018867496,-0.009094215,0.016764028,0.06754957,-0.016963597,0.075067416,0.007900772,-0.026348293,0.0005154528,-0.009768551,-6.628466e-08,0.12681116,-0.051637743,-0.01100532,-0.051887818,-0.00799578,-0.03613345,0.056731235,0.044531006,-0.009168135,0.064957894,-0.03338178,0.13689482,-0.008722027,-0.045394514,0.016833283,-0.009683398,-0.04163058,-0.0062867827,0.008757925,0.020281801,-0.05089669,-0.047364052,-0.08374704,0.0202286,0.0937814,-0.026975079,0.020674663,-0.042906057,0.07770602,-0.03116068,0.038527824,0.016287062,0.02114484,-0.05237213,-0.09212007,0.008022673,-0.04045424,0.035505455,-0.038858503,0.08200433,0.027712202,0.022911178,-0.01656051,-0.010292131,0.008624703,-0.029550094,0.022187462,0.05260491,0.048839815,-0.09131707,-0.02635333,0.038998272,-0.009876698,-0.049162444,-0.120936096,0.011710122,-0.009128995,-0.030424705,0.07943193,-0.11840646,0.01169211,-0.019043455,0.07374745,0.079750404]","Hyperglykämie, Tendopathien (Tendinitis, Ruptur der

Achillessehne) (unterschiedliche Häufigkeit bei den ein -

zelnen Flurochinolonen beachten!), Muskelschwäche und

schmerzen, Gelenkschmerzen, verlängerte QT-Zeit.

Fosfomycin-Trometamol

Allergische Hautreaktionen, Exantheme, Fieber, Schwin -

del, Kopfschmerzen, Sehstörungen, Thrombophlebitis,

Respirationsstörungen, gastrointestinale Beschwerden, Ge -

schmacksstörungen, Appetitverlust, Asthenie, Anstieg von

Leberenzymen im Blut, Leberschäden, pseudomembranöse

Kolitis.

Nitrofurantoin

Allergische Hautreaktionen, Exantheme, Lupus erythema -

todes, Cholestase, Hepatitis, Anstieg von Leberenzymen

im Blut, Leberschäden (u. a. Hepatitis, Lebernekrose, töd -

liches Leberversagen), Pankreatitis, Fieber, pleuropulmo -

nales Syndrom, Lungenreaktionen (Lungenfibrose, inter -

stitielle Pneumonie, allergisches Lungenödem, Pleuritis,

Atemnot, Husten und Brustkorbschmerz), Asthmaanfälle,","{""source"":""/home/sigillus/Schreibtisch/educx/Projekt_KI/markdowns/Antibiotika_Harnwege.md""}",bad06455-d341-4a57-9e6e-a9f6a9e76f37,dd5327e0-5120-4e3a-969e-0e807708653b
f39acabc-6b7e-4952-898d-9988b3067daa,"[0.004288951,-0.042996407,-0.064404964,-0.01126801,-0.019164838,0.02865665,0.041764066,0.16102846,0.01003903,0.019734643,0.014531059,0.03573929,-0.0055475505,0.04292009,-0.06524586,0.041297782,0.009738761,0.024304852,-0.04368825,0.0720008,0.052139238,0.0097520035,-0.018476464,-0.032533363,-0.020767592,-0.0069946023,-0.060980093,-0.06320155,-0.04165524,-0.0071306447,-0.02203909,0.08094627,0.034211632,-0.038453072,1.5219925e-05,0.010060494,-0.06287456,0.014188001,-0.070419796,0.040587578,0.046282195,0.0003736108,-0.11227319,-0.015574568,-0.030578177,0.072169006,0.027383382,0.06931513,-0.057151876,0.0979212,-0.07686699,-0.14067303,0.07821601,0.060851216,-0.03581509,-0.14000364,-0.09928819,-0.04685162,-0.031468067,0.054044265,-0.07396819,-0.021602303,-0.017599648,-0.056578096,0.0014019822,0.056029994,0.061980046,-0.07061406,0.052376024,0.016792556,0.015372886,-0.014040516,-0.07344474,0.11343383,-0.026040236,-0.0079240985,0.039851762,-0.012673196,-0.023980582,-0.14467606,0.03431683,0.072411425,0.04188995,0.049580853,0.05342202,0.03797504,-0.028632384,0.08309664,-0.08062074,0.012691622,0.04812664,-0.04521638,-0.08414458,-0.06524907,0.11016377,-0.071761094,-0.016209591,0.024642842,0.0073879664,-0.060327243,0.009064039,-0.0702641,0.00019603646,-0.039563797,-0.017705724,-0.023457734,-0.040519528,-0.14954874,-0.020763932,0.04111602,-0.033874374,0.013731369,0.03132061,-0.050221585,0.095068395,-0.03985677,0.00895433,-0.026815139,-0.013161314,0.054975294,-0.009075846,-0.085417524,0.045114283,-0.07200775,0.009797259,0.03749067,-0.0044814306,1.5378727e-32,0.013982804,0.00026757573,-0.015127651,0.022550836,0.022939205,0.08175478,-0.0066797966,-0.074279025,0.11769124,0.0071534473,-0.024165113,0.00055230106,0.030836789,-0.020259652,0.013481675,0.046965055,-0.035761025,-0.013419525,0.008157473,-0.040635362,-0.040495727,0.067889564,-0.06031309,-0.023983942,-0.06471844,-0.020682678,-0.033707302,0.04075584,-0.030302688,-0.034348037,0.08011248,-0.06236603,-0.023354946,-0.06322664,-0.027608283,0.022585275,0.019521292,-0.037130836,-0.054250978,-0.029364962,-0.017833972,-0.004411731,-0.10410711,-0.009589791,0.09126423,-0.06068556,-0.11759382,0.01611119,0.050125297,-0.023686301,0.03661431,-0.003801968,0.079417154,-0.09207881,-0.031860013,0.08881573,-0.01355853,-0.02689269,-0.08099925,0.06147745,-0.00025158984,0.0060035624,0.0180403,-0.016015,-0.025868405,0.005572469,-0.11598924,-0.08333419,-0.06592293,0.007923,-0.028013378,-0.072188035,0.032296162,0.005586605,0.025778478,-0.037284646,-0.043959204,0.11647175,-0.06095108,-0.031977907,0.0390678,-0.013616268,0.010744427,0.03403817,-0.07851391,-0.0054619275,0.055907775,0.007168816,-0.020017961,-0.004252813,0.06077361,-0.008650513,-0.06202127,-0.015666142,-0.008118446,-1.634916e-32,-0.05518058,-0.00077657925,-0.03938906,0.037970323,-0.0035730742,0.17941579,0.024366315,0.050857123,-0.08048436,-0.09995764,0.06444044,-0.00044360524,-0.011607399,-0.020730458,-0.0046724174,0.067486905,-0.07159605,0.087696165,-0.006497866,-0.039692983,-0.0075290776,-0.007319489,0.005836739,0.096003406,0.011631141,0.040633015,0.026896564,0.018287333,0.06511035,0.028675733,0.0077047725,0.10704802,-0.0055839634,-0.002873419,-0.011691587,-0.032368172,0.003977237,-0.014085796,-0.040787395,-0.01725399,-0.042459015,0.059854675,0.07104679,-0.028241077,0.056119602,0.06519976,-0.045582447,-0.045576714,-0.023957279,0.02327466,0.026628582,0.044216286,-0.04119955,0.067983635,0.0336441,0.028825503,-0.033113357,-0.07236269,-0.00870042,0.025287746,-0.041555278,0.0059716566,-0.038498033,0.008760064,0.0453262,-0.0013906526,-0.006713265,0.04456779,0.1077941,0.0029796679,-0.038600117,-0.008356295,0.07262817,-0.057200413,0.0010482925,0.046820965,0.018709205,-0.0048406385,-0.06058682,-0.05298411,-0.0490378,0.033530433,-0.011761936,0.00883928,-0.042771775,-0.005643087,-0.0054969476,0.02035495,0.028043987,0.0079855705,-0.02798785,0.04422493,-0.06981282,-0.001588724,0.08686333,-7.729925e-08,0.12898272,-0.06012795,0.06370463,-0.03695482,-0.057154346,-0.09357795,0.044701852,0.04852302,-0.029892001,0.064826764,-0.022743307,0.09907021,0.0052147065,-0.02224095,0.03691925,-0.046878245,0.023578404,-0.001448763,-0.018446397,0.0011858847,0.05137554,-0.042310413,-0.04461137,0.015574066,0.02901619,-0.028111404,-0.010412259,0.023745548,0.024364829,-0.0065156016,-0.017038187,0.063283384,0.012144168,-0.06121638,-0.06392664,-0.0021767796,-0.0065809507,0.009603344,-0.02805884,0.04576553,-0.018285595,-0.06976889,-0.017306523,0.007610711,0.018885566,-0.09383272,0.019981919,-0.017909404,0.03212933,-0.05420879,-0.08387338,0.059138697,0.046140302,0.011930833,-0.11186863,0.061609242,-0.0706868,-0.02882764,0.08377906,-0.044042766,0.0045480854,0.020519406,0.012144297,0.026115607]","Atemnot, Husten und Brustkorbschmerz), Asthmaanfälle,

Kopfschmerz, Schwindel, psychische Störungen, periphere

Polyneuropathie, Erhöhung des intrakraniellen Drucks (bei

Kindern), Megaloblastenanämie, Störungen der Hämato -

poese, hämolytische Anämie, Kristallurie, Azidose, gast -

rointestinale Beschwerden, Parotitis, reversible Hemmung

der Spermatogenese.

Nitroxolin

Kopfschmerzen, Schwindel, Gangunsicherheit, Hautrötun -

gen, Thrombozytopenie.

1Die Informationen zu Nebenwirkungen, Risiken und Vorsichtsmaßnahmen erheben keinen Anspruch auf Vollständigkeit. Weitere Informationen sind der Fachinformation des jeweiligen Wirkstoffs zu entnehmen. Aktuelle Warnhinweise wie z. B. Rote-Hand-Briefe sind zu beachten.

Aminopenicillin + Betalaktamaseinhibitor

Betalaktamaseinhibitoren (z. B. Clavulansäure, Sulbactam)

erweitern in Kombination mit Aminopenicillinen deren Wir -

kungsspektrum. So können auch sensible HWI auslösende","{""source"":""/home/sigillus/Schreibtisch/educx/Projekt_KI/markdowns/Antibiotika_Harnwege.md""}",19f0d12b-3d9b-49cb-a82a-4f0a819e09bf,2157af0d-654c-4c65-87a2-7641b0047301
f39acabc-6b7e-4952-898d-9988b3067daa,"[-0.05577249,-0.092396826,-0.05494618,-0.014044018,-0.062462874,0.0032013578,0.012633634,0.1805901,0.036290158,-0.003950805,-0.016343785,-0.030103626,0.087465964,0.12878329,-0.095146656,0.00603882,-0.013081511,0.048094135,0.021645786,0.05800469,0.033652466,0.022149274,0.01411071,-0.0033968047,-0.0011387469,0.071674645,-0.0031997971,0.00715973,-0.031939797,0.04025412,0.039998934,-0.036404304,0.0044429265,-0.024185576,0.06897364,0.018065294,-0.0065675396,-0.047865264,0.09203187,0.039182648,-0.06059031,0.07681499,-0.117936395,-0.013122934,-0.0069477316,0.026150826,0.0077347127,-0.0147162555,0.0046030506,-0.039687507,-0.0072016725,-0.08536092,-0.0107164625,0.08658059,-0.01442826,-0.106076136,-0.08375088,-0.0041478877,0.032535657,0.03369718,-0.059858266,-0.04619981,0.12366459,-0.02132189,-0.07848295,0.04643563,-0.028088309,-0.058691625,0.03841188,0.0026110704,-0.07594563,-0.006267946,0.03822032,0.07837724,-0.06499753,-0.011131644,0.11697602,-0.06169566,-0.067895286,-0.06196462,0.07642317,-0.029483875,-0.0042137834,0.042265594,0.044293076,-0.06149997,0.073523015,0.042203464,0.03821263,0.016017891,0.10905202,0.10401681,-0.053077567,-0.04664808,0.029918144,-0.06604395,-0.04762494,0.043234322,0.06452465,-0.04898658,-0.02301881,-0.045590237,-0.050843883,-0.05094783,0.066113696,-0.03145185,0.09252603,-0.051808145,-0.028955882,-0.004121076,-0.052228585,-0.05149521,-0.0020193998,-0.05343693,0.007514558,0.051239487,0.07354572,0.012827131,-0.07027162,0.027877316,-0.021237697,-0.047911257,0.04041949,-0.1444936,0.036217645,0.05166432,0.024409609,1.073639e-32,-0.010218893,0.016082602,-0.041449945,0.02614264,0.015801221,0.0142609645,0.040805798,0.078852415,0.037031397,-0.06540723,-0.07012369,-0.05604097,-0.03181324,-0.010834207,-0.04932399,0.063816816,0.056566086,-0.06704921,-0.029898234,-0.02758123,-0.0041907593,-0.028081788,0.024202872,-0.0034348224,0.008662998,0.025817163,-0.043889213,0.01941461,0.057046775,-0.041608505,0.031126903,-0.07735353,-0.03724361,-0.021150071,0.034089454,0.0017240449,0.0043162783,0.044572834,0.040246047,-0.02216562,-0.060686223,0.04205439,-0.044961233,-0.044643436,0.06341641,-0.005500878,-0.16307761,0.09855196,0.09571763,-0.013442413,0.11721633,-0.05486358,-0.031549383,-0.04307466,-0.008670132,0.023842908,-0.04164337,-0.01782923,0.020497134,0.0063859653,0.020923119,-0.015877977,-0.054220513,-0.055361632,0.07373484,0.025171619,-0.057225525,-0.004968423,-0.026350185,-0.051154923,-0.08323808,-0.068874694,-0.01794868,0.06423483,0.003934586,0.030435482,0.055591732,0.0009636745,-0.010323593,-0.0045448523,-0.039562866,-0.037610352,-0.018101318,-0.014551778,-0.060344823,-0.0011050445,-0.024960993,0.05505105,0.023303367,0.052043073,-0.009393674,-0.06817113,-0.061135877,0.044404726,-0.07919041,-1.17962276e-32,0.078517586,0.07217976,-0.05029294,-0.03562012,-0.0067045437,0.119199865,0.016913403,0.021557068,-0.019889249,-0.03584061,0.03803612,0.013945536,0.02706522,0.01673224,-0.06241782,0.07282098,-0.04379313,0.01006033,-0.053314127,-0.034458827,0.033856574,0.09133009,-0.053105485,0.02440909,0.010036275,0.060090166,0.020631127,0.037690736,0.04974702,0.048562273,0.00939062,0.028964985,0.028493289,-0.025573118,-0.028164146,0.007226341,0.014604712,-0.08507354,-0.01682623,-0.015905173,-0.02425042,-0.00079326297,-0.046658225,0.061386816,0.006017321,0.002416034,0.031091021,-0.075797684,0.000557351,-0.0029993868,-0.048386138,-0.050824046,-0.016646944,0.00198741,0.008849486,0.047970314,-0.047527995,-0.06201213,0.0049959035,-0.029092072,0.047613513,-0.024972742,0.031703837,-0.08541901,0.024311105,0.047817625,-0.010031288,-0.041573968,0.10790893,-0.10650037,-0.011412338,-0.029747944,-0.033356644,-0.07869827,-0.072576426,0.08575119,-0.054452594,-0.025781479,0.014845272,0.013037243,-0.031145604,0.075415365,-0.03378512,-0.034859397,-0.016538732,0.00033731968,0.018806191,0.0071342727,0.010547596,-0.11704537,-0.01702159,0.016204853,0.042558637,0.032403708,0.031852417,-5.4241855e-08,0.051535975,-0.011379644,0.025026718,0.058156185,-0.014589059,-0.064947665,-0.01008897,-0.008025867,-0.0046021636,0.06341826,-0.033043433,0.10291973,-0.055559173,0.0010886769,-0.07489618,0.051270213,-0.11915013,-0.011586972,-0.00062568294,-0.0022044976,0.004313434,-0.10309638,-0.073130324,0.023446536,0.10190178,-0.10941011,0.028353099,0.027724894,-0.06956129,0.003364459,0.0041128243,0.030039726,0.06592447,-0.037102845,-0.042687394,-0.022324516,-0.02976381,0.033039816,0.0033890887,0.041740272,0.08515252,-0.006042806,-0.04762726,0.003906922,-0.017897082,0.0008796797,-0.0029120457,0.06113966,-0.011886009,0.0056948424,0.045789756,-0.0050061396,-0.023878237,0.00083119987,-0.08929286,0.08991272,0.013627474,-0.0030338264,0.0077583375,-0.063035704,-0.07548482,-0.08891653,0.086082496,0.017074538]","kungsspektrum. So können auch sensible HWI auslösende

Erreger wie E. coli oder Proteus mirabilis erfasst werden.

Amoxicillin wirkt zudem gegen die meisten Enterokokken.

Für die orale Gabe stehen die Mischungsverhältnisse von

Amoxicillin:Clavulansäure von 4:1 und 7:1 zur Verfügung.

Besser verträglich ist die 7:1-Formulierung (weniger Durch -

fälle). Sultamicillin ist eine feste chemische Verbindung von

Ampicillin mit Sulbactam, die oral appliziert werden kann.

Cephalosporine

Cephalosporine Gruppe 2

Cefuroximaxetil hat im Vergleich zur Gruppe 1 eine erhöh -

te Stabilität gegenüber den Betalaktamasen aus gramnega -

tiven Bakterien und damit ein erweitertes antibakterielles

Spektrum. Bei Zystitis besitzt es eine gute Wirksamkeit

gegen die vor allem für HWI verantwortlichen Erreger

E. coli , Klebsiella spp. und Proteus spp. , nicht aber gegen

Serratia spp .

Cephalosporine Gruppe 3

Die oralen Cephalosporine der Gruppe 3 Cefixim und Cef -","{""source"":""/home/sigillus/Schreibtisch/educx/Projekt_KI/markdowns/Antibiotika_Harnwege.md""}",edc5caaf-95d2-4e5d-bf51-ec8b8629f5a7,e00f2b1b-aaf0-40ef-a36d-21c4895b4230
f39acabc-6b7e-4952-898d-9988b3067daa,"[-0.07278418,-0.1139755,-0.07623308,-0.03996838,-0.014761092,0.021592796,-0.002637475,0.15447952,0.08455756,0.0009865004,0.07006047,-0.027285859,0.034209974,0.13397053,-0.06529192,-0.0055085043,-0.013742858,0.014473746,0.021248525,0.032443043,-0.002957657,0.03241682,-0.009050449,-0.0047539095,-0.039233103,0.0262505,0.06722282,0.025912404,0.019211052,-0.030938102,0.015221757,-0.011240095,0.018861664,-0.049675092,0.12113704,0.042772647,-0.03608304,-0.1386158,0.077427745,-0.023985572,0.0041032485,0.04744429,-0.06085447,0.008274923,0.05132752,0.06533328,-0.0053443145,0.087351285,0.04400489,-0.07714705,-0.026793322,-0.025975093,-0.00020928645,0.083467364,0.005933227,-0.06807415,-0.026409045,-0.0667991,0.04293509,0.041845337,-0.055587266,-0.001846981,0.11459309,-0.01809889,-0.046319515,0.07067119,-0.03277694,-0.0134460945,0.0088541685,0.0059024403,-0.08798927,-0.012495264,0.029433692,0.09760205,0.039435994,-0.016612379,0.04626747,0.023642331,-0.1220009,-0.077740505,0.011188575,-0.062282216,-0.030673718,0.03473438,0.050535757,-0.040797077,0.05647979,0.030735472,0.011020044,0.05575441,0.059858784,0.04312301,-0.0019027096,-0.013666711,-0.0011082118,-0.07697526,-0.024419032,-0.01567909,0.0031199756,-0.059818793,-0.0968036,0.009061655,-0.034953274,-0.048511088,0.0027836899,-0.013993936,0.02461769,-0.009262271,0.0062868022,0.0025489272,0.004162492,0.00026518627,-0.0060693775,-0.05098572,0.034113113,0.019987421,0.09758577,-0.0027661317,0.013145841,-0.0015951255,-0.04930942,-0.03511287,-0.003897369,-0.035556193,-0.09883757,0.049847983,0.005533748,1.02387916e-32,-0.012860769,-0.019424036,-0.044348665,0.02398168,0.02548614,-0.014608684,-0.027320111,-0.01152385,0.008112384,-0.10716657,-0.0704288,-0.13566378,0.015529487,0.022287456,0.036161732,0.051678255,0.03076946,-0.005440278,-0.02456498,0.04848878,-0.027743151,0.006579595,0.023872519,-0.029792711,0.09552401,0.042617325,-0.017848965,0.030865492,0.044277832,-0.059171386,0.010428679,-0.045964647,-0.02048789,0.047411326,0.01768028,0.016634945,0.022039326,-0.043919887,-0.010715497,0.0016460236,-0.004903385,0.023082348,-0.06579256,-0.011119781,0.07175765,-0.08927243,-0.07513244,0.06337299,0.038792066,-0.027692918,0.12600902,-0.0026282594,0.03371726,-0.067229375,-0.022079684,0.007902398,-0.004735783,0.044081483,0.06935161,-0.0030943672,-0.000111282214,0.0076116845,-0.04058905,0.04942306,0.04606493,0.061023224,-0.10171292,0.019892564,-0.014633196,0.017190004,-0.083331384,-0.030502677,0.023924617,0.017968245,-0.019171804,-0.011194263,-0.02661992,-0.03293022,-0.028314201,0.04000722,0.02203084,0.002025933,0.026905445,-0.016400982,-0.071583055,0.025198782,0.041260123,0.04332026,0.0322257,0.045319866,0.08398328,-0.020213276,-0.030611128,0.075286485,-0.03743101,-1.0376282e-32,0.056799427,0.046095222,-0.05286855,-0.032953434,-0.053237047,0.048380174,-0.014384971,-0.028218193,0.0052223895,-0.075125985,0.056953076,-0.010619538,0.014530408,-0.08999446,-0.06797643,0.04353721,-0.006856309,0.07124402,-0.05100214,-0.072096474,-0.011226105,0.010143035,0.07417501,-0.051726554,-0.043716956,0.070628725,0.023726713,0.12322965,-0.07086654,0.027585628,0.03200516,0.08068391,-0.037725233,-0.028941203,-0.07769147,0.034372974,-0.014860744,-0.08066048,0.08184532,-0.007972307,-0.028592376,0.051105287,-0.030194543,0.029881334,-0.02697312,0.07949041,0.08279358,-0.05500822,0.01599376,-0.042837,-0.03098311,-0.010192958,-0.010055448,-0.005944681,-0.0540808,-0.0029780923,-0.04402021,0.011938775,0.048408765,-0.044977833,0.02426969,-0.031765755,0.069028564,0.018323721,0.0697293,-0.02068936,0.008718482,-0.013388882,0.10984006,-0.08941894,0.0016215094,0.05747971,0.00043378174,-0.024190415,-0.019264383,0.068386644,-0.08633703,-0.028282404,0.027853416,-0.0048273234,-0.037780035,-0.0006359471,-0.06530237,-0.012593959,-0.041729998,-0.02439247,-0.031012315,0.049131863,0.049372837,-0.077935085,0.0074346317,0.028194927,0.012394506,0.04190351,0.109922454,-5.035448e-08,0.13599955,-0.0012731334,-0.053521905,0.046409458,0.026835917,-0.067371555,-0.041624554,-0.016744407,0.04409401,-0.0019390193,-0.074180275,0.02967437,-0.13325948,-0.059106767,-0.050716776,0.010701439,-0.11686837,-0.0806001,0.011010964,0.028448153,0.016380489,-0.050064426,-0.015804278,0.021659242,0.05534549,-0.076011464,0.020154594,-0.012123182,-0.03936614,-0.0059100906,-0.040342323,-0.011805123,0.0068192747,-0.056904003,0.0148579525,0.020394124,-0.05813209,0.06256894,0.011739367,0.10001099,0.11142441,-0.055256784,-0.077817194,-0.021800688,-0.06783311,0.063137636,-0.04046471,0.079849444,-0.05613438,-0.08139134,0.067495726,-0.0144357085,0.0032346724,0.004567332,-0.10833057,0.090362094,-0.01208294,-0.020415865,0.0028548853,-0.06486553,-0.07738138,-0.07682166,0.07300099,0.035746668]","Serratia spp .

Cephalosporine Gruppe 3

Die oralen Cephalosporine der Gruppe 3 Cefixim und Cef -

podoximproxetil haben eine verbesserte Wirkung gegen

E. coli , Klebsiella spp. und Proteus spp. und sind auch ge -

gen Serratia spp. wirksam.

Pivmecillinam

Mecillinam bindet bevorzugt an dem Penicillin bindenden

Protein 2 (PBP-2) in der Zellwand von gramnegativen Bak -

terien (im Gegensatz zu den meisten anderen Betalaktam-

Wirkstoffen, die vorzugsweise an gramnegativen PBP-1A ,

1B oder -3 ansetzen). Mecillinam ist gut wirksam gegen

E. coli , Klebsiella spp. , Proteus spp. und Enterobacter spp .Betalaktamantibiotika

Aminopenicilline + Betalaktamaseinhibitor

Allergische Reaktionen (Hautreaktionen, Blutbildverän -

derungen, Purpura, Fieber, Vaskulitis, Arthritis, Neuritis),

Thrombophlebitis, verlängerte QT-Zeit (Ampicillin), Eosi -

nophilie, Gerinnungsstörungen, Störungen im Elektrolyt-

haushalt (nur bei Verwendung hoher Dosen der Na- oder","{""source"":""/home/sigillus/Schreibtisch/educx/Projekt_KI/markdowns/Antibiotika_Harnwege.md""}",af219bdc-8a8d-435d-95e4-779c7a4356c7,e9eccc63-133f-4437-8212-3bb4cfd5ddec
f39acabc-6b7e-4952-898d-9988b3067daa,"[0.0097946925,-0.10626234,-0.04867409,-0.02056268,-0.031831708,0.045332823,0.049072433,0.18358135,0.019920353,0.008578063,0.0008537083,0.016534181,0.022849215,-0.010286292,-0.07478231,-0.028804317,0.0496421,-0.009589046,-0.032415498,-0.029250553,0.09376534,0.01450426,0.03714327,-0.004121929,0.0046423525,0.009086981,-0.021297455,-0.038744982,-0.010072357,0.0068373783,0.024541939,0.008394245,0.023653854,-0.047862004,0.048842456,0.041154314,-0.081819765,-0.02419848,-0.050619256,0.024907142,0.002232473,-0.038603462,-0.13724396,-0.015545179,0.054077324,0.008183608,-0.023966782,0.068118654,-0.05085786,0.10756812,-0.064825565,-0.07263228,0.0033106033,0.09524226,-0.018734109,-0.033164907,-0.1273054,-0.017877609,-0.0011755691,-0.002428339,-0.14031734,-0.019810637,0.05918653,-0.02846758,0.060509752,0.028998876,0.0033318938,-0.08667997,0.0363527,0.016737375,-0.0059243636,-0.055932626,0.02017073,0.06966259,-0.06829642,-0.023678876,0.08933695,-0.0048468327,-0.06846357,-0.059222292,0.062427744,0.079357095,0.06128548,0.02111665,0.04182765,-0.0066474746,-0.01184042,0.04613627,-0.017704299,0.012353739,0.0948667,0.023035193,-0.015056719,-0.014037567,0.039709397,-0.083351344,-0.040817074,-0.0032407877,-0.007365259,-0.05201377,-0.038604997,-0.06701923,-0.001952496,-0.092790864,0.0027456621,0.026434058,0.015625013,-0.05201554,0.04420275,0.019808084,-0.007354541,-0.03156385,0.043833036,-0.032185428,0.013362959,0.049548604,-0.0042240657,-0.026487386,0.028905842,-0.010669136,-0.05109587,-0.03766137,0.09177229,-0.06138431,0.0047328295,0.07510014,-0.011820975,1.565446e-32,0.031681903,-0.0347188,-0.031166565,-0.0021968917,0.021974033,0.008611392,-0.0085088,0.03072697,0.07158113,-0.047940396,0.04437264,-0.05582018,0.014301971,-0.016090699,-0.047376897,0.059208315,0.050481692,-0.014946854,0.016508928,0.017459596,-0.032139983,0.050890755,-0.020044345,-0.0084913,-0.08462937,0.033940922,-0.04696956,0.08078228,-0.0025932668,-0.019484045,0.049465716,-0.014009529,0.04833635,-0.061629184,-0.08418508,-0.047778677,0.012624064,0.032762043,-0.035449293,-0.021952428,-0.088783935,0.01749525,-0.10159726,-0.015460388,0.10697541,-0.09328993,-0.1019139,0.04084026,0.06274936,0.055182286,0.022080727,-0.036423974,0.0950061,-0.025578436,-0.035037037,0.040891033,-0.04511024,0.029006256,0.03307063,0.03924347,-0.035644345,0.0077175316,0.014584794,-0.04368151,0.052673113,0.007595974,-0.0998317,-0.040821712,-0.09242535,-0.0485893,-0.03230453,-0.020069031,0.055233017,0.041755382,0.038779967,-0.04332734,0.00837499,0.05622875,-0.061353445,-0.03304508,0.00348754,-0.065039024,-0.01790804,-0.005483831,-0.05189196,-0.0061338106,0.004833014,-0.020724954,0.00110472,-0.026022833,0.0067749643,-0.041245084,-0.10814554,0.032418944,-0.025581772,-1.490759e-32,0.033036165,0.024233896,-0.12581052,0.068309054,0.031536166,0.11936994,0.039399404,0.05422403,0.042189088,-0.04836964,0.0704348,0.0036766354,-0.047803666,-0.077067696,-0.033376545,0.08813226,-0.034158286,0.08930946,-0.08108557,0.015043605,0.004952621,-0.041219823,0.021346344,0.03029156,0.101921774,0.09181567,0.07035567,-0.010968663,-0.010110406,0.0062249405,0.028525079,0.058101706,-0.11648892,-0.07914582,0.009174048,-0.032920472,-0.013983159,-0.058823917,-0.084145665,0.024066703,-0.0016014279,0.006173253,0.08903747,-0.034952424,0.052994266,0.08876492,-0.06815069,-0.08683405,-0.024712956,-0.00030565457,0.017547762,0.04848005,0.009517715,0.12033302,0.038974825,0.03153577,-0.017216917,-0.0028274923,-0.04517559,-0.017542504,0.01892281,-0.030287465,0.04226726,-0.044539504,0.074256845,-0.040966514,-0.050723933,0.026643291,0.112138756,-0.014561475,-0.05151938,-0.04755633,-0.012851652,-0.023759445,-0.018741962,0.062599264,-0.009701525,-0.07691313,-0.045281768,-0.09313578,-0.070301056,0.038355257,0.004118624,-0.066282004,-0.036178708,0.006654367,-0.017187733,-0.017838636,0.04947511,-0.0045326804,-0.03227,-0.028814636,-0.04094979,0.0327767,0.04341993,-7.191175e-08,0.08663035,-0.07350309,-0.04296467,-0.004872505,0.0210349,-0.05871165,0.046532024,0.040577173,-0.035231005,0.017321369,0.0073244525,0.11455355,0.010401644,-0.02022742,0.017686965,-0.06975131,-0.0070572575,-0.056377985,-0.0134468,-0.036804426,0.006965489,-0.100905605,-0.00055031775,0.033005696,0.040342376,-0.027205909,0.08770293,-0.023243936,-0.007026852,-0.019933872,-0.04560227,0.03811268,0.057067506,-0.015386966,0.07052373,0.03386028,-0.0041529667,0.09104376,-0.015803894,0.06929224,-0.040082023,-0.047300655,-0.01320833,0.018065149,0.040286537,-0.029229913,0.031290088,0.112636685,0.049911026,-0.07451746,-0.082345605,0.025750982,-0.097896375,-0.022140326,-0.063275635,0.004602592,-0.00998138,0.022206247,0.0730375,-0.08461851,0.0367768,-0.017820388,0.0721527,-0.010194448]","haushalt (nur bei Verwendung hoher Dosen der Na- oder

K-Salze), interstitielle Nephritis, Respirationsstörungen,

Brustschmerzen, gastrointestinale Beschwerden, Anstieg

von Leberenzymen im Blut, Leberschäden, Stomatitis,

Glossitis, Ösophagitis, Exantheme, Krampfanfälle, Hallu -

zinationen, Herxheimer-Reaktion, Pseudomembranöse En -

terokolitis, Nierenversagen.

Cephalosporine

Allergische Reaktionen (Hautreaktionen, Blutbildverände -

rungen, Serumkrankheit, Leberschäden) Kreislaufstörun -

gen (Tachykardie, RR-Abfall), Thrombophlebitis, Eosino -

philie, Leukopenie, Thrombopenie, hämolytische Anämie,

Nierenschäden (insbesondere bei Kombination mit Ami -

noglykosiden), Riechstörungen, interstitielle Pneumonie,

gastrointestinale Beschwerden, Exantheme, Schwindel,

Muskelzuckungen, tonisch-klonische Krämpfe, Alkoholin -

toleranz, pseudomembranöse Enterokolitis, interstitielle

Pneumonien.

Pivmecillinam

Durchfall, Übelkeit, vulvovaginale Pilzinfektion, niedriger","{""source"":""/home/sigillus/Schreibtisch/educx/Projekt_KI/markdowns/Antibiotika_Harnwege.md""}",be72fb89-f7bf-4358-8055-831890636e5a,6182377a-3b76-446a-bec0-65a8dd7830c4
f39acabc-6b7e-4952-898d-9988b3067daa,"[-0.05450795,-0.013912761,-0.10153734,-0.0035201905,0.0064689424,0.0527711,0.052619893,0.15170726,0.02035071,0.016849976,0.009078428,-0.005059424,0.025981996,0.06556342,-0.060698267,-0.0043259235,0.0006105159,0.05905401,-0.06597371,0.05059555,0.0026626023,-0.03405098,-0.009080924,-0.015856741,-0.012241141,0.047429893,-0.01063483,0.0011204053,0.0044830237,0.07918906,-0.011704095,0.030458024,0.021472838,-0.04575844,0.0364904,0.028199496,-0.122413434,-0.0805936,-0.04432021,0.034940705,0.051995732,-0.0037014277,-0.16266866,-0.045770437,-0.009276407,0.001149433,0.06365973,0.020992985,-0.03449554,0.09074349,-0.017801499,-0.01329138,0.00082555326,0.06655314,-0.073373295,-0.03970975,-0.07220481,-0.028734865,0.003140411,0.015244898,-0.050756026,-0.071630575,0.046839844,-0.044805057,0.028695576,0.044157516,-0.0061794394,-0.05175823,0.049963415,-0.057644274,0.029237457,0.04335276,0.030474588,0.050454803,-0.015806578,0.05239322,0.0498105,6.354097e-05,-0.06842385,-0.119050615,0.041551374,0.0176703,0.057993475,0.089560375,0.07844774,-0.00210612,-0.109720595,0.07083805,-0.013187446,0.025507478,0.098102845,0.08165598,-0.021779211,-0.01730859,0.025022486,-0.039711367,-0.0121986745,0.01121974,-0.0021575105,-0.036522202,-0.023435418,-0.048006706,-0.06846902,-0.082513995,-0.011581449,-0.026908353,0.053658765,-0.064188026,0.012022976,0.03583847,-0.04842188,0.0010065242,-0.03052194,-0.06312626,0.0024510291,0.059874773,0.053528916,-0.016332764,-0.033416696,-0.0013352553,-0.028793314,-0.03548922,0.06360685,0.03984652,0.054779205,-0.010865322,0.016480649,1.3616208e-32,0.007865292,0.04858832,0.019077314,0.007217484,0.047946345,0.026522892,0.010738634,0.004864266,0.03949024,-0.11557961,-0.084997885,0.007123188,0.015078097,0.018176086,-0.029244797,0.027163032,0.041049693,-0.061199754,0.05590258,-0.035557285,0.03681237,-0.013934656,-0.025429392,0.09611416,-0.05452013,0.047901254,-0.061647862,0.08533031,-0.03517729,-0.039750505,0.016324881,-0.062137693,0.025866251,-0.026566245,0.0017552451,-0.026879072,-0.08713718,0.045153264,-0.08094081,0.010571945,-0.04503496,-0.035253964,-0.06259272,0.028071154,0.032373108,-0.03727829,-0.106797375,0.0080299135,0.020650793,0.019419892,0.027692394,0.011416129,0.035126153,0.005147774,-0.07855199,-0.01502594,-0.0004913181,-0.018645918,-0.015422871,0.037727714,0.040571604,-0.0030498535,0.023090534,0.057994723,-0.011043752,0.06939524,-0.060043328,0.001371107,-0.017562566,0.026261855,-0.006772725,0.014794242,0.068690024,0.02184828,0.07207914,0.0008458864,-0.020189224,0.021923304,-0.06754873,-0.034509934,0.023595477,-0.028710859,0.02645327,0.0063351477,-0.19104548,-0.02905545,0.037695583,-0.027677242,0.08429665,-0.053089865,0.03406098,-0.07977323,-0.06760191,-0.011632522,-0.03828377,-1.4247268e-32,0.03880153,0.02237701,0.012406239,-0.028769279,0.028717004,0.11503496,0.013007,0.0036519514,-0.023064045,-0.006253201,0.115682326,-0.02920455,-0.076335736,-0.011432254,-0.04831833,0.13915701,-0.041891966,0.080685236,0.009052053,-0.04264812,-0.054113034,-0.030045072,0.014015594,0.028040063,0.045738406,0.0554994,0.009158924,-0.04260162,0.045594383,0.058839187,0.0023571905,0.09500933,-0.099753946,-0.06377489,0.012691955,0.045061983,-0.027606174,-0.07072919,-0.026878648,0.041727632,-0.024740847,-0.06598259,0.07683662,0.014827317,0.03564789,0.04154188,0.022365557,-0.10963019,-0.050962184,0.0025136974,0.051583186,0.08754171,-0.013889157,0.07653945,0.008152515,0.06993268,-0.0049438234,0.0015475294,-0.02890542,-0.05008273,0.042091977,-0.103871964,0.010035812,0.00052101177,-0.016232172,-0.02011398,0.06310826,0.12962769,0.10381775,0.04037796,0.011005049,0.014298322,0.09520931,0.013147709,-0.06466893,0.03180138,0.053702965,-0.016420731,-0.0599627,0.0005668589,-0.048086625,-0.011743355,-0.07037378,-0.019984044,-0.079563916,-0.047052383,-0.0014291926,0.045066975,-0.023307439,-0.056324705,-0.042197827,-0.048270486,-0.058271974,0.05658908,0.06586402,-6.198337e-08,0.069185205,-0.09777582,-0.0810376,0.0059753424,0.007889397,-0.044484768,-0.030478004,0.014048543,-0.03401416,0.03283902,0.0013497536,0.04954891,-0.051921345,-0.04109458,-0.088197805,0.019378113,-0.065448396,-0.009751891,0.05050686,-0.0041138493,-0.014870858,-0.0048806835,-0.08474254,-0.058897212,0.012796355,-0.06807401,-0.023898998,-0.031954095,-0.010020199,-0.026725503,0.024225092,0.004971463,0.004871846,-0.052669033,0.022472853,0.08130757,-0.03749688,0.014102722,-0.019959027,0.05588738,-0.035821393,-0.04046191,-0.060371205,0.05954666,0.039830264,-0.015267205,0.0043329205,0.03998027,0.04073564,-0.057999928,-0.039155778,0.077457756,-0.050645526,-0.104251206,-0.10920903,0.07849708,-0.018441336,-0.015619215,-0.034109864,-0.08757524,-0.046920203,-0.11467696,0.057815533,-0.00998527]","Pneumonien.

Pivmecillinam

Durchfall, Übelkeit, vulvovaginale Pilzinfektion, niedriger

Carnitinspiegel, Thrombozytopenie, Ösophagitis, Mundul -

zera.

Wechselwirkungen

Folsäureantagonisten

Trimethoprim

Wirkungsverstärkung von Sulfonylharnstoffen, Vitamin-

K-Antagonisten, Phenytoin, Methotrexat, Thiopental (Ver -

drängung aus der Plasmaproteinbindung).

Fluorchinolone

Mineralische Antacida und andere Arzneimittel, die zwei-

oder dreiwertige Metallionen enthalten, reduzieren die

Bioverfügbarkeit von Fluorchinolonen teilweise um bis

zu 90 % (Chelatkomplexbildner), Wirkungsverstärkung

von Vitamin-K-Antagonisten, Hemmung des Abbaus von

Methylxanthinen (Theophyllin). Gleichzeitige Gabe von

NSAR erhöht das Risiko zentral-nervös bedingter Neben -

wirkungen (psychische Störungen, Krämpfe etc.).

Fosfomycin-Trometamol

Bei gleichzeitiger Gabe von Metoclopramid und Fosfo -

mycin-Trometamol kommt es zu einer Verringerung der

Fosfomycin-Konzentrationen in Serum und Urin.","{""source"":""/home/sigillus/Schreibtisch/educx/Projekt_KI/markdowns/Antibiotika_Harnwege.md""}",8042f8e6-caea-4c49-9f96-9c38a8b0b42d,3406f752-8a2e-44a0-959d-00e02aab889a
f39acabc-6b7e-4952-898d-9988b3067daa,"[-0.1051856,-0.0916478,-0.060816217,-0.027720235,-0.096695,0.015140209,0.047516372,0.16935842,-0.0033319257,0.06265666,0.01837833,0.03491651,-0.033834368,0.043735873,-0.026483996,-0.017848281,-0.006581878,0.06605783,-0.019010022,0.043298595,0.06185965,-0.013671846,0.0130469585,-0.011049341,-0.050529215,0.050621342,-0.040173948,-0.044917483,0.06859501,0.04284527,0.010148648,0.11421269,0.015008587,-0.08331616,0.04580324,0.072424844,-0.07401641,-0.03155163,0.011546869,0.007638819,0.017444028,0.04444179,-0.13288817,-0.04741329,0.05950897,-0.06306904,-0.050454665,0.012601786,-0.03324682,0.08470325,-0.017444635,-0.08372562,0.03770342,0.023680221,-0.07215431,-0.09770011,-0.09727578,-0.035156813,0.044286232,0.089797035,-0.098282546,-0.038171902,0.008722644,0.020790013,-0.03448078,0.07202259,0.036813177,-0.14042673,0.0352132,0.012795221,0.020883674,-0.013096239,-0.023862131,-0.0023742241,-0.05054656,-0.012374175,0.060792074,-0.025781818,-0.11161997,-0.016859017,0.13715145,0.08910486,0.0785116,0.020848887,0.0074951104,-0.0017948654,-0.010057067,0.103546984,0.04719921,-0.066459365,0.028382204,0.08852545,-0.10239514,-0.04278948,0.0852298,-0.0845129,-0.0016942313,-0.021172876,0.04158205,0.012981002,0.027370311,-0.04501223,-0.09106419,-0.0292383,0.044312667,-0.0052613686,-0.00840484,-0.10429751,-0.01511933,0.056688376,0.01626053,-0.005290046,0.036885496,-0.040184192,0.0033101737,-0.041048102,0.0036585247,-0.06472103,0.07025835,0.01411079,-0.021915687,-0.09462584,0.023379259,-0.067904115,0.07978403,0.012827452,0.017544826,1.227084e-32,-0.027529012,0.034582336,0.016916461,-0.015213584,0.012926525,0.053019345,0.025435237,-0.021261364,0.036396272,-0.07841255,-0.059945878,0.04276801,-0.011126727,0.030236097,0.012335725,0.030795189,0.023704683,-0.029972881,-0.011358296,-0.034749568,-0.02560193,0.0060624215,-0.025656193,0.0418422,-0.09550262,0.038139217,-0.053539846,-0.0037550982,0.03634769,-0.0067290803,0.05163476,-0.0910606,0.019230936,-0.0017004302,-0.007315234,0.005272137,-0.060064744,0.010304933,-0.0342387,-0.025670007,-0.06583947,0.04132559,-0.03130521,0.008690338,0.027195731,-0.08743011,-0.103390634,0.00051533116,0.06303462,-0.021152396,0.05296023,0.03790448,-0.004064809,-0.04268144,-0.11559494,0.046621155,-0.08290345,0.019119289,0.024887223,0.06826569,-0.011402986,-0.09010566,-0.023543578,0.012397379,-0.00941143,0.016915513,-0.11124412,-0.031783905,0.027560972,-0.026790164,-0.06479487,-0.0505817,-0.0009123021,0.059129946,0.079731435,0.03883604,0.09812439,0.11502201,-0.10095693,0.051162787,-0.024736185,-0.037764646,-0.020042889,0.049346913,-0.07381224,-0.0723579,0.008361304,-0.008855258,0.022240756,0.0015577979,0.08797482,-0.020542115,-0.07255897,0.028776664,0.023869973,-1.4172694e-32,-0.0039918707,0.050241526,-0.057666793,-0.011422658,-0.040202204,0.068245046,0.062246174,0.022170065,-0.010890333,-0.047246978,0.044844005,0.055566706,-0.029265178,-0.032040097,-0.042004608,0.09048062,-0.021902705,0.06008681,-0.07052917,-0.0048009134,0.047462713,0.08369542,-0.020205848,0.008576012,0.019073477,0.067283094,0.011135639,-0.07268496,0.014837793,0.025166942,0.012778695,0.05354739,-0.032709967,-0.021329263,0.024356963,-0.05731494,0.05263909,-0.08074246,-0.112511225,0.051952254,0.0061767404,0.013932371,0.05229173,-0.0362677,0.0651435,0.0018759418,-0.002984193,-0.10620932,-0.03838989,0.020490695,-0.021211904,0.030928459,-0.061843015,0.011783146,0.01817014,0.008639507,0.029063214,-0.07575318,-0.011729709,-0.033632595,0.06213848,0.011193308,0.03505587,-0.056812674,0.07242968,0.050084993,0.042235456,-0.0067593264,0.054811023,-0.022650136,-0.046893734,-0.0066453586,0.053817816,-0.01761746,-0.019282784,0.031889424,0.0070696343,-0.065035485,-0.043603618,-0.06708388,-0.049154837,-0.0048561497,-0.039409313,0.012440556,-0.07763889,-0.02098031,0.026461788,-0.07027087,-0.03464834,-0.03697246,-0.026194664,-0.025480345,0.0008369082,0.056387432,0.086665615,-6.407914e-08,0.061896402,-0.034421377,-0.08525968,-0.049860448,-0.022198066,-0.080180734,-0.030106105,0.06645288,-0.012767452,0.046324465,0.023578525,0.06944272,-0.0062504117,-0.04746772,-0.08703367,0.048424076,-0.0064984513,-0.053809766,-0.033140793,-0.07338686,-0.052441534,-0.07147855,-0.022572722,-0.05739771,-0.004012959,-0.042078823,0.008338537,0.061347127,-0.016633583,-0.00740245,-0.056160305,0.03297294,0.017924558,-0.033522144,-0.008971159,-0.014746212,0.0043661613,0.038695782,-0.0181755,0.058882963,0.02590074,-0.07795494,0.0060392893,0.016090274,0.035227448,-0.015528508,0.024147516,0.013640877,0.08999361,0.039706632,-0.06651634,0.036884684,-0.0146109145,-0.011486534,-0.039122045,-0.010747638,0.004682136,-0.018747048,0.061078656,-0.054778174,-0.03511225,0.03004423,0.08557033,-0.008470472]","Bei Gabe von oralem Mesalazin sollte die Gabe einmal täg -

lich erfolgen.

Patienten, die nicht auf diese Therapien ansprechen, sollten

zunächst orale Kortikosteroide erhalten.

Budesonid sollte bei leichter bis mäßig aktiver linksseitiger

CU bei unzureichendem Ansprechen oder einer Unverträglich -

keit von 5-ASA freisetzenden Präparaten eingesetzt werden.

Bei ausgedehntem Befall soll eine leichte bis mäßig schwere

CU zunächst mit oralem Mesalazin in Kombination mit rekta -

lem Mesalazin behandelt werden.

Patienten mit leichter bis mittelschwerer CU, die nicht

ausreichend auf eine Therapie mit Thiopurinen ansprechen,

sollten mit TNF-Antikörpern (hoher Evidenzgrad) (im Fall

von Infliximab ggf. in Kombination mit Methotrexat (MTX)),

mit Vedolizumab (mittlerer Evidenzgrad) oder – bei Versagen

dieser Wirkstoffe – mit Tofacitinib behandelt werden.

5-ASA sollen primär als remissionserhaltende Therapie

eingesetzt werden, wenn ein Ansprechen auf Aminosalizylate","{""source"":""/home/sigillus/Schreibtisch/educx/Projekt_KI/markdowns/Biologika_Colitis-ulcerosa.md""}",5469a5a4-ad48-44f6-953d-a3ac5dd144ba,ad923754-a350-4d59-bf98-4716e977a5da
f39acabc-6b7e-4952-898d-9988b3067daa,"[-0.03462437,-0.068522334,-0.06577679,-0.031233786,0.00013352605,-0.102013804,0.09414071,0.14455572,-0.03972061,-0.0024865346,-0.0064788866,0.017827695,0.10764921,0.055149786,-0.08829641,0.019673705,0.0022764136,0.023740793,0.00035726716,0.029610863,0.05063493,0.03516515,-0.011098244,-0.023972465,-0.0141012315,0.031078221,-0.023349045,0.04364196,-0.04358461,-0.0030028997,-0.009742305,0.017443823,-0.01563047,-0.08198874,0.08214325,0.021857997,-0.14823598,-0.0045477888,-0.020167436,-0.00777267,0.027048564,-0.019674297,0.002323558,-0.0026888733,0.014170488,-0.011180956,0.04253225,0.048708428,-0.008936115,0.14135781,-0.10270601,-0.0466469,0.02859005,0.0724254,-0.023808109,-0.06576531,-0.059959922,-0.037287652,-0.016024325,-0.0056455196,-0.039664023,-0.03942948,0.068110794,-0.038865395,-0.0064021796,0.031170666,-0.016650999,-0.056797486,0.09369184,0.030495083,0.033809997,-0.001855933,0.02594213,0.03301906,-0.02579849,0.020835452,0.06411155,0.014767623,-0.10027932,-0.04211463,0.0798751,0.00035863434,0.06725893,0.047336522,0.06245025,-0.024747103,0.051370516,0.08087579,0.024584942,0.08186819,0.09549821,0.098681465,0.041124802,-0.06132232,0.030510344,-0.08841038,-0.015002309,0.021461843,-0.027126249,-0.026937602,0.00446811,-0.10473524,-0.0425232,-0.012502152,-0.0136264125,0.048308484,0.0072140694,-0.0530867,0.032759175,0.068046495,-0.04522679,-0.037882067,-0.03927865,0.030660566,0.041116916,0.074747264,0.12338794,-0.031325452,-0.025808325,0.052156404,0.00067696616,-0.02600111,0.024987767,-0.057859775,0.024674147,0.15291129,-0.023449035,1.060663e-32,-0.05542105,0.04139736,-0.042037543,-0.040851,0.038484413,-0.040135194,-0.005507133,-0.047861066,0.034191158,-0.08411753,-0.08671504,0.030528998,-0.034559652,-0.0064841723,-0.05109688,0.049360562,0.044829726,-0.02446939,0.100301616,0.0007079018,0.035622485,0.027435513,-0.1110692,0.005587019,-0.06838881,0.08090757,-0.06892477,0.005683353,-0.009638683,-0.045059133,0.078051195,-0.09541697,-0.05745658,-0.04799422,0.06986888,-0.008808549,-0.0061023054,0.024325544,-0.025575839,-0.0037949632,-0.08990224,-0.0047884425,0.014434763,0.015939696,0.06800387,-0.0125038745,-0.17330684,-0.00045015936,0.04323412,0.06949458,0.04653561,-0.055483747,0.03995335,-0.04100871,-0.06937082,-0.038948886,-0.061001465,-0.023798997,-0.0014611386,-0.0188633,-0.03179815,-0.028186906,0.045247637,-0.023031075,0.037142597,-0.030426364,0.0012859599,-0.052809462,0.0139809735,0.020886695,-0.08382088,0.0054556816,0.09053756,0.037472237,0.052392088,-0.01096115,-0.048490863,-0.026972005,-0.005284128,-0.0018452343,0.07269663,-0.009961948,-0.0114927795,-0.030778019,-0.035535466,0.013806285,-0.0010262841,0.0044341157,0.04197994,-0.040805515,0.02528429,-0.07344146,-0.0974748,-0.0014735078,-0.053909324,-1.1084315e-32,0.07010024,0.0065983203,0.08019877,0.05486239,-0.016025743,0.063645445,0.01644698,0.042495888,0.043965247,0.0121280635,0.12957813,-0.06571532,-0.04202206,0.008749519,-0.009270604,0.01600928,-0.051283874,0.049864568,0.033115443,-0.05513515,-0.09840877,-0.0075650373,-0.0072118076,0.059455737,-0.019806199,0.023370478,0.03787231,-0.03480476,0.05525329,0.057959113,0.012524529,0.06598129,-0.06145803,-0.0746322,0.029062001,0.01446225,-0.053228963,-0.066326305,-0.0064571365,0.014546324,0.017106175,0.018806132,0.08375876,-0.043318618,-0.102437444,0.03971569,0.0045221737,-0.02850083,-0.06269885,-0.018445488,0.041085497,0.05839843,-0.02140394,0.020144364,0.038952745,0.07457433,0.049390975,0.060837056,-0.056332607,0.0574392,0.00815361,-0.0037245958,-0.03493538,-0.03899038,0.027090251,0.047243033,0.03335828,0.061083637,0.05666541,0.00916731,-0.05173501,-0.013928447,0.13841425,0.041843347,0.03218696,0.012533201,0.039445136,-0.03338025,0.012227914,-0.119553894,0.022310957,0.053703994,-0.015495612,-0.045826934,-0.06799276,-0.026372114,0.010425428,0.06231832,-0.0016704197,-0.085563496,0.044744305,-0.025505312,-0.07216907,-0.027436236,0.03405508,-5.0748593e-08,0.0948423,-0.020723348,-0.013467897,0.00847532,0.005183975,0.0048187207,0.031119093,0.016544845,0.009792497,0.056676023,0.015562091,0.10874714,-0.025683105,-0.06480185,-0.111599416,0.035755027,-0.039087623,-0.025420053,0.006698975,-0.018926855,-0.039092273,-0.014774603,-0.13862565,0.0035427355,0.041123096,-0.017190339,0.030366248,-0.0013291474,0.018099777,-0.007135799,-0.017461786,0.01307277,-0.009184442,-0.065502144,-0.040396173,-0.02443021,-0.042089157,-0.03890599,-0.022202816,0.00064121943,-0.055502594,-0.046948414,-0.059490148,-0.059650607,-0.059492044,-0.0463596,9.947671e-05,-0.020203173,-0.03130891,0.011927279,-0.0234241,0.019683028,-0.013978103,-0.08065039,-0.07990482,0.012859062,0.04870196,-0.017197255,-0.063724525,-0.08513043,-0.0385966,-0.04633727,0.0702768,-0.0036013736]","mycin-Trometamol kommt es zu einer Verringerung der

Fosfomycin-Konzentrationen in Serum und Urin.

Nitrofurantoin

Magnesiumtrisilikat vermindert die Resorption von Nitro -

furantoin. Im alkalischen Harn verliert Nitrofurantoin an

Wirksamkeit. Den Harn alkalisierende Substanzen wie z.

B. Acetazolamid wirken potenziell antagonistisch.

Nitroxolin

Bei gleichzeitiger Einnahme hochdosierter Mineralstoff -

präparate mit Nitroxolin kann ein hemmender Einfluss auf

die Wirksamkeit von Nitroxolin nicht ausgeschlossen wer -

den.

Betalaktamantibiotika

Verstärkung der Nephrotoxizität durch potenziell nephroto -

xische Stoffe wie Aminoglykoside, Tetracyclin, Glykopep-

tid- und Polymyxin-Antibiotika, Makrolide, Furosemid. In -

aktivierung von Cephalosporinen durch N-Acetylcystein.

Pivmecillinam

Verminderte Elimination von Methotrexat; die Ausschei -

dung von Mecillinam wird durch Probenecid reduziert; bei

Kombination mit anderen Arzneimitteln erhöhtes Risiko","{""source"":""/home/sigillus/Schreibtisch/educx/Projekt_KI/markdowns/Antibiotika_Harnwege.md""}",d7d0759c-41ed-41de-9fa7-0d00c7f979c0,c6abc26f-60da-44aa-b521-c58749fc1d76
f39acabc-6b7e-4952-898d-9988b3067daa,"[-0.029972488,-0.024861827,-0.07616723,0.033263084,0.007895038,0.034005668,0.0059812306,0.13302563,-0.01278575,-0.056576602,0.054276705,-0.007461921,0.05440498,0.059940267,-0.092001624,-0.066287056,0.027617415,0.023987804,-0.097412,0.008943699,0.027128613,-0.009240868,0.026712831,0.10395491,0.05814551,-0.03288444,-0.07038803,-0.00068421935,-0.06516848,0.024393547,0.040304713,0.06199522,0.026640255,-0.10420355,0.06327748,0.005991913,-0.04319693,-0.030566838,0.03718874,0.033872247,-0.035407856,-0.029043397,-0.15306619,0.011922016,0.0070589404,-0.00030037094,-0.009687137,-0.05121258,-0.08498188,0.060974777,-0.038416583,-0.043768093,-0.014225911,0.029934157,-0.0029871308,-0.12687574,-0.08683298,0.06746857,-0.0034311577,0.1190972,-0.004522907,-0.02735636,0.065104,-0.021476436,0.033932354,0.039685946,-0.012453729,-0.08326397,0.016656449,-0.03838379,0.052638892,-0.047355257,0.01762524,0.09183738,-0.012506934,-0.04464934,0.02993396,-0.003110238,-0.10905098,-0.05530417,0.04518437,-0.021318413,0.032832954,0.08729535,0.036574434,-0.021118809,-0.039932664,0.059598092,-0.04718239,0.08064566,0.10865093,0.060818274,-0.06195361,-0.06556642,0.06560383,-0.03433071,-0.0667715,-0.015992893,0.03601691,-0.04761935,-0.047915515,-0.04546454,-0.07129014,-0.08502034,0.03361744,-0.038306672,0.021292282,-0.058361027,-0.0020821106,0.02099435,-0.04667528,0.037896607,0.021397382,-0.07181414,-0.055186294,0.10214045,-0.022290075,-0.048786085,0.0027315149,-0.039446283,-0.006707257,0.008835358,0.107750066,-0.011544401,0.045053404,0.08547371,0.04398815,1.4355363e-32,-0.051836606,-0.0010563749,-0.025755765,0.066311754,0.02838129,0.024714023,-0.0101559255,0.0025521785,0.07160249,-0.08777791,-0.039343018,0.0033057474,-0.017619705,-0.03131208,0.043766882,-0.0018231296,0.0021531163,-0.0037522123,-0.05122363,-0.022673216,-0.037029397,0.014067806,-0.05372604,0.036406945,-0.06519739,-0.010121397,-0.051465552,0.015155125,-0.016296994,-0.020334767,0.09756365,-0.024762733,-0.0035721373,-0.07247044,-0.042111088,0.015917046,-0.019993206,0.047472343,0.0448635,-0.04621385,-0.03289894,0.08909276,0.05191616,0.045248423,0.03040095,0.0050873538,-0.119082846,0.044812948,0.03677402,0.0078094653,0.0017439136,0.01986924,0.100059085,-0.025625313,-0.063828826,0.097222455,-0.017746868,-0.00973594,-0.03422312,-0.019619202,0.013401172,0.08324817,-0.008903084,-0.028462492,-0.013802647,0.01986557,-0.09445097,-0.096192524,0.0044039916,-0.072441325,-0.048884124,-0.020616539,0.06339159,-0.028589746,0.06608041,0.008477563,-0.003465418,0.0010184848,-0.029621014,-0.06322103,-0.032512523,-0.07117093,0.002715858,-0.0061890334,-0.032028142,0.0074821617,-0.06645298,-0.011071744,0.079992674,0.03403911,0.02949744,-0.06083366,-0.09059205,-0.017920015,0.025165377,-1.5437709e-32,0.030863991,0.034499433,-0.013707855,0.04598495,0.073521905,0.044886284,-0.06400167,-0.0472547,-0.024951795,-0.07350436,0.07014429,0.017647566,-0.08111162,-0.030462228,-0.05850821,0.06757977,-0.032396175,0.08766354,-0.023384925,-0.03937982,-0.08611697,-0.0085615,0.00242369,-0.003138369,-0.0013436554,0.102542624,0.020903772,-0.041997455,0.04792514,-0.038855243,0.04719717,-0.007157113,-0.09188093,0.0020084467,0.039931875,0.008353917,0.013971373,-0.08597735,-0.070216015,-0.0005086617,0.030791044,-0.00151906,0.010623475,-0.07025112,0.036595587,0.072844476,-0.016490022,-0.117861725,0.0148211345,0.028559871,0.11035716,0.08090381,-0.033559516,0.038643483,0.023652315,0.028306734,-0.042084213,-0.021699606,-0.10352411,-0.037883427,0.079307586,0.06140702,0.00026090714,-0.040349323,-0.017942341,-0.006888827,-0.060285944,0.07665024,0.08999467,-0.044349704,-0.012207007,-0.03188499,0.05468641,-0.0016974855,-0.06582873,0.0113197435,-0.038063325,-0.08500346,-0.04792857,-0.03203875,-0.06738903,0.036859334,-0.0595093,0.021276455,-0.04755555,0.0025360605,-0.009671782,-0.041458707,0.0028863428,-0.024537828,0.0065997974,-0.016920354,-0.019999418,0.028736861,0.07205714,-6.978683e-08,0.08172041,-0.026668886,-0.016171886,0.035770155,-0.0028390302,-0.09914928,0.053086627,0.07212364,-0.047461346,0.03577939,-0.07232473,0.098563276,-0.020945964,-0.02590037,-0.10003483,-0.06273628,0.027363755,-0.015976328,-0.009225776,-0.004537963,-0.020186922,-0.024454664,-0.114045136,-0.052449927,-0.03634286,-0.02267118,0.024497593,0.008171284,0.06199855,-0.012125396,0.054849297,0.020388506,0.032148387,-0.021731097,-0.009619341,-0.021658497,-0.075620264,0.049559843,-0.067309774,0.057393648,-0.06271487,-0.06878603,-0.038254146,0.06354018,0.026610594,-0.05210292,-0.0051786774,0.044691294,0.036846045,0.028989727,0.021142747,0.07080223,0.0090254,0.0022353744,-0.045263622,0.06352801,0.044639148,0.026717223,-0.0035311542,-0.09353548,-0.009560606,-0.033417344,0.06912235,0.02326228]","Kombination mit anderen Arzneimitteln erhöhtes Risiko

für Carnitinmangel, Keine Kombination mit Valproinsäure;

verminderte bakterizide Wirkung durch bakteriostatische

Arzneimittel wie Erythromycin oder Tetracycline.

Kontraindikationen/

Anwendungsbeschränkungen

Folsäureantagonisten

Trimethoprim

Schwere Nierenfunktionsstörungen, schwere Blutbildver -

änderungen, Früh- und Neugeborene, Schwangerschaft

und Stillzeit.

Fluorchinolone

Allergie gegen Chinolone, schwere Leber- und Nierenfunk -

tionsstörungen, zerebrale Schäden (Störungen der Blut-

Liquor-Schranke) und Anfallsleiden, Schwangerschaft und

Stillzeit, Neugeborenenalter, Anwendungsbeschränkungen

bei Kindern und Jugendlichen < 18 Jahre, Vorsicht im Stra -

ßenverkehr wegen Beeinträchtigung des Reaktionsvermö -

gens. Schwangerschaft und Stillzeit","{""source"":""/home/sigillus/Schreibtisch/educx/Projekt_KI/markdowns/Antibiotika_Harnwege.md""}",6644c0b7-31fe-4bb2-89f1-a2fab4d6c99c,d84fe88c-1b21-4533-bde1-6ec67b48f807
f39acabc-6b7e-4952-898d-9988b3067daa,"[-0.033304553,-0.0622309,-0.07667713,-0.035416387,0.013005739,-0.016931439,0.006605876,0.08227382,0.058561258,-0.008497024,0.068084516,0.017996153,0.0072268066,0.06700882,-0.06973268,-0.022807427,-0.029308299,0.030533131,0.01806688,0.043728456,0.016726416,-0.021659797,-0.035048656,-0.062044013,0.029273279,0.029980252,-0.0027622192,0.0014153173,-0.0031417347,-0.023882983,0.035157844,-0.0014767903,-0.042729042,-0.0918296,0.045487694,0.034043033,-0.06360194,-0.011798062,0.09670663,0.023890499,0.0032442887,-0.042305227,-0.074399956,0.013750062,0.023252277,0.026708739,-0.027448844,0.081966385,-0.036243387,0.03156753,-0.025289612,-0.07635707,0.04336115,0.10042199,-0.01335536,-0.07788885,-0.06960174,-0.018791046,-0.054114476,-0.001530631,-0.076849945,-0.002472836,0.080066055,-0.055796236,-0.019777203,0.022694886,0.022485776,-0.13197419,0.06839629,0.0045116423,-0.015848111,0.018949179,0.13186829,0.07058347,0.035929333,-0.01084807,0.056216877,0.013023631,-0.038757965,-0.10713939,0.052648094,0.008459528,0.0034236822,0.08322121,0.07068254,-0.08281535,0.06183261,0.03485875,0.046946898,0.07205285,0.047263976,0.1088881,-0.081374526,-0.043574695,-0.008008162,-0.087227225,-0.07561441,0.073755816,-0.037543505,-0.07522571,-0.06800288,-0.024465313,-0.0060369032,0.04562827,-0.0019561169,0.02139338,0.016798757,-0.032243717,0.003015147,0.021742169,-0.08137207,-0.014784999,-0.010509618,0.0008092102,0.02851944,0.040949624,-0.008516006,-0.010244334,0.038557436,0.011298355,-0.0017138463,0.04986134,0.021037942,-0.03959821,-0.05264234,0.11262192,0.07158935,1.790079e-32,-0.08566836,-0.02295438,-0.09267158,0.034823827,0.0473086,0.036714282,0.024784612,0.045932997,0.030571163,-0.12513785,-0.06751863,-0.07489063,-0.011335931,-0.0126857655,-0.007799563,0.02304866,0.094491154,-0.0133343935,0.03927242,0.0043244553,0.06770226,0.04403563,-0.05060951,-0.027434455,0.022218896,0.060294922,-0.03553816,0.060362693,0.036911916,-0.046375796,0.030757893,-0.05892872,0.03165811,-0.07421809,-0.0037905958,0.0072541246,0.03579642,-0.0051529766,-0.000121568264,0.028583251,-0.06718459,0.06496821,-0.04411468,-0.0011244222,0.017215885,0.015717661,-0.093480475,0.017379826,0.1207687,-0.0046174056,0.1034212,-0.059395216,-0.033387415,-0.0746126,-0.018661415,0.025034208,-0.08292667,-0.0025850148,-0.016514646,-0.069446184,-0.02182094,-0.025297245,-0.015833184,-0.054919925,0.060314525,-0.024764417,-0.04205149,0.003735405,-0.026908271,-0.016373059,-0.102599405,-0.046426192,0.033410933,0.033982813,-0.0032396442,0.017259039,0.021367965,-0.0060025784,0.0074294517,-0.02916132,0.050913587,-0.030738192,-0.006736719,-0.028720768,-0.0021964216,0.0003590604,-0.06223637,0.06716128,-0.0021521086,0.031192305,0.006706202,-0.04589482,-0.09387773,0.00019872292,-0.041303914,-1.7980873e-32,0.04771401,0.04346539,-0.05467034,0.010075292,-0.015531397,0.09182992,-0.065601096,-0.038541894,0.03530805,-0.016181583,0.031858187,-0.030991223,-0.030150786,-0.015563422,-0.09046041,0.036974076,-0.1081698,0.1423911,-0.06541875,0.037634894,-0.05251316,0.028779514,-0.090461895,-0.018073974,0.06186174,0.067469634,-0.0075557204,0.104190566,-0.023141613,0.061665416,-0.009136355,0.021799933,-0.038909946,-0.035995856,0.031943474,0.029684868,-0.030552704,-0.11508345,0.009700287,0.0129686175,0.016251612,-0.021183187,0.01963189,0.029486457,0.047372412,0.028259879,-0.021894496,-0.0072004683,-0.023134159,0.0627896,0.0004295576,-0.008706069,-0.10553903,-0.0013441243,-0.052398276,0.04410083,0.042128783,-0.02779957,0.03023346,-0.045694757,0.035148337,0.01638442,0.021846429,-0.034612186,0.0067027994,-0.0024466477,-0.056899756,0.09944318,0.10372576,-0.025504485,-0.07561434,0.014624073,0.04154415,-0.03913566,-0.03802521,0.07022387,-0.0420617,-0.02391398,0.062300805,-0.066395685,-0.025364233,-0.014162696,-0.008811045,-0.039767917,-0.041737925,0.028962485,0.030818475,0.009764724,0.0020306157,-0.063388854,0.038775954,-0.07154678,-0.027809871,0.019934643,-0.012975154,-6.485579e-08,0.117912225,0.021657448,-0.020058488,0.029115949,0.03961844,-0.09711292,0.082827866,-0.017397566,0.007517023,0.029019509,-0.048953626,0.10973392,-0.051778708,-0.029884145,-0.073948205,-0.015980788,-0.10328356,-0.10692995,-0.006030455,0.00093504105,-0.026850501,-0.03539666,-0.06937191,0.054090433,0.05446842,-0.048023257,0.07785873,1.3935208e-05,-0.0045745377,-0.005461078,0.0150976665,0.005785501,0.06271461,-0.031327635,0.040955406,-0.0018886715,-0.058960576,0.03416517,-0.018039256,0.10593913,0.05579866,-0.01696085,-0.034912065,-0.016438734,0.029175648,0.013083658,-0.0036481093,0.012100766,-0.062387604,-0.041527923,-0.07286968,-0.044757735,-0.073147774,0.029238686,-0.0843637,0.036936905,-0.050074358,-0.0025278078,-0.065624565,-0.08574327,-0.05786953,-0.04775148,0.17224158,0.0140463]","ßenverkehr wegen Beeinträchtigung des Reaktionsvermö -

gens. Schwangerschaft und Stillzeit

Wirkstoff Embryonalperiode (SSW 1–12) Fetalperiode (ab SSW 13) Peripartalperiode Stillzeit Mittel der 1. Wahl Cephalosporine Cephalosporine Cephalosporine Cephalosporine Mittel der 2. Wahl Penicillinderivate Penicillinderivate Penicillinderivate Penicillinderivate kontraindiziert Folsäureantagonisten Folsäureantagonisten Folsäureantagonisten Folsäureantagonisten

Fosfomycin-Trometamol

Strenge Indikationsstellung in der Stillzeit.

Nitrofurantoin

Niereninsuffizienz, Glucose-6-Phosphat-Dehydrogenase-

Mangel, Oligurie, Neuropathien, Kinder < 3 Monate. In

den ersten sechs Monaten der Schwangerschaft und in der

Stillzeit darf Nitrofurantoin nicht angewendet werden, es

sei denn, dies ist eindeutig erforderlich. Im letzten Trime -

non ist die Anwendung von Nitrofurantoin kontraindiziert.

Nitroxolin

Überempfindlichkeit gegenüber Nitroxolin, Sojaöl, Pon -","{""source"":""/home/sigillus/Schreibtisch/educx/Projekt_KI/markdowns/Antibiotika_Harnwege.md""}",74186b45-aa2e-432b-9e17-ddddab9ec331,74fa6ec5-de53-4974-926e-f8ae7a325b81
f39acabc-6b7e-4952-898d-9988b3067daa,"[-0.08998745,-0.12227168,-0.041813657,-0.06861496,-0.04687664,0.014349752,-0.014326668,0.15813406,0.011979806,-0.0644044,0.0119195115,0.0120171225,-0.017449213,0.07670976,-0.09408119,-0.016025327,-0.009060698,0.03596514,0.004687887,0.06407681,0.022534776,-0.0029471559,0.014545859,0.028419835,-0.01767145,0.08954591,-0.02195173,-0.023133812,0.04411292,-0.016782263,0.018968176,0.052021343,-0.011702298,-0.11791866,0.06936677,-0.01315278,-0.0786424,-0.039838932,0.033467736,0.024668662,0.008751812,-0.02298338,-0.073338024,-0.0021964204,0.062168382,0.011232614,-0.021624113,-0.0067820325,-0.0023718611,0.024881488,-0.036050003,-0.15131518,0.044405196,0.0040974203,-0.01600512,-0.07818757,-0.1202549,-0.02054271,0.027494214,0.09980637,0.0038228356,0.016936485,0.04312992,-0.061561678,-0.040004205,0.0956204,0.023619326,-0.112048276,0.08206776,0.008449519,-0.014370464,-0.010376653,-0.0064878752,0.093582354,-0.0010299543,-0.04837621,0.08060382,0.030606873,-0.09068598,-0.05710758,0.063660726,0.008996668,0.008159727,0.013151233,0.010827152,0.013497121,-0.03983696,0.05022575,0.029100375,0.047061566,0.036970872,0.13200583,-0.09601545,-0.07318896,0.039698582,-0.08348023,-0.043982033,0.04640593,0.088906884,-0.029195689,0.032806974,-0.047372345,-0.06843781,-0.05264946,-0.013571134,-0.034710996,0.07664155,-0.09873574,-0.022141242,0.03849417,-0.022889446,0.031475045,-0.010014662,-0.03621433,-0.04888615,0.026538877,0.013938574,-0.033184465,0.009929995,0.055014003,-0.02958373,-0.04888257,0.0002508535,-0.04360449,-0.028587004,0.027262647,0.011888676,1.5387337e-32,-0.073191546,0.005982412,-0.05779802,0.044258457,0.056573275,0.036212403,-0.0090232855,-0.06860906,0.06681392,-0.09282316,-0.06617625,-0.0014246295,-0.11623258,0.011787502,-0.01764243,0.052238204,-0.0066158683,-0.030301832,0.03720692,-0.035084583,0.05796006,0.018038113,-0.04661153,0.034674615,0.0020352588,0.012876932,-0.083028175,0.012134475,0.07710632,-0.030917209,0.059166033,-0.07314254,-0.01710834,-0.02216776,0.016755864,-0.016388929,-0.012532564,-0.0075416034,0.031855837,-0.0019108243,-0.038948767,0.08786837,-0.060331747,-0.011160188,0.03880153,0.020687846,-0.11550628,0.096604116,0.10409047,-0.043743595,0.051071644,-0.05111894,-0.032587435,-0.021095002,-0.05017484,0.044735294,-0.046774052,-0.017811479,-0.041533995,-0.011515918,-0.019951575,0.08297866,0.008164151,-0.04725141,0.038952332,0.0565999,-0.120915785,-0.042857353,0.01822784,-0.020059258,-0.054954164,-0.022266563,0.0020520317,0.025874218,0.07994958,-0.056076095,-0.0023587027,0.04076677,0.015688952,0.01193436,0.03638619,0.005723916,-0.02925308,-0.034452133,-0.05346142,-0.0045409463,-0.002292057,0.016308956,0.046050042,0.04061509,0.07870398,-0.099950746,-0.04869254,0.008768619,-0.026681205,-1.5067403e-32,0.036659494,0.010431976,-0.011986782,0.05163286,0.007409655,0.11971971,-0.037317492,-0.06373543,0.060185593,-0.028537394,0.045590196,0.02600864,0.046518832,0.018282628,-0.021815851,0.021887247,-0.04540512,0.050644446,-0.06574292,-0.062644,-0.020276984,0.022986593,-0.026624978,0.06891568,-0.0011321659,0.036627732,0.0073359204,0.028803864,0.080381885,0.052750442,-0.006374746,0.014470618,-0.045800447,-0.04024576,-0.0021210255,0.005465712,0.039724037,-0.0010944499,-0.027438814,-0.011896357,-0.005943506,-0.014604241,-0.002771032,0.013387269,-0.024265883,0.045335982,0.008135314,-0.07957275,-0.07094293,0.04110677,0.06631905,0.018703831,-0.03251776,-0.00043901196,0.009818068,0.053116173,0.0053114467,-0.034539163,0.015378498,-0.048745997,0.04255463,-0.022451742,-0.045685675,-0.031684082,0.029179731,-0.01609932,0.0025811226,0.052705094,0.129099,-0.05019403,-0.032386698,0.017522246,0.09978608,-0.011265289,-0.022465402,0.064109005,0.02723047,-0.111171514,0.015159876,-0.09939535,-0.048810884,0.08559091,-0.05720297,-0.012577821,-0.022989001,0.006479742,0.042814773,0.04980723,0.019138884,0.0024928253,0.052681517,0.011826601,-0.010148619,0.060189027,0.06645303,-7.019838e-08,0.112058826,-0.011281585,0.0066833566,0.024925834,-0.040794358,-0.03586464,0.05110693,0.03273876,-0.025946235,0.057634506,-0.015768094,0.16396628,-0.043481473,-0.040155787,-0.08022514,0.03017384,-0.056249987,0.0028034495,-0.030891206,-0.035850015,-0.027154805,-0.014136184,-0.06926882,-0.016952287,-0.011918311,-0.07729032,0.056932565,0.07161758,-0.031671274,-0.02346643,-0.035017177,0.044376835,0.030816343,-0.084794484,-0.042171765,-0.020940954,-0.02423423,0.09348008,-0.03040971,0.03618703,0.0008196346,-0.038757585,-0.08767803,-0.005163438,-0.05559431,-0.055814702,-0.035750236,0.036612853,0.036908288,0.068647236,-0.020597767,0.041754782,-0.016910426,0.019363277,-0.11169013,0.07376528,-0.054198634,0.0052098753,0.0019861974,-0.098435424,-0.076986395,-0.01204745,0.114534646,0.021508293]","Nitroxolin

Überempfindlichkeit gegenüber Nitroxolin, Sojaöl, Pon -

ceau 4R (E124), schwere Nieren- und Leberfunktionsstö -

rungen. Schwangerschaft und Stillzeit.

Betalaktamantibiotika

Allergie gegen Betalaktame.

Pivmecillinam

Überempfindlichkeit gegenüber Penicillinen oder Cepha -

losporinen. Alle Bedingungen, die den Durchgang durch

die Speiseröhre beeinträchtigen. Genetische Stoffwechsel -

störungen, die bekanntermaßen zu einem schweren Carni -

tinmangel führen, z. B. Carnitin-Transporter-Defekte, Me -

thylmalonazidurie und Propionazidämie. Kosten – Kinder und Jugendliche (1 Monat bis 12 Jahre)

Stand Lauertaxe: 15.02.2018

Nach (24) für orale Darreichungs form; 2Dosierung gemäß Fachinformation (FI) und unter Berücksichtigung der Angaben der

Deutschen Gesellschaft für Pädiatrische Infektiologie e.V . (DGPI) (2); 3Kostenberechnung bezogen auf die Tagesdosis der FI anhand","{""source"":""/home/sigillus/Schreibtisch/educx/Projekt_KI/markdowns/Antibiotika_Harnwege.md""}",e46562df-15e5-4a8e-8bdd-87842c420f91,d6f5d770-c5a0-48bd-b31a-32635bce2b8b
f39acabc-6b7e-4952-898d-9988b3067daa,"[-0.053872857,-0.040509295,-0.036950074,0.04871209,-0.069846615,0.06376019,0.03945352,0.13325936,-0.08336335,0.062200125,0.045806885,-0.0120955845,-0.007209889,0.04379479,-0.077038914,-0.013129892,-0.044649318,0.008144498,-0.1515472,0.060385995,0.06437304,-0.027901378,0.056244187,0.098954774,-0.008320274,0.0052144914,-0.09147936,-0.018561479,0.022309653,-0.03627268,-0.019967318,-0.0006876166,-0.00826278,-0.02728234,0.06601323,0.053411048,0.0045281933,-0.020378465,-0.05142713,0.08232016,-0.001485873,0.03505979,-0.12648876,-0.011646971,-0.042401694,-0.014094934,0.022073546,0.028573366,-0.048205633,0.020957097,-0.088222295,-0.12217662,0.006332594,0.029433507,0.025178919,-0.13765505,-0.09369676,-0.11523072,-0.025758276,0.050379153,-0.027872795,-0.0018866525,-0.0017149992,0.036016308,-0.013598501,0.029968534,-0.01751647,-0.096146196,-0.023703735,0.011032534,0.038512807,-0.05954441,0.019640967,0.05121454,0.015578124,-0.017408174,-0.05833381,-0.051543973,-0.06661098,-0.15277246,0.036874525,-0.007838649,0.018941125,0.034109585,0.00903597,-0.039104115,0.0048969365,0.077822134,0.021216497,-0.011687199,0.09488698,0.06746168,-0.07723252,-0.06661294,-0.028400699,-0.023075158,-0.035795625,0.015128167,-0.027088262,0.023737678,0.057555936,-0.03434444,0.033179957,-0.011119897,0.015858518,-0.022421472,-0.020534987,0.0011884642,-0.04772215,-0.0072170873,-0.046891656,-0.0053927596,-0.010547392,0.004167258,-0.011365398,-0.0093160225,0.0686445,-0.07442612,0.0032813991,0.018601583,-0.012678996,-0.035263054,0.15087034,-0.046133462,-0.03446312,0.05501922,-0.002702643,1.7945858e-32,-0.04798505,-0.049693864,0.024342634,0.002503301,-0.07039479,-0.016986568,-0.026597999,-0.034906264,0.028573379,0.0026978953,-0.016259283,0.020778447,0.043450903,-0.011954492,0.09588942,-0.03209108,-0.0051984643,0.009013334,0.018376665,-0.030141575,-0.046380572,0.04110054,-0.022035478,0.0581724,0.028911538,0.08828145,-0.04911817,0.032768987,0.00921521,0.0016137752,0.07971636,-0.0118317865,-0.10138297,-0.040745497,-0.09246873,-0.021692665,-0.0018583972,-0.06855291,0.00961359,-0.08110246,0.02526253,-0.064977564,0.028953701,-0.040759496,0.12199311,0.03946386,-0.018359346,-0.029882133,0.016803503,-0.035193127,0.083849795,0.04377132,0.13092135,-0.04094347,-0.073992975,0.04372347,-0.0074420385,0.029852198,0.01928403,0.045079984,-0.015441056,-0.022654215,0.018500788,-0.050664652,0.0651146,0.0115362825,0.019225454,0.02285688,-0.026069973,0.0057586804,-0.067907974,-0.056854356,0.042687822,0.036206253,0.08495462,-0.00027452636,0.02235044,-0.022261782,-0.074121356,0.016386084,-0.041575123,-0.029001404,-0.0339791,0.048275255,-0.107313976,-0.06610041,0.018671347,-0.0681495,-0.0024947324,0.05471024,0.04453503,-0.007874499,-0.114879325,0.0022376922,-0.019242229,-1.8707065e-32,-0.008761717,0.062453788,-0.026940318,0.07664824,-0.011134855,-0.004436239,-0.007154391,0.09049763,-0.09727943,-0.099171646,0.060023658,-0.024946319,-0.04516169,0.00012451001,0.0018127235,0.09981478,-0.03164898,0.088345654,0.05049977,-0.085293226,0.087254524,0.020336915,-0.018503997,0.08163804,0.05813698,0.09005063,0.026603526,-0.029207893,0.04183478,-0.02165515,0.035741787,-0.02774993,-0.021261994,0.020620823,-0.08462424,-0.097549394,-0.0020408628,0.028688654,0.00077450485,0.03945081,0.011832521,0.06566782,0.045010254,-0.055236675,0.024141131,-0.034132056,0.026045792,-0.07747929,0.029918306,-0.034520086,0.111203775,0.04506329,-0.08821805,-0.06293607,-0.018598171,0.021775767,-0.0027985016,-0.12595554,-0.07227679,-0.01197147,0.01917929,0.025802895,0.019913802,-0.034279373,0.022619814,0.008346313,-0.05016427,-0.025682636,-0.064052306,-0.0410767,-0.041660905,-0.02207213,0.04161011,-0.037688147,-0.0043375124,0.024493061,0.033465736,0.017104298,-0.020914989,-0.003018349,-0.051223483,-0.0057459106,0.010291898,0.022385031,-0.022728628,0.012198857,0.065230936,-0.032850303,0.044356138,0.008533902,0.022262309,0.025199382,0.03206241,0.06626671,0.030808294,-7.1961665e-08,0.085254155,-0.066352844,0.026228305,-0.046530988,0.04133688,0.0027003777,-0.020996707,0.03850863,-0.045190264,0.0919095,0.04661509,0.04433552,-0.07670367,0.11001882,-0.07455827,-0.0516064,-0.034923196,-0.039874632,-0.046452522,-0.054721806,0.027542086,-0.074497975,-0.060513873,-0.0052938703,0.03405966,-0.05976918,-0.09708865,0.0075125587,-0.010700862,-0.023178238,0.05773942,0.02088349,0.006007084,-0.024892457,-0.02370286,0.015540295,-0.029126499,-0.022085741,-0.052079696,0.06982214,0.0023151042,-0.0697099,-0.009577599,0.0323719,0.047478944,-0.072695404,-0.12924293,0.07001812,0.043553885,0.06446996,-0.033273555,0.0035258962,-0.017756997,-0.016364593,-0.038499057,-0.02932421,0.023234224,0.017470593,0.0030063095,-0.011145951,0.054039642,-0.069428004,0.049945023,0.020086288]","des kostengünstig sten Präparates einschließlich Import; gesetzliche Pflichtrabatte der Apotheken und pharmazeutischen Unternehmen

wurden berücksich tigt; 4die dargestellte Behandlungsdauer von 7 Tagen kann in Abhängigkeit des Schweregrades der Erkrankung

über- oder unterschritten werden; 5bei der Wahl der dargestellten Behandlungsdauer von 7 Tagen wurde nicht berücksichtigt,

dass mit einigen Wirkstoffen eine kürzere Therapiedauer bei unkomplizierten HWI ausreichend ist, dies kann zu niedrigeren

Behandlungskosten führen ; 6Kostenberechnung für ein 30 kg schweres Kind; 7Kinder-DDD; 8Säuglinge ab 6 Wochen bzw. ab

5 kg; 9Zystitis: nur für Mädchen zugelasse n; 10 Saft nicht verfügbar; 11 Kinder ab 4 Monate; 12 Kinder ab 3 Monate; 13 Kosten für max.

zugelassene Tagesdosis 500 mg; 14 Kinder ab 1 Monat; 15 Kinder ab 4 Wochen; 16 bezogen auf Amoxicillin; 17 keine klinischen Daten für >","{""source"":""/home/sigillus/Schreibtisch/educx/Projekt_KI/markdowns/Antibiotika_Harnwege.md""}",46585366-0305-48c0-b1b2-afa2f42d3b2e,8a6549b4-139a-46cc-87c7-0322d471e4b5
f39acabc-6b7e-4952-898d-9988b3067daa,"[-0.029781625,-0.040406335,-0.019097567,0.061135575,-0.076402895,0.022460448,0.010829784,0.222615,-0.0013010865,-0.008607451,0.074178934,-0.082843445,0.053283293,0.049084198,-0.046461727,-0.01184433,0.07112525,0.03877559,-0.083556615,0.09398061,0.065614134,-5.4296756e-06,0.008111623,0.023033764,0.00042256527,0.047356438,-0.052769113,-0.06372988,-0.015360035,0.036683977,0.050485626,0.033126403,0.06656159,-0.08951123,0.0528037,-0.010563825,-0.017515404,-0.021203535,-0.007696751,0.0265392,-0.045615397,-0.004207923,-0.08910856,-0.0386139,0.03054091,-0.047162402,0.01575853,0.022011135,-0.029980076,0.09785795,0.006788895,-0.034730185,0.034838617,0.05840203,-0.020875873,-0.17336015,-0.033983734,-0.010078606,-0.028219856,0.10705345,-0.13343114,-0.013428374,0.03103547,-0.025969733,-0.041856274,0.041825235,0.027805192,-0.07985049,0.04677646,0.035193987,0.013578694,-0.009876333,0.009607798,0.05596618,-0.012711051,-0.011150218,0.04044915,-0.03481375,-0.017592575,-0.12072228,0.0473158,0.029881012,0.052896358,0.07006367,0.016575,-0.05079567,0.0011068438,0.07923527,-0.006214834,0.024961289,0.05732506,0.09306389,-0.13305229,-0.012679541,0.0137609895,-0.003961003,-0.09515315,-0.008881282,-0.0059698317,-0.012560572,-0.0059636454,-0.04216423,-0.06660574,0.0066257464,0.04416863,-0.038424473,-0.005169493,-0.055532563,-0.025358645,0.08665059,0.01345144,0.016318532,-0.05860332,0.0031257079,0.009425,-0.046290867,0.0909532,-0.0786735,0.0013890122,-0.02978999,-0.015653875,-0.10635632,0.053470194,-0.08630154,0.0040106997,0.04561065,0.092628375,1.4127962e-32,-0.09059119,-0.059912942,0.023548841,0.0048278417,-0.0035739928,0.02118345,0.017434962,0.03893519,0.07777438,-0.07271262,-0.037331454,-0.017709257,-0.019564593,0.023709109,-0.0007604498,-0.04494967,0.0485413,-0.04019531,0.031827368,-0.047451545,0.018687557,-0.0076379394,0.01704006,0.051930584,-0.015423332,0.0014745977,-0.046852723,0.05320724,-0.0067146956,-0.017786488,0.028612727,-0.05450119,-0.008641853,-0.11491884,-0.07528002,-0.041396294,0.0044282544,0.0049642464,0.0023142349,-0.0850482,0.013874874,-0.014777195,-0.033154316,0.03769858,0.06651753,0.03147006,-0.07410413,-0.009206005,0.02935993,-0.014805569,0.0120679755,-0.00083150057,0.018955396,0.022893451,-0.05471426,0.028056143,-0.043313455,-0.024927052,0.014265605,0.054539546,-0.036745813,0.05604702,0.028814286,0.011906571,-0.0099717155,-0.022053566,-0.063776284,-0.024650704,-0.087620184,-0.022072183,0.009200512,-0.0012797604,0.0420219,-0.02951521,0.01678461,-0.03773707,0.03966962,0.043596078,-0.03811824,0.011394296,0.016308423,-0.0428234,0.03106092,0.001860788,-0.10185227,0.03381374,-0.030947354,0.02077659,0.05206802,0.04489117,0.07468318,-0.042521805,-0.100061834,0.035865903,0.015676918,-1.4128048e-32,-0.013247641,0.10585642,-0.01917581,0.036122564,0.020106804,0.1060742,-0.016281495,0.10135994,-0.0030090676,-0.06731156,0.024535866,0.038365003,-0.0370563,-0.07980567,-0.048504394,0.11128363,-0.03537152,0.03902967,-0.020885825,-0.031992335,0.0017188104,0.06086587,-0.023457127,0.058655884,0.080525115,0.02626431,0.0034009947,0.007909612,0.007075836,0.012788698,0.044598572,0.03249096,-0.014849805,-0.016876118,0.026075078,-0.07557273,0.03492096,-0.029180383,-0.02732218,0.026635386,-0.08251161,0.07034886,0.018723803,-0.069567285,0.012344992,0.044518188,0.04087339,-0.14992659,0.07683829,-0.036496125,0.08610922,0.03003567,-0.0782439,0.051960275,-0.009586729,0.00046784783,-0.07222938,-0.053347237,-0.042089652,-0.04801096,0.0108468635,-0.041697737,-0.039587196,-0.059149012,0.02220439,-0.010304963,-0.00436148,0.0150199765,0.109029174,-0.024645336,0.0025276977,-0.025095776,0.07415387,-0.08804214,-0.03452501,0.022096394,0.028084341,-0.06680285,-0.027807875,0.008597835,-0.040834785,0.0485257,-0.01681197,-0.032129742,-0.0928682,-0.046435703,-0.04146464,-0.014055105,-0.028864346,0.08201361,-0.058712617,-0.016822632,-0.025404794,0.038214296,0.12244971,-5.787732e-08,0.06682631,-0.07174859,-0.023784848,0.0072322027,0.0034475108,-0.056060117,-0.017176913,0.032073047,-0.022762947,0.086693406,0.026159553,0.070772484,-0.053123727,0.00048777874,-0.11955198,-0.07826926,-0.00961065,0.038885094,-0.023168715,-0.026747067,0.027164655,-0.026235495,-0.04720312,-0.03614585,0.054605555,0.01167847,-0.013966087,-0.008720369,-0.03045911,0.00457864,0.01665846,-0.032900065,-0.017257933,0.0063352487,0.026590735,-0.003947398,-0.05817007,0.06667719,-0.027663453,0.097429186,0.024119677,-0.13172503,-0.022246681,0.06445459,-0.0060307207,-0.008206076,-0.10409541,0.068244115,0.012736753,0.0069007794,-0.0010058217,0.0847902,-0.044436727,0.009378621,-0.09155847,0.0633187,0.019431239,-0.028384551,-0.0027506272,-0.061969988,-0.0031994067,-0.07120147,0.025623433,0.016033793]","40/10 mg/kg/d bei Kindern < 2 Jahre verfügbar; 18 keine klinischen Daten für > 45/6,4 mg/kg/d bei Kindern < 2 Jahre verfügbar; Kinder < 2

Monate: keine Dosierungsempfehlung; 19 Kinder ab 6 Jahren mit weniger als 40 kg Körpergewicht; 20 Kosten für 3 Tage.

Kosten für Einmalspritzen als Dosierhilfe bzw . Dosierspritzen wurden nicht berücksichtigt. Neben den dargestellten Darreichungsformen

soweit möglich orale, flüssige – stehen noch weitere Darreichungsf ormen sowie Wirkstärken zur Verfügung. Weitere Angaben zu

Dosierungen und Anwendungsgebieten sind den Fachinformationen zu entnehmen.

Die Kostendarstellung erhebt keinen Anspruch auf Vollständigkeit.

Antibiotika

Wirkstoff Präparat DDD 1 Dosis pro Tag 2 Kosten für 7

Tage [€] 3,4,5,6

Folsäureantagonisten

Trimethoprim Infectotrimet ® 100 Saft

100 mg/5 ml Suspension 0,15 g7 6 mg/kg 8 23,20

Nitrofurane

Nitrofurantoin 9 Nifuretten ® 20 mg

überzogene Tabletten 10 0,12 g7 5 mg/kg 11 13,61

Cephalosporine

Gruppe 2","{""source"":""/home/sigillus/Schreibtisch/educx/Projekt_KI/markdowns/Antibiotika_Harnwege.md""}",5cb026ba-6b2f-4a6d-a95a-0cf996fa0fa2,15cab5cd-d3d7-464c-b4db-82489160b8b3
f39acabc-6b7e-4952-898d-9988b3067daa,"[0.001040017,-0.08729884,-0.07343586,-0.060880374,-0.021969065,0.0052727237,0.030630054,0.1942735,0.02847155,-0.024564968,0.047806323,-0.08645309,0.034612045,-0.0006496299,-0.11627349,-0.015333182,0.0019218378,-0.018819377,0.0028537735,-0.02469194,0.015532209,0.0464166,0.03962627,0.0074983547,0.00637794,0.058484416,-0.03028323,0.02326691,0.035309374,-0.051828735,0.035137255,-0.017659986,0.03428557,-0.040330827,-0.039263107,0.042069644,-0.119781435,-0.04268468,0.089671955,0.03585803,0.043751802,-0.0012445773,-0.03939346,-0.024119707,0.017257707,-0.012859296,-0.07421351,0.04578605,0.00537324,0.08219203,0.05232634,-0.02649715,0.0033203312,0.10968816,-0.014549759,-0.069557525,-0.1091106,0.0042086137,0.032564126,0.093709126,-0.032853965,0.046874028,0.03409532,-0.084101856,-0.043626804,-0.027775265,-0.060439147,-0.052345045,0.06365333,0.043101247,-0.03493066,0.017399292,0.08152477,0.024838302,-0.07982871,0.026856134,0.008614605,-0.077375464,-0.114249304,-0.031359345,-0.018150557,0.020586455,0.06643035,0.08885944,0.048760593,-0.014802093,0.035902552,0.08692013,0.0032865175,0.06030405,0.15434293,0.09895981,-0.017524134,-0.004049646,-0.011954115,-0.0069787847,0.01665559,-0.004033264,-0.028075166,-0.0018057823,-0.047779664,-0.038892638,0.005777002,-0.09562604,-0.08108826,-0.0105257975,0.049947493,-0.08093065,0.014738462,-0.035788156,-0.037723545,0.00026639746,0.0062470897,-0.05559784,0.0100038275,0.030595405,0.047736272,-0.0020017931,0.041175902,0.053024072,0.0097934,0.01382338,0.07962711,-0.03311778,-0.07783456,0.016207907,0.022456888,1.0887341e-32,-0.084918685,0.0151143605,-0.050329085,0.07324793,0.034751065,0.007064021,-0.046485715,0.07121327,0.00973514,-0.047362216,-0.11926872,-0.01263207,-0.02723847,0.025420798,0.006633912,-0.032430824,0.038267456,-0.030758921,0.054997392,-0.077707335,0.028342357,0.010723909,-0.065241,0.03424019,0.0011574674,0.08228856,0.006260782,0.06548443,0.023298401,-0.04328962,-0.022831608,-0.009284625,-0.03675899,-0.052872635,-0.052643586,0.04064413,0.006285824,-0.018259568,-0.06997417,0.008416162,0.028881894,0.031748284,-0.0030303395,-0.0015898247,0.027640041,0.013136511,-0.054237433,0.0668665,0.08626092,0.011557607,0.07053693,-0.030447355,-0.009587805,-0.017178522,-0.012291103,0.07269292,-0.08621013,0.0066155544,0.097073615,0.06737151,0.022126744,-0.0015229615,2.7911032e-05,-0.014520662,0.037539046,0.025640445,-0.09335459,-0.07099709,-0.04362355,-0.05643021,-0.038111057,-0.039419506,0.06935227,0.007962639,0.01136199,0.049838662,-0.036185235,-0.036254246,-0.0422034,-0.01498992,-0.046219192,-0.012300157,0.054579783,-0.018412119,-0.032557365,0.015694447,-0.054680575,-0.0038735156,0.0053290953,0.035791904,-0.030356957,-0.138968,-0.09164613,-0.026025904,-0.10909759,-9.668906e-33,0.04835232,0.037702635,-0.031794325,0.02650312,0.05015866,0.15195711,0.006750438,0.01229593,0.056567177,0.0111204535,0.077876404,-0.040098395,0.0063915877,-0.044752307,-0.024707695,0.05772385,-0.0051515577,0.09873063,-0.08408899,-0.034953482,-0.07272332,0.070396036,-0.011448211,0.07044019,0.017603174,0.08158766,0.042322353,-0.037668504,0.012351596,0.07549887,0.0278415,-0.07648042,-0.009932703,0.12019463,-0.026783891,0.031064086,0.042861983,-0.040873375,-0.045502868,0.01616452,0.020765647,-0.011980252,0.017889485,0.038855802,0.009819089,-0.0042138053,0.044734012,-0.035985805,0.03654941,-0.023906345,0.05521373,0.026562748,-0.06323561,-0.03800435,0.034878142,0.017131966,-0.013080875,-0.05688521,0.021902448,-0.063917644,0.05078229,-0.02349502,-0.010617504,-0.02566181,0.05209708,-0.018991258,-0.06493563,0.07541465,0.06977006,-0.056749795,-0.002654493,-0.006783187,0.028309623,-0.051014453,0.03437246,0.029662905,0.045846753,-0.06833044,0.040387776,-0.05589206,0.0043397695,-0.05322202,0.016465802,0.0016584308,-0.043129742,-0.011993727,0.041442856,0.029295793,0.025192944,0.048678685,0.0071644527,0.070583016,0.03062222,0.028991269,0.1311059,-5.4854222e-08,0.08042971,-0.007345332,-0.016013296,0.013377095,0.004623489,0.004796879,0.0085111195,-0.013611196,-0.06922582,0.018689733,-0.04932173,0.064660825,-0.081149355,0.048202023,-0.04241957,-0.017296197,-0.068198584,0.054568034,-0.0019982865,-0.011331638,-0.042460565,0.02785421,-0.011623483,-0.038029674,0.016874785,-0.04512801,0.022619689,0.061729956,-0.008275932,0.08460304,-0.015593289,-0.017665964,-0.029620085,-0.049841348,0.028114049,0.026940104,-0.087155946,0.058675427,-0.027625673,0.10156794,-0.009339731,-0.1105654,-0.032026984,0.030116664,-0.04370801,-0.003623334,-0.06622416,0.034731608,-0.014295115,-0.05093476,0.057824843,0.032837804,-0.008451615,-0.035502855,-0.1280095,0.0030410842,-0.065082476,-0.041881043,-0.039924964,-0.12581924,-0.07796557,-0.032479633,0.08732887,0.005826409]","überzogene Tabletten 10 0,12 g7 5 mg/kg 11 13,61

Cephalosporine

Gruppe 2

Cefuroxim Generikum 125 mg/5 ml

Trockensaft 0,5 g 30 mg/kg 12 27,62 13

Gruppe 3

Cefixim Generikum 100mg/5 ml

Trockensaft 0,2 g7 8 mg/kg 14 18,96

Cefpodoxim Generikum 40 mg/5 ml

Trockensaft 0,2 g7 8 mg/kg 15 43,84

Aminopenicilline + Betalaktamaseinhibitor

Amoxicillin/

Clavulansäure

Generikum

250/62,5 mg/5 ml

400/57 mg/5 ml

Trockensaft

1 g7,16

4:1-Formulierung:

25 mg/kg – 75 mg/kg

(20/5 mg/kg – 60/15 mg/kg) 17

7:1-Formulierung:

28,6 mg/kg – 51,4 mg/kg

(25/3,6 mg/kg – 45/6,4 mg/kg) 18

24,36 – 73,08

17,73 – 26,59

Sultamicillin

Unacid ® PD oral

375 mg/7,5 ml

Trockensaft

1,5 g 50 mg/kg 88,35

Mecillinam

Pivmecillinam-

hydrochlorid

Pivmelam ® 200 mg, 400 mg

Filmtabletten 10 0,6 g 20 – 40 mg/kg 19 17,65 20 –

18,25 20 Stand Lauertaxe: 15.02.2018

Nach (24) für orale Darreichungsform; 2Dosierung gemäß Fachinformation (FI) unter Berücksichtigung der Angaben der Leitlinie der DGU","{""source"":""/home/sigillus/Schreibtisch/educx/Projekt_KI/markdowns/Antibiotika_Harnwege.md""}",b07e28a0-b3d1-4c26-91fb-2acd80f14aeb,dd59a0e9-5bf3-4fa4-970e-9aec81e4856c
f39acabc-6b7e-4952-898d-9988b3067daa,"[-0.00013922424,0.11636,-0.018278645,-0.0014844069,-0.04828358,0.08439674,-0.03717705,0.069850415,-0.040445223,0.06637655,0.0077743344,-0.013820089,0.057288498,0.023857199,-0.088933006,-0.06767285,-0.007868092,0.017663494,-0.04827667,-0.010117674,0.007510621,-0.082412146,-0.0020564757,-0.010178288,0.01747825,-0.0321591,0.0018666742,0.018628964,0.0066141416,0.024485521,-0.081980035,-0.015977507,-0.03440964,0.0048204735,0.03873273,0.04820161,-0.027164005,0.018378243,-0.057700705,0.03235752,-0.03897473,-0.017450845,-0.070769474,-0.05025325,-0.019709598,0.05964619,0.07163098,0.03359464,-0.11564182,0.008996729,-0.1209059,-0.062389623,-0.021237865,0.014782772,0.039843827,0.0076696533,-0.032775514,0.06351859,-0.04468035,0.021365771,0.034775395,-0.030243512,-0.044007733,-0.02356174,0.007970531,-0.004402021,-0.023377394,0.00028362565,-0.072504684,0.026636919,0.077458195,-0.03919159,-0.031411275,0.019880077,-0.015033893,-0.0005604326,0.043445442,0.0078031765,0.0156027125,-0.07793029,0.033815783,-0.023666186,-0.13075009,-0.017441217,-0.020799883,-0.052854788,-0.004581349,0.004191689,0.06697416,0.0048160153,0.03728999,0.0062086512,-0.041668016,-0.059348855,-0.052657235,-0.0023795394,0.01888645,-0.04887835,0.09764645,0.0039570793,0.048627708,-0.07335851,0.053764,-0.018630669,0.0357975,0.0018556006,0.06477075,-0.06423082,-0.02869791,-0.011671665,-0.0140366005,-0.016683066,0.03104156,-0.05538778,0.012669811,0.057767283,0.040390525,0.02526963,-6.894815e-05,-0.079711996,0.039986778,0.00032319265,-0.0068897656,-0.035327308,0.06207109,-0.05077372,-0.018097864,1.8714932e-32,-0.03052833,-0.018502118,-0.003642456,0.09721484,-0.027498275,-0.0043201325,0.040193565,-0.017673312,0.07579637,0.021712096,-0.047615647,0.08816383,-0.06374776,-0.059246354,0.041173536,0.003009089,-0.05440158,-0.017190205,0.031921457,0.05045484,0.0023071242,-0.070685305,-0.0072997217,0.07011532,0.02748821,0.01816036,-0.009786568,-0.0569832,-0.08390882,-0.0051545473,0.084997185,0.021056699,-0.06202096,-0.07355406,-0.059451986,0.021290392,0.024955545,0.02697012,0.09306706,-0.06533061,-0.04141899,-0.026563907,0.012031552,-0.05514851,0.08253902,0.008715639,0.00056178,-0.02085593,0.05550517,0.012772917,0.0637646,-0.04646622,0.083843015,-0.07336763,0.0505181,0.09935406,-0.07333462,0.03367225,-0.061381105,-0.019025888,-0.03186326,-0.04567761,-0.023700569,0.019763755,0.024495699,0.017069666,-0.012450543,-0.02972798,0.066182494,-0.0053358334,-0.09436473,0.0008605328,-0.040044438,0.037378956,-0.006022753,-0.004528322,-0.028651373,0.052080534,0.007410827,-0.07573848,-0.13219717,0.079466656,0.012081836,-0.018781852,0.043265972,-0.03714949,0.020565473,0.035727166,0.06967592,0.038543347,0.030639783,0.010315377,0.0007936427,0.08671581,0.046075348,-1.8913992e-32,-0.018733995,0.016123837,-0.08188746,0.045589153,0.021372277,0.009349498,0.007004016,-0.010853801,-0.11530787,0.007936704,0.0027768163,-0.13949786,-0.021576278,0.064246945,-0.08376673,-0.011580722,-0.0031080407,-0.02853092,-0.01758872,-0.040528532,0.043332785,-0.059016258,0.015052838,-0.029931061,0.0028531463,-0.003889773,-0.03683457,-0.028262513,-0.12253231,-0.027992945,-0.0034310967,-0.029833954,-0.04017342,-0.045536198,0.036670763,-0.10184028,0.07948159,-0.0544952,-0.021100022,0.06508258,0.055557393,0.058219515,-0.042318832,-0.00012911708,0.01997752,-0.029148463,0.09966017,-0.15554304,0.032020234,-0.1559587,0.12783821,-0.006552581,-0.015827673,-0.061205253,0.013469027,0.031105518,0.017781487,-0.064038806,0.025063688,0.080311224,0.07988445,-0.03830994,-0.005630531,0.045257133,0.056423467,0.018408537,0.008834945,0.03790411,-0.01165535,0.047603983,0.024132608,-0.08418947,-0.041054957,-0.00950245,-0.018834472,0.04142171,0.07201495,0.054756314,-0.012030905,0.028306965,0.029534886,-0.013792841,-0.023379458,-0.017997103,-0.05241387,0.07523057,0.012483805,0.0317862,0.015982844,-0.010610017,-0.10101708,0.0029153202,0.006973659,-0.048158992,-0.03968926,-6.373426e-08,-0.017453276,0.015550863,-0.12062358,-0.031836204,-0.040546905,-0.059316926,-0.05448648,-0.013994121,0.0013533966,0.044717334,-0.049344096,0.00087320316,0.0069897035,0.091444485,-0.018704457,-0.006936542,0.004316372,0.006342086,-0.023591368,0.043638784,0.059129287,-0.012625333,-0.2043127,-0.05413396,0.06575658,-0.014343623,-0.034075867,0.035009105,-0.011738234,0.10815622,-0.0070462576,0.083054475,0.0626424,-0.09416859,-0.0134234205,-0.00071175443,0.07060473,0.014899972,-0.04669734,-0.034998108,-0.007406393,0.087630436,0.0075337803,0.014296922,-0.030743131,-0.06172776,0.07338833,0.05037984,0.011906473,0.002349004,-0.06536581,-0.0142787555,0.011244713,-0.1196199,-0.016135981,-0.010967842,0.09898562,0.04280814,-0.11858379,-0.06534949,0.08083273,0.021971157,0.041221045,0.024175188]",der Zusatzqualifikation ist durch eine ärztliche Bescheinigung und eine zertifizierte Kursteilnahme gegenüber der Kassenärztlichen Vereinigung zu führen. Die Auflösung des Beschäftigungsverhältnisses mit den angestellten nichtärztlichen Praxisassistenten ist der Kassenärztlichen Vereinigung anzuzeigen.,"{""source"":""/home/sigillus/Schreibtisch/educx/Projekt_KI/markdowns/Ebm26_KBV.md""}",ee274af2-39d9-4e61-ae5d-21b607a35ef4,4f05f5fc-cb7a-4683-97f7-f0bc331137cc
f39acabc-6b7e-4952-898d-9988b3067daa,"[-0.049285136,-0.0618449,-0.05496236,0.0151486965,-0.04958668,0.055954028,0.07039508,0.14326717,-0.022850024,0.029185101,0.034490217,-0.0036965904,0.021526642,0.056577634,-0.045564447,-0.049760543,-0.013978848,-0.0100436,-0.07856002,0.106680036,0.027143331,-0.012460936,0.0715221,0.04664198,0.0022417738,0.033274226,-0.05910607,-0.0726646,0.026898876,-0.0042452323,-0.009817006,0.0057088183,0.0050146054,-0.024481665,0.04862929,0.05597699,0.002767954,0.0013210758,0.0073154103,0.10618491,0.0027814955,0.042776335,-0.15008147,0.006236157,-0.025499193,-0.050027467,-0.028155064,0.016195448,-0.04236247,0.051607464,-0.08083209,-0.098569,0.013548935,0.002649734,-0.014706473,-0.12949678,-0.12984854,-0.13732608,-0.06956321,0.083241604,-0.08440191,-0.036512777,0.040339176,0.048430096,0.016137067,0.03481947,-0.004694692,-0.06381238,-0.018460363,0.017057337,0.0062575247,-0.06205012,0.016802642,-0.008491665,0.026016727,-0.030067675,-0.029515356,0.018335057,-0.08851157,-0.14330252,0.068017066,-0.001776801,0.047578983,0.0145386765,-0.025398996,-0.07607118,-0.010136947,0.061527997,-0.0041450975,0.0028563493,0.025356144,0.09219312,-0.037322402,-0.0807418,0.040790584,-0.015046796,-0.03501969,-0.0028278404,0.03561121,0.032778192,0.02880577,-0.045913506,-0.06841458,-0.031277448,0.025129313,-0.016947001,-0.038854424,-0.06946321,-0.05691217,-0.014669404,-0.02714498,-0.018779606,-0.03213028,-0.053251635,0.0077823657,-0.00524286,0.09410686,-0.04746245,0.023470571,0.020325175,-0.045949813,-0.042383865,0.14636049,-0.08902382,-0.03686318,0.041575383,0.0175012,1.3211867e-32,-0.04724154,-0.05553007,-0.016359074,0.03355489,-0.03560619,0.062253617,0.0020634804,-0.033765506,0.053672135,-0.0042233253,0.0033262253,0.0032747344,-0.0036986927,-0.008176431,0.053788543,0.008455265,0.029264139,0.011102854,0.005129291,-0.052704997,-0.006540709,0.02473231,0.014109883,0.060208082,0.0035919638,0.11775065,-0.093105055,0.04441827,0.11099802,-0.02331703,0.047914598,0.00038500188,-0.026285054,-0.044071622,-0.05309794,0.0077067195,-0.039164532,-0.05622487,0.025326401,-0.06256966,-0.045496978,-0.037953988,-0.0019705724,-0.10470112,0.08493393,0.019825459,-0.06413568,-0.050222777,0.04665972,-0.0056362054,0.047170293,-0.002159958,0.12382855,-0.047726016,-0.08131477,0.050101865,-0.07378732,0.055246953,-0.0108700935,0.0255542,-0.04299109,-0.03819507,0.002880816,-0.10540621,0.031699013,0.07672568,0.020609898,0.04203596,-0.015838066,-0.0077534528,-0.06817554,-0.00036781383,0.003627929,0.054594286,0.09141595,0.021035135,0.0011133829,0.004218374,-0.020059247,0.022537874,-0.049026035,-0.047178127,-0.049294975,0.10673749,-0.08068651,-0.044374283,0.06490142,-0.06410266,0.03885381,0.060407724,0.05224321,0.05541982,-0.09023695,0.02116764,0.01963459,-1.6263648e-32,0.045978885,0.045012016,-0.049660068,0.034903176,-0.0009774438,-0.0036721611,0.0060264706,0.100280665,-0.07100516,-0.07627315,0.053467225,-0.019508334,-0.059894178,-0.028550012,-0.07536641,0.0967808,-0.015855744,0.09832191,0.012379296,-0.06463563,0.06786573,-0.030210225,-0.0011120046,0.09677683,0.05806819,0.055404417,0.0155515475,-0.07174415,0.040634084,-0.027357943,0.02689503,0.037711754,-0.0049349004,-0.030007873,-0.03850535,-0.08601601,0.034059875,0.0033040508,-0.03219137,0.03158611,0.023652848,0.04630136,0.04702379,-0.059467908,0.033092,-0.033164583,-0.0031298564,-0.082919076,-0.0007763306,-0.003714099,0.059827987,-0.019296609,-0.0845902,-0.043826137,-0.053369217,-0.00037569008,0.03827762,-0.11595684,-0.034405123,-0.013692385,0.004883954,0.0012968528,0.013234101,-0.007172197,0.045237165,-0.013888478,-0.05816478,0.017311303,-0.042495895,0.0009726621,0.0048807105,-0.069089554,0.054195017,-0.030765831,0.02832098,0.012335104,-0.0074778153,-0.05436577,-0.04348694,-0.031907786,-0.032949615,-0.043298215,-0.047834076,0.04138297,-0.04494265,-0.012871677,0.12066863,-0.08058571,-0.016472675,-0.034639686,0.020438537,0.021641087,0.019838464,0.07125733,-0.020270554,-6.4717945e-08,0.07419358,-0.094816945,0.018160962,-0.06958467,0.040204164,0.017406737,-0.030232478,0.027427442,-0.050454862,0.0815961,0.036696035,0.061790507,-0.08317381,0.017487653,-0.06143428,-0.038407743,-0.008786286,-0.0397199,-0.023341157,-0.07331537,-0.027938006,-0.044490334,-0.039638974,-0.04936942,0.0584727,-0.03283009,-0.051024362,0.025558488,-0.02779394,-0.0422333,0.035902828,0.049253285,0.027682066,-0.04240747,-0.06627117,-0.008328394,0.02991348,-0.060279086,-0.043212175,0.065790415,0.0102163935,-0.02418263,-0.04243407,0.013277899,0.027625993,-0.06263103,-0.07203952,0.10468367,0.050648347,0.01583508,-0.06395822,0.021368885,-0.010525302,-0.021991093,-0.0044845315,-0.023371631,0.01758373,0.027327126,0.0457418,-0.05722698,0.04830899,-0.02165462,0.083144575,0.008022478]","(4); 3Kostenberechnung bezogen auf die Tagesdosis der FI anhand des kostengünstigsten Präparates einschließlich Import; gesetzliche

Pflichtrabatte der Apotheken und pharmazeutischen Unternehmen wurden berücksichtigt; 4die dargestellte Behandlungsdauer von 7

Tagen kann in Abhängigkeit des Schweregrades der Erkrankung über- oder unterschritten werden; 5bei der Wahl der dargestellten

Behandlungsdauer von 7 Tagen wurde nicht berücksichtigt, dass mit einigen Wirkstoffen eine kürzere Therapiedauer bei

unkomplizierten HWI ausreichend ist, dies kann zu niedrigeren Behandlungskosten führen; 6nur für Frauen zugelassen; 7einmalige

Gabe; 8Zystitis: nur für Frauen zugelassen; 9Kosten für 3 Tage.

Neben den dargestellten oralen, festen Darreichungsformen/Wirkstärken stehen noch weitere orale Darreichungsformen/Wirkstärken zur

Verfügung. Weitere Angaben zu Dosierungen und Anwendungsgebieten sind den Fachinformationen zu entnehmen.","{""source"":""/home/sigillus/Schreibtisch/educx/Projekt_KI/markdowns/Antibiotika_Harnwege.md""}",0248069f-31e9-4f5f-8bec-9d97fa365899,4c2cbe1f-6697-46b8-99cb-d41d1fe46938
f39acabc-6b7e-4952-898d-9988b3067daa,"[-0.031110715,-0.025405625,-0.087830834,-0.094741456,0.011394525,0.027127143,0.042841874,0.20051214,0.038367067,0.031464767,0.036920056,-0.03926558,0.13942069,0.022235593,-0.12766552,-0.01576904,0.029691316,0.017397758,-0.037098322,-0.011913059,0.014546966,0.0334284,0.05288271,0.016208468,-0.05802859,0.0503004,-0.055232685,0.023937425,-0.053344004,-0.041818753,0.04980192,0.04226992,0.06815243,-0.045026112,0.06190062,0.02101729,-0.11064252,-0.02153633,0.085612245,0.0027591134,-0.021989513,-0.021185918,-0.0070041106,0.008872686,0.030042075,-0.049011078,-0.06622092,0.034578852,0.05904979,0.12163939,-0.017677383,0.035159983,-0.015145699,0.124555804,-0.009302923,-0.11777221,-0.059481304,-0.048184723,-0.020223131,0.061897993,-0.07334641,-0.08269969,0.04864008,-0.01782594,-0.111614265,0.04211748,-0.019308694,-0.06937377,0.023758488,0.011335726,-0.06567892,0.05654699,0.10047614,0.07631547,-0.02418641,0.042913403,0.039853726,-0.012337254,-0.04997312,-0.08789666,0.0047118445,-0.012249875,0.11616207,0.082732484,0.0011079172,-0.0036567242,-0.0065518073,0.049918626,0.06913926,0.09043372,0.09197208,0.10204394,-0.018774046,-0.060513247,-0.027150307,-0.018923476,-0.096562535,-0.028830335,-0.010087387,0.0062640915,-0.042478796,-0.062344957,-0.020071404,-0.11244114,-0.08883989,-0.021973198,0.0045865187,-0.056265466,0.045893203,-0.03723357,-0.05359003,0.0028501472,-0.008066014,-0.045991715,-0.040262528,-0.007940574,0.0947959,-0.07152914,0.027153064,-0.036591582,0.029956158,-0.025241273,0.062338307,-0.0257632,-0.045907073,-0.016957514,0.024911998,1.800131e-32,-0.088328406,0.046828665,0.0068308455,0.042358916,0.022765284,0.021388697,0.013417036,-0.011743414,0.010364243,-0.0711631,-0.15351379,0.006794719,-0.009146632,0.03474637,-0.005420785,0.011914156,0.08519852,-0.030327857,-0.007971854,-0.05277917,0.04204648,0.06411312,-0.02699008,-0.004280915,0.007566751,0.1190789,-0.053345148,0.021641523,0.042251375,-0.030446,0.008816447,0.016729709,-0.0056351926,-0.04457377,-0.029355727,0.008770495,-0.05612869,-0.014960004,0.037651706,0.020926554,-0.046962954,0.019546136,-0.036191717,0.029944472,0.048612766,-0.027227836,-0.048406202,0.05690118,0.062086415,0.069966175,0.018502094,-0.03440556,0.017014937,-0.0045046806,-0.09243988,0.02875624,-0.08836922,-0.023731768,0.07301645,0.059843577,-0.025154442,0.049122337,-0.022226794,-0.03980811,0.02002564,-0.05161111,-0.01171709,-0.00921194,-0.07883951,-0.007934724,-0.008404032,-0.0070635625,0.025058093,0.012507204,0.044996284,0.023555342,0.021834582,-0.024878973,-0.009210493,0.018911652,-0.06157642,-0.020672629,3.201247e-05,0.036199115,-0.076135665,0.028466046,-0.021235907,-0.0060102507,0.015536032,0.035058796,0.046830166,-0.11038298,-0.11441911,0.017999785,-0.04571695,-1.6554527e-32,0.04717772,0.0097345505,0.006004678,-0.0062966566,0.038093764,0.06909071,0.031009769,0.024051912,0.113797456,-0.03694512,0.059485465,0.003780918,-0.06635086,-0.0008004834,-0.06793113,0.054705504,0.038028046,0.07438487,-0.05519272,0.010504332,-0.034165367,0.017062401,-0.004851913,0.088436425,0.027926901,0.08103149,0.07122603,-9.016346e-05,0.054197658,0.0701845,0.039745394,-0.014904646,-0.030960757,0.019130452,0.02971975,-0.015103108,0.041092727,-0.077511705,-0.017250124,-0.029020978,-0.0067720804,0.017191729,-0.050047074,-0.008358557,0.014180289,0.035433568,-0.04721943,0.015097647,0.030440127,-0.020165572,-0.02119072,0.118018165,-0.02786719,-0.006992963,0.015677439,-0.022418298,0.01033997,-0.019195024,-0.00016288825,-0.037406784,0.013365563,-0.0066249436,-0.012468704,-0.01895004,0.043834392,0.065616,0.03674952,0.0470662,0.039848763,-0.06401358,-0.020136068,0.014641288,-0.0013043814,-0.11649892,-0.0071195546,0.020796377,0.01326354,-0.03366466,0.04180831,0.051058814,0.056800943,-0.050287258,-0.022469867,-0.015400999,-0.04390976,0.012098643,0.011208378,0.021924661,0.023052271,-0.005881644,0.023374485,0.031632576,0.010745847,0.03138477,0.041540492,-6.55634e-08,0.079398505,-0.03457328,0.025482552,-0.0631576,0.014956103,0.008293549,-0.032723173,-0.019060353,-0.024038685,-0.035945173,-0.0006111768,0.12457059,-0.083902575,-0.05926,-0.060954217,-0.022800317,-0.048186563,0.038387798,0.00689076,0.056737173,-0.09711783,-0.0094202785,-0.05630676,-0.078129955,0.03204174,-0.06811706,0.018462075,-0.08173601,0.04246174,0.03837689,-0.03354957,-0.040935192,-0.02413051,-0.08045241,0.007969583,-0.007572666,-0.052455552,0.009860037,0.056513727,0.016067194,-0.0197525,-0.05770459,-0.02866415,0.003866791,0.0021582604,-0.018438753,-0.01922335,-0.0013759977,-0.015435182,-0.10583395,-0.028593943,0.062255118,-0.045109488,-0.04672104,-0.102755465,0.028547518,0.0042045466,-0.06380621,-0.0105629675,-0.07530672,-0.078137666,-0.110215046,0.11480535,0.075983495]","Die Kostendarstellung erhebt keinen Anspruch auf Vollständigkeit.

Kosten – Erwachsene und Jugendliche (> 12 Jahre)

Antibiotika

Wirkstoff Präparat DDD 1 Dosis pro Tag 2 Kosten für 7 Tage

[€] 3,4,5

Folsäureantagonisten

Trimethoprim Infectotrimet ® 150 mg, 200 mg

Tabletten 0,4 g 0,3 – 0,4 g 17,84 – 19,54

Fluorchinolone

Ciprofloxacin Generikum 250 mg, 500 mg

Filmtabletten 1 g 0,5 – 1 g 11,15 – 12,94

Levofloxacin Generikum 250 mg, 500 mg

Filmtabletten 0,5 g 0,25 – 0,5 g 11,22 – 12,19

Norfloxacin Generikum 400 mg

Filmtabletten 0,8 g 0,8 g 15,40

Phosphonsäurederivate

Fosfomycin-

Trometamol 6

Generikum 3 g

Granulat zur Herstellung einer

Lösung zum Einnehmen

3 g 3 g 14,02 7

Nitrofuran

Nitrofurantoin 8

Generikum 100 mg

retard Hartkapseln/

überzogene Tabletten

0,2 g 0,2 – 0,4 g 11,19 – 14,14

8-Hydroxychinolinderivat

Nitroxolin Generikum 150 mg, 250 mg

Weichkapseln 1 g 0,45 – 0,75 g 0,45 g: 25,35

0,75 g: 24,24

Cephalosporine

Gruppe 2

Cefuroxim Generikum 250 mg","{""source"":""/home/sigillus/Schreibtisch/educx/Projekt_KI/markdowns/Antibiotika_Harnwege.md""}",ec094bb4-201a-44f5-b5ff-a61f14a71a4b,2a469d0e-8335-4692-913a-5977eeb47dd5
f39acabc-6b7e-4952-898d-9988b3067daa,"[-0.0038923172,-0.029670093,-0.0067779683,-0.08800444,-0.0040977723,-9.834191e-05,0.024452856,0.20632719,0.023501383,-0.049854264,-0.009526508,-0.04005872,0.06190891,0.11119921,-0.16438977,-0.06494793,0.016521156,0.029290922,-0.037664242,-0.02151772,0.09535491,0.05554051,0.017825251,-0.0348278,-0.08443701,0.0028855721,0.006879066,-0.0052097957,-0.022638671,-0.05382851,0.050349973,0.029009037,-0.007457892,-0.028633548,0.0885573,0.0056226077,-0.09816755,-0.068907976,0.038367655,-0.055793744,0.030337054,-0.016904607,-0.022754664,-0.008613512,0.035990164,0.048952647,-0.03195413,-0.022236614,0.0031651335,0.11084418,0.034668274,-0.0075684506,0.0077924067,0.13137236,-0.0032800084,-0.079697214,-0.09141855,-0.0617621,0.012556753,-0.0066066724,-0.110560566,0.0019544975,0.041459605,-0.044502504,-0.026571995,0.032154817,0.012728942,-0.11752841,0.0350204,-0.027715247,-0.018274397,0.022746466,0.06407804,0.08041037,-0.10031888,-0.011699135,0.028252102,-0.06907459,-0.02337525,-0.042852696,-0.005154455,-0.00014680612,0.063105136,0.046437956,0.084841385,-0.017153982,0.063979685,0.085579686,-0.008441088,0.0780727,0.0707743,0.09902442,-0.029277457,0.054387406,0.056116544,-0.03561943,-0.04409832,-0.049771685,-0.053610586,-0.061235595,-0.016117603,0.07012934,0.036412556,-0.028820816,0.027014244,-0.045632146,0.09064757,0.06924535,-0.026283616,-0.03943237,-0.026242046,0.048027407,0.045556396,-0.027431505,-0.010534792,0.05574928,0.039864868,0.04061439,0.0003568877,-0.011551547,-0.0020121934,0.004011761,2.2279393e-05,-0.041899618,-0.09134348,0.0061714333,0.038962517,9.228345e-33,-0.060023975,-0.0032791418,-0.03263486,0.014475327,-0.02964705,0.056428894,0.02634067,0.01130472,0.0046457644,-0.10617227,-0.08652296,-0.016055988,-0.033772383,-0.0016089372,-0.12567662,0.013934953,0.031564306,-0.00946775,-0.0350249,-0.0720462,0.05383357,0.044586647,0.05356311,-0.046890885,0.054948617,0.06324175,-0.06650085,0.052711517,0.024604408,-0.021200445,-0.016295064,-0.061054908,0.023776283,-0.02062855,-0.017588867,0.039786413,-0.008965031,-0.061241787,-0.015026951,0.07842865,-0.03585432,0.077941276,0.030678058,0.0106011545,0.030237218,-0.058380593,-0.06822523,-0.016978959,-0.019810416,0.049842864,0.030579738,-0.007447455,-0.06249829,-0.04796541,-0.088303775,-0.07463516,-0.052654907,-0.10365198,-0.0025635085,-1.891875e-05,0.049820952,0.11415271,-0.025340812,-0.005353976,0.05937067,-0.033583675,-0.082813084,0.010979591,-0.0578837,0.019310018,-0.059295632,-0.07897995,0.09745578,0.024907323,0.07233258,-0.021502983,0.027633278,-0.043853365,-0.025974438,-0.049878255,0.005845886,0.012099921,0.020140829,0.029088309,-0.037504558,0.010856091,-0.006180479,0.041490465,-0.03424677,-0.030254597,0.05000387,-0.08119248,-0.056960743,0.039064225,-0.10220716,-9.0247e-33,0.06949748,0.06322686,0.04556156,-0.0053085783,0.08626918,0.037406877,0.05484868,0.013955587,0.10008659,0.010291447,0.029842235,-0.017333146,-0.012774376,-0.06251685,-0.02959145,0.09489651,0.024253264,0.030644417,-0.09476685,0.0026071868,0.0013881526,0.06384317,-0.0077681025,0.063747466,0.0062331357,0.03956475,0.06534688,-0.10589436,-0.008342317,0.033821147,0.059856605,-0.0030563583,-0.0066900877,0.063851565,-0.00085619045,0.02352035,0.05553876,-0.047600806,-0.059745647,-0.02513604,-0.0020994265,0.007086187,-0.01049257,0.07948032,-0.0064321416,0.06550341,0.07210166,-0.015438008,-0.00420932,0.07014082,-0.055023126,0.0089895725,-0.026836323,0.0019817313,0.07357733,-0.038939223,-0.034305956,-0.0061847162,-0.08586603,0.029346379,0.07304866,0.05558016,-0.027186304,-0.11776298,0.04774028,0.06761642,-0.028349804,0.056335013,0.07374974,-0.023878094,0.014132995,-0.06963793,-0.03190317,-0.13526875,-0.011357986,0.0062659034,-0.025163805,-0.03217697,0.040544946,-0.047480837,0.036122,-0.020387683,0.029107919,0.03154163,0.042948164,-0.03598792,0.012360404,0.009476008,0.0145497285,-0.004147868,-0.016306054,0.029646985,0.006718207,0.009302297,0.10479345,-5.5271393e-08,0.010878563,0.034983665,-0.044702634,0.0040407553,0.006203625,-0.033401366,-0.026672771,0.004095114,0.021444365,0.008019213,-0.015757784,0.028664162,-0.02449342,-0.049742278,-0.020538583,0.019454502,-0.09647652,0.0068748253,0.035751976,0.08504454,-0.06689638,-0.056106087,-0.046317555,0.0050605824,0.0094211865,-0.01782764,0.04808167,0.016556332,-0.08880241,0.06507883,0.03938007,-0.024375394,-0.036245465,-0.024644015,0.04301843,0.04812656,-0.018128172,0.027444264,0.007828742,0.06199405,0.003940196,-0.09000653,0.035495643,0.059869282,0.006756699,-0.008799898,-0.042549193,-0.048654146,-0.01792726,-0.03059203,0.077245735,-0.011398096,-0.033387132,-0.026281662,-0.039757285,0.062458273,-0.0049869507,-0.053002257,-0.023013176,-0.07803448,-0.002806383,-0.0810434,0.09307636,0.034758616]","0,75 g: 24,24

Cephalosporine

Gruppe 2

Cefuroxim Generikum 250 mg

Tabletten 0,5 g 0,5 g 14,00

Gruppe 3

Cefixim Generikum 400 mg

Filmtabletten 0,4 g 0,4 g 21,03

Cefpodoxim 8 Generikum 100 mg, 200 mg

Filmtabletten 0,4 g 0,2 – 0,4 g 19,78 – 24,42

Mecillinam

Pivmecillinam-

hydrochlorid

Pivmelam ® 200 mg, 400 mg

Filmtabletten 0,6 g 0,6 – 1,2 g 17,65 9 – 18,25 9

Pivmecillinam-

hydrochlorid

X-Systo ® 400 mg

Filmtabletten 0,6 g 1,2 g 18,77 91. National Institute for Health and Clinical Excellence: Urinary tract in -

fection in under 16s: diagnosis and management - Clinical Guideline

CG 54. Published date: August 2007. Last updated: September 2017:

http://www.nice.org.uk/CG54. Letzter Zugriff: 27. September 2017.

Deutsche Gesellschaft für Pädiatrische Infektiologie e.V . (DGPI) (Hrsg.):

Deutsche Gesellscha ft für Pädiatrische Infektiologie (Hrsg.), Handbuch

Infektionen bei Kinde rn und Jugendlichen . 6. Auflage; Stuttgart: Georg

Thieme Verlag KG, 2013.","{""source"":""/home/sigillus/Schreibtisch/educx/Projekt_KI/markdowns/Antibiotika_Harnwege.md""}",66888edc-c929-4e9d-a79a-73eac3897ced,1eddc9ce-1835-4be1-a900-a55f61f666c3
f39acabc-6b7e-4952-898d-9988b3067daa,"[-0.0514889,0.020344103,-0.0053392556,-0.017985301,-0.088150844,-0.053113945,-0.048794437,0.14793627,-0.01990078,-0.021648305,0.00028353464,0.012649415,0.02575197,0.101537265,-0.08718066,-0.044728052,-0.036188956,0.05037474,0.0051492387,-0.033457454,0.0684639,0.026741348,0.041273747,-0.09862215,-0.011059539,-0.11358181,-0.052721944,0.009932266,0.010771098,-0.03504119,-0.029862296,0.018297117,-0.05485399,-0.05486883,0.0036762054,0.024918769,-0.022085233,-0.036651272,0.063940264,0.019952498,0.018948693,-0.035483148,-0.030328432,-0.065385506,0.04005986,0.054868225,-0.0515341,0.011753392,-0.082092315,0.09188374,-0.044696216,0.03581625,0.036375925,0.0962297,-0.022071144,-0.113847,-0.06832146,-0.06340618,-0.04643707,-0.047426604,-0.021465639,-0.04449928,0.060731523,-0.0668531,-0.08013431,-0.02272615,-0.036911145,-0.035967458,0.09700103,-0.034225427,-0.050224934,-0.051025733,-0.020764448,0.13657245,-0.00017408695,0.010094889,0.023852484,0.011793644,0.0021468105,-0.037812386,0.046098515,0.016003726,0.11476664,0.02284076,0.032258973,-0.05440176,0.010225619,0.034540027,-0.06998287,0.022843534,0.15377466,0.07755267,-0.028173426,-0.026328234,0.1018498,-0.06359777,-0.029967578,0.013959026,-0.03939591,0.014866484,-0.074191816,-0.11348702,0.04404899,0.019890957,0.0326751,-0.06067772,0.021546911,-0.023537027,0.038965017,-0.030076524,0.02605043,-0.011440682,0.02651521,-0.0925493,-0.035483446,-0.019208936,-0.011145421,-0.031288914,0.038292084,-0.01629825,-0.053596627,-0.04249331,0.013120246,-0.07106502,0.0152386725,0.045100946,0.03776711,1.1523917e-32,-0.028351836,0.053451955,-0.0012846987,-0.005011405,0.012279398,0.039367713,0.040525813,-0.033103038,0.08156071,-0.1498784,-0.034699228,0.092199214,-0.005416342,-0.040378205,-0.09985272,0.04478979,0.015864562,0.05646895,-0.03418791,-0.044359352,0.07053966,-2.4292684e-05,0.027608467,-0.012324346,0.04439302,-0.023552287,-0.0138415005,-0.022091603,-0.027972456,-0.007913215,0.031804826,-0.022534678,0.024890827,-0.095747046,-0.0030485224,0.00097175065,0.0676314,0.0062115937,-0.07799216,-0.0904161,-0.06401809,0.025841044,0.021629333,0.012884451,0.015256823,-0.028523313,-0.037611756,-0.10208991,-0.024824036,0.05692885,-0.047010664,-0.02263724,0.03728926,-0.07118237,-0.027576081,-0.027507853,-0.011238162,-0.037203267,-0.007657599,0.0080922805,0.07177744,0.05236848,0.017242325,-0.008259412,-0.032570057,-0.08105629,0.00030549578,-0.0012582885,-0.0254361,0.001134184,-0.06949071,0.020917727,0.0002463582,-0.019885406,-0.015634703,-0.039620765,-0.053852465,-0.045156263,-0.013981494,-0.06079371,-0.034687478,-0.0087828785,0.0648285,0.05284406,0.03297384,0.013229744,-0.029248234,0.051863384,-0.010082845,-0.049862854,0.07877761,0.091382265,-0.09984023,0.1043033,-0.020191379,-1.3653734e-32,0.12833287,0.023951149,0.04312941,0.01322445,0.041321505,0.08985448,0.05062762,0.07260207,0.07704092,0.035812795,0.077037014,-0.029787436,0.023755284,-0.05376591,-0.053133946,0.032101918,-0.0390193,0.0057627363,-0.032960482,0.05728117,-0.048629466,-0.061758082,-0.03072314,0.039712876,-0.04363463,0.0078127,0.077138916,-0.12569721,-0.0565138,-0.07432688,0.06286898,0.0027027626,-0.036293462,-0.034393586,0.02097511,0.018728638,0.06777341,-0.050646078,-0.018569097,-0.01538059,0.1104897,-0.032169618,-0.06808533,-0.0060922853,0.024199616,0.06624935,-0.028250128,-0.019371351,0.019822713,-0.019822512,0.02506761,0.02453974,0.043508302,0.005888096,-0.021779347,-0.07320501,-0.035648823,-0.026544727,-0.16173513,0.10759668,0.051852092,0.012835426,-0.035344668,-0.035784077,0.021782095,-0.0009792187,-0.05998946,0.01806641,0.0627272,-0.034342654,-0.08253479,-0.08315025,-0.07063935,-0.089058794,0.024213836,-0.053163897,-0.0053949673,-0.06444808,7.493175e-05,-0.006991064,-0.024724329,-0.048457716,0.013137406,0.03729453,0.025034117,0.0074837706,0.044763494,-0.028397294,-0.019424256,0.052607313,-0.013991171,-0.0076547526,-0.10584394,0.035418566,0.005140516,-7.5131204e-08,-0.0042083138,0.012905251,0.02864043,-0.01056605,-0.009758459,-0.025993865,-0.04079386,0.106020264,0.040895153,0.11484646,-0.034687147,0.054216605,-0.025631232,-0.002808155,0.08963367,-0.036502708,-0.020025978,0.027329396,0.009113873,0.0010276468,0.0009423672,-0.09115591,-0.034661666,0.013549263,0.115378685,-0.008626581,-0.008468379,0.0015136488,-0.049798414,0.00840841,0.019377783,0.0034446046,0.015346482,0.027851846,-0.008780755,0.051494848,0.0071745045,-0.015441961,0.024605535,0.06356667,0.03930515,-0.016151907,0.027596315,-0.015832718,-0.028677339,0.00076191744,-0.0036918914,0.019156592,-0.041446127,-0.10626158,0.052219372,0.008704499,0.011912844,0.034610752,-0.022198321,0.11089729,0.039116655,-0.030919138,0.06361225,0.007975487,0.102936216,-0.04606968,-0.0019938934,0.04025931]","Infektionen bei Kinde rn und Jugendlichen . 6. Auflage; Stuttgart: Georg

Thieme Verlag KG, 2013.

European Association of Urology: Guidelines on Urological Infec -

tions 2015: http://uroweb.org/wp-content/uploads/EAU-Guidelines-

Urological-Infections-v2.pdf. Letzter Zugriff: 27. September 2017.

Arbeitsgemeinschaft der Wissenschaftlichen Medizinischen Fachge -

sellschaften: Interdisziplinäre S-3 Leitlinie Harnwegsinfektionen: Epi -

demiologie, Diagnos tik, Therapie und Management unkomplizierter ,

bakterieller , ambulant erworbener Harnwegsinfektionen bei erwach -

senen Patienten: http://www.awmf.org/leitlinien/detail/ll/043-044.html.

AWMF-Leitlinien-Register Nr 043/044; Stand: April 2017. Letzter Zugrif f:

September 2017.

Stein R, Dogan HS, Hoebeke P et al.: Urinary tract infections in children:

EAU/ESPU guidelines. Eur Urol 2015; 67: 546-558.

Apogepha Arzneimittel GmbH: Fachinformation ""Pivmelam ® 200 mg/400 mg

Filmtabletten"". Stand: September 2017.","{""source"":""/home/sigillus/Schreibtisch/educx/Projekt_KI/markdowns/Antibiotika_Harnwege.md""}",fd602bad-4521-4f9b-a58e-617402515a60,353c23a3-b5c7-4016-be3c-e57e443f9e2a
f39acabc-6b7e-4952-898d-9988b3067daa,"[-0.04672064,0.003468619,-0.044457212,-0.024497516,0.041127987,0.020077426,-0.08138089,0.22685416,0.07008563,-0.039332952,-0.028112588,-0.023701308,0.037328597,0.0709798,-0.11417564,-0.022767693,0.032704897,-0.046193633,-0.007117691,0.047114085,0.014846131,0.021284755,0.08614378,0.023919916,-0.07849676,0.0010429865,-0.03063398,-0.010217598,0.014055624,-0.001707864,0.080770716,0.09019944,0.10055506,-0.09050152,-0.0301284,0.033306535,0.01155689,-0.036076818,0.06389434,0.023031943,0.034117702,-0.05046762,-0.013091745,-0.02675405,0.037841942,0.026159182,-0.005981195,-0.005330178,0.042485956,0.059391234,-0.021092009,-0.10441489,0.021538224,0.13591322,0.017916922,-0.03223601,-0.09625167,-0.092536405,0.020228487,0.008896261,-0.06991202,0.0047745933,-0.044410247,-0.014507387,-0.091391206,0.046626586,-0.004227612,-0.041129928,0.06539062,0.09914961,-0.0242685,-0.014181312,0.07110996,0.08181864,-0.018016884,0.034773163,0.032903753,-0.06835865,0.00448746,-0.06471599,-0.010502046,0.045915402,0.08841618,0.010595947,0.03243128,-0.06015163,0.062076714,0.05006752,0.028128788,0.026986046,0.06487724,0.10450635,0.07599417,0.040043723,-0.029387172,-0.017593931,-0.08691849,0.030506019,-0.012512713,-0.026759285,0.027925042,-0.028808266,0.025611049,-0.066197954,-0.09890047,-0.052528996,0.020951668,-0.013492741,0.008454197,0.022671923,-0.02096481,0.0030023204,0.0029793826,-0.032035403,-0.046987608,0.022589993,0.08517692,-0.1291073,0.009854219,0.008216065,0.031424522,-0.058559813,0.023128403,-0.057494815,0.063404374,0.034212913,-0.017769096,5.5849588e-33,-0.033157524,-0.0029723912,-9.7879216e-05,0.012940223,-0.010169286,0.0343904,-0.034209903,-0.06761269,0.058877546,-0.05964741,-0.066738136,-0.0023756062,-0.028711822,-0.002487765,-0.10446691,-0.009865496,-0.0002928978,0.004551974,0.020415738,-0.009466402,0.07744505,-0.021463733,-0.021603312,-0.035084028,0.003586281,0.08938045,-0.028222248,6.671116e-05,0.055758927,0.0012517872,0.024685495,-0.043900587,-0.022005495,-0.07494353,-0.04147804,0.03235923,-0.05673997,-0.036642857,-0.05910004,-0.01690458,-0.03723679,0.016519086,-0.01373748,0.0460016,0.105326,-0.011578922,-0.12512474,0.0315236,0.03651162,-0.021218216,0.035329055,-0.037098978,-0.05117418,0.017093994,-0.032375205,0.041895375,-0.031245241,-0.020559376,0.0317475,-0.05344057,0.062583506,0.0218026,0.00601792,0.05198651,0.02838927,-0.022222951,-0.029505806,0.037747182,-0.09528743,0.06293174,-0.027144207,-0.022669692,-0.029500466,0.07317109,-0.00070804864,-0.04888585,0.026027175,0.04462674,0.06527971,0.06539053,-0.067462504,-0.03128138,-0.013205267,0.04569367,-0.071300395,0.028388746,0.022314817,0.066100456,0.008453358,-0.020966195,0.05735934,-0.100428656,-0.058955263,0.10364477,-0.10894077,-5.7641897e-33,0.063672565,0.04182432,0.025195494,0.016303798,0.014477711,0.084620245,0.0657196,0.0067019113,0.11056898,-0.017900903,0.06346007,-0.04286279,0.03681541,-0.00989487,-0.017840356,0.026630156,-0.013614708,-0.042864192,-0.11804237,-0.036480125,-0.090714246,-0.012861575,-0.08664599,0.056162212,-0.012442603,0.058836356,-0.00038701648,0.017294073,-0.00941069,0.021160085,-0.02951995,-0.0115172835,-0.06256586,-0.08667056,-0.0382679,0.019277362,0.021449897,-0.03843266,-0.058008727,-0.028931689,0.03418501,0.0012478804,-0.07385073,0.07539521,-0.037139025,0.04833917,-0.0251294,-0.023264756,0.064950846,0.006057244,-0.038228177,0.03492576,0.022942951,-0.01773929,0.016172484,0.025341041,0.040834285,-0.02665314,-0.01377861,-0.02512597,0.021603027,-0.033583567,-0.02809448,-0.047876418,0.023370266,0.058425605,0.0027677605,0.12923774,0.103528194,-0.008832204,0.019269286,0.030401742,-0.004547085,-0.076999046,-0.031525806,0.04255355,0.006657832,-0.069736145,0.015778616,0.0062258644,-0.009912539,-0.08766096,-0.06746056,0.042925064,-0.07061053,-0.019892871,0.053412672,-0.0020288704,0.008703533,0.015040665,-0.0818962,-0.025504835,-0.10937816,0.07481041,0.014751734,-5.8019747e-08,0.0058215186,-0.022378515,0.040456694,0.032831337,0.0148884645,-0.05191154,-0.07776712,0.015038426,-0.053646382,0.10377303,0.0100451745,0.115588196,-0.029516846,-0.033465702,-0.035313997,-0.009811757,0.004914055,0.028959213,-0.013018732,-0.06757414,-0.078905776,-0.014559434,0.0059914384,-0.039979998,0.03755564,-0.023612928,0.02148746,0.0966882,-0.034129895,-0.06315158,-0.024031403,0.028622681,0.019083682,0.025161076,-0.025709087,0.03233228,-0.049212426,0.014719217,0.026315518,0.038520876,0.031109441,0.009856277,-0.025694279,0.038527478,-0.07396692,-0.0026126036,-0.03091531,0.061192773,-0.014443846,-0.08358091,0.048253555,-0.011967291,0.04060595,0.05928526,-0.052628726,0.09750241,-0.024468083,-0.05136753,-0.017330026,-0.027571337,-0.027987646,-0.15108106,0.027432375,0.06318491]","Filmtabletten"". Stand: September 2017.

ratiopharm: Fachinformation ""Nitrofurantoin-ratiopharm ® 100 mg Re -

tardkapseln"". Stand: Oktober 2014.

Robert Koch-Institut: Antibiotika Resistenz Surveillance (ARS): https://

ars.rki.de/Content/Database/Introduction/RegionalQuery.aspx. Letzter

Zugrif f: 27. September 2017.

Zambon: Fachinformation ""Monuril 3000 mg Granulat"". Stand: März

Avoiding antibacterial overuse in primary care. Drug Ther Bull 2007;

45: 25-28.

European Center for Disease Prevention and Control (ECDC): Euro -

pean Antibiotic Awareness Day: Key messages for primary care prescri -

bers: http://antibiotic.ecdc.europa.eu/en/eaad/antibiotics-get-informed/

key-messages/Pages/primary-care-prescribers.aspx. Letzter Zugrif f:

September 2017.

European Center for Disease Prevention and Control (ECDC): Eu -

ropean Antibiotic Awareness Day: Key messages for hospital prescri -

bers: http://antibiotic.ecdc.europa.eu/en/eaad/antibiotics-get-informed/","{""source"":""/home/sigillus/Schreibtisch/educx/Projekt_KI/markdowns/Antibiotika_Harnwege.md""}",1f3342bc-8de4-4802-a750-6dcc450991f6,6e415600-2f61-4476-a054-9762fc2b7c59
f39acabc-6b7e-4952-898d-9988b3067daa,"[0.01617595,0.016473051,-0.017224887,-0.035470646,0.041458603,0.055062756,-0.08946069,0.18106063,0.05165043,0.0077897515,0.02289467,-0.043458052,0.0793037,0.11531209,-0.086383134,-0.040064737,-0.010948137,-0.016490376,-0.05355754,0.072452135,-0.019428046,0.04531945,0.088953815,0.04222909,-0.063437566,0.0066344123,-0.021743374,-0.039709568,-0.026184157,0.01403727,0.007265629,0.01873644,0.08302418,-0.052822746,0.008279383,-0.01566682,0.0007289368,-0.058432933,0.048609022,0.06468696,-0.018697938,-0.07380985,-0.029913535,-0.057184942,0.035747975,0.045625888,0.021142596,0.023792528,-0.034924995,0.06361222,-0.035699554,-0.022873687,0.07988818,0.01637577,0.029783146,-0.05114487,-0.053741317,-0.07623722,-0.041433215,-0.024927307,0.0040873615,-0.029993482,0.02376162,-0.023196066,-0.12060576,0.008644775,-0.017480772,0.0051584467,0.03339308,-0.0046629407,-0.02055357,-0.08689495,0.057999007,0.10505482,0.03394045,-0.03606837,0.057095204,-0.017775958,-0.03501693,-0.074272595,-0.0033995665,0.021677867,0.04544146,0.06975442,0.08229652,-0.08592364,0.09901251,0.021256011,0.0070343623,-0.00418893,0.09635175,0.025417322,-0.0067427773,0.016760102,0.03546729,-0.037155148,-0.07391539,0.023619583,-0.0007248667,-0.046792813,-0.042414755,-0.025863029,-0.06350006,-0.0272787,-0.048734225,-0.074301474,0.03167416,-0.04221044,0.023742467,-0.02153942,-0.027371475,0.016352411,-0.044256527,-0.061183922,-0.020513393,0.020088766,0.08064694,-0.113830015,0.049922694,0.02683364,0.06428247,-0.085400276,0.040032428,0.019269451,0.0895479,0.09376183,-0.027996814,5.7744823e-33,-0.047468577,0.0222603,0.030893218,0.026727702,0.05000552,-0.008444852,-0.030094432,-0.06857841,0.014453663,-0.07357783,-0.11459559,0.021635283,-0.021469181,0.038062025,-0.027217902,0.016414035,-0.006924352,-0.058605634,-0.052041076,0.019685457,0.097971536,-0.021008391,0.03455631,0.00024044559,0.017379219,0.030799797,0.018931255,0.047935147,0.086239,-0.01710622,0.0136364335,-0.06915537,-0.016103515,-0.06591641,-0.036584284,0.043088797,-0.08064257,0.013029043,-0.0017641258,0.015011439,-0.02606227,-0.01056078,-0.037172068,0.0008224824,0.13321726,-0.013627687,-0.13049504,-0.018805027,0.09013577,-0.04757259,0.05536896,-0.052114625,-0.026668156,-0.04762075,0.010276203,0.036869783,-0.04272613,0.07662578,0.03137282,0.0019316863,-0.01887695,0.008099317,-0.01582116,-0.014168169,-0.00070779544,0.025086598,-0.011781311,0.011292708,-0.07765781,-0.041670207,-0.063774064,-0.0071351477,0.025186071,0.016643338,-0.01799436,0.010591525,-0.036023133,0.048358753,0.12874527,0.038862076,-0.06478918,0.013072684,0.023552282,0.07101217,-0.06692723,-0.011241228,0.006560207,0.031539313,-0.025663974,-0.0002791836,0.0741277,-0.01968663,-0.035589404,0.04829924,-0.057861153,-8.945166e-33,0.06054732,0.06611709,-0.002533253,0.0068359966,0.006625448,0.12326431,-0.06317842,0.023784962,0.10708075,-0.0059876465,0.09428744,-0.00341068,-0.052849337,-0.042792276,-0.064974114,0.047148798,0.03644109,0.055463243,-0.10601692,-0.03817155,-0.04775192,-0.04533421,-0.006837683,-0.042598106,0.01770719,0.06822371,0.080246136,0.02839873,-0.034115136,-0.07515256,-0.023205733,0.032009877,-0.07911009,-0.036491506,-0.03489028,0.0606375,0.0038233085,-0.06171084,-0.02749665,0.015904542,0.014817251,-0.051739868,-0.04639087,0.031410176,0.019086882,0.044779666,-0.056009248,-0.06411025,0.055024303,-0.035562895,0.06368523,0.024006942,0.030178782,-0.014754445,0.011120106,-0.029192839,-0.04305699,-0.021111667,0.0034271954,0.020480929,-0.009434318,0.0006710853,-0.052001808,0.017488485,-0.054736096,-0.04122893,-0.04077124,0.0379366,0.09966761,-0.06992787,-0.00281799,0.029784879,-0.061041467,-0.11200821,-0.04888893,0.0029683742,-0.048446696,-0.053346604,-0.0068153106,0.021875538,-0.023606522,-0.084330924,-0.055673063,0.0042344653,-0.034243226,-0.026785709,0.040745344,-0.024855884,0.017594839,0.008088341,-0.07758611,-0.010055899,-0.06385232,0.037066933,0.053852715,-6.171386e-08,0.10059388,-0.024301525,0.0031236527,0.008783215,0.03933091,-0.07404849,-0.093822144,0.013560994,-0.0709001,0.096007824,0.008545164,0.1224087,-0.07705013,-0.06428018,0.019681636,-0.0230214,-0.0044275145,-0.018105904,0.014281315,0.0036895755,0.0029129344,-0.011433348,-0.042804323,-0.047937427,0.07186824,-0.051156245,0.013411734,-0.025673723,-0.04697702,-0.11150108,-0.017296508,0.010292961,-0.0052152723,0.039760333,-0.016613122,0.009440686,-0.030986415,-0.03396148,0.023679964,-0.0049109003,0.06439821,-0.032261148,-0.03166943,0.025948618,-0.036210984,0.024708075,-0.047049507,0.0054767723,-0.03496145,-0.09090672,0.0364783,0.042536743,0.060384423,0.06370782,-0.12049501,0.12483249,-0.00206693,-0.06515079,0.046408687,-0.06608625,0.0065576145,-0.09217256,0.03515649,0.109783545]","bers: http://antibiotic.ecdc.europa.eu/en/eaad/antibiotics-get-informed/

key-messages/Pages/hospital-prescribers.aspx. Letzter Zugrif f:

September 2017.

European Center for Disease Prevention and Control (ECDC): Euro -

pean Antibiotic Awareness Day: Factsheet for experts: http://antibiotic.

ecdc.europa.eu/en/eaad/antibiotics-get-informed/factsheets/Pages/

experts.aspx. Letzter Zugriff: 27. September 2017.

IQWiG (Institut für Qualität und Wirtschaftlichkeit im Gesundheits -

wesen): Merkblatt: Antibiotika richtig anwenden und Resistenzen

vermeiden: https://www.gesundheitsinformation.de/antibiotika-richtig-

anwenden-und-resistenzen.2321.de.html?part=meddrei-ci. Letzter Zugriff:

September 2017.

Bundesministerium für Gesundheit: DAR T: Deutsche Antibiotika-Resis -

tenzstrategie 2020. Berlin, Mai 2015.

Deutsche Gesellschaft für Allgemeinmedizin und Familienmedizin

(DEGAM): Brennen beim Wasserlassen – Leitlinie Nr . 1 – Patienteninfor -","{""source"":""/home/sigillus/Schreibtisch/educx/Projekt_KI/markdowns/Antibiotika_Harnwege.md""}",a127b51d-7d78-4be7-84fd-96f454681d7c,adee8a14-c616-468e-a67d-d1af50f354f4